TransactionID,Date,CustomerID,Product,Feedback
T1000,2024-08-02 11:28:00,CUST0302,Salsa,2
T1000,2024-08-02 11:28:00,CUST0302,Butter,2
T1000,2024-08-02 11:28:00,CUST0302,Milk,2
T1000,2024-08-02 11:28:00,CUST0302,Bread,2
T1000,2024-08-02 11:28:00,CUST0302,Oats,2
T1000,2024-08-02 11:28:00,CUST0302,Muffins,2
T1000,2024-08-02 11:28:00,CUST0302,Onions,2
T1000,2024-08-02 11:28:00,CUST0302,Bagels,2
T1000,2024-08-02 11:28:00,CUST0302,Apples,2
T1000,2024-08-02 11:28:00,CUST0302,Toothbrush,2
T1001,2024-07-02 21:22:00,CUST0310,Peanut Butter,2
T1001,2024-07-02 21:22:00,CUST0310,Baby Food,2
T1001,2024-07-02 21:22:00,CUST0310,Ground Beef,2
T1001,2024-07-02 21:22:00,CUST0310,Oats,2
T1001,2024-07-02 21:22:00,CUST0310,Diapers,2
T1001,2024-07-02 21:22:00,CUST0310,Flour,2
T1001,2024-07-02 21:22:00,CUST0310,Bottled Water,2
T1001,2024-07-02 21:22:00,CUST0310,Apples,2
T1002,2024-05-28 09:54:00,CUST0120,Milk,2
T1002,2024-05-28 09:54:00,CUST0120,Bread,2
T1002,2024-05-28 09:54:00,CUST0120,Cream,2
T1002,2024-05-28 09:54:00,CUST0120,Eggs,2
T1002,2024-05-28 09:54:00,CUST0120,Sausages,2
T1002,2024-05-28 09:54:00,CUST0120,Popcorn,2
T1002,2024-05-28 09:54:00,CUST0120,Cereal,2
T1003,2024-05-05 10:29:00,CUST0195,Chips,2
T1003,2024-05-05 10:29:00,CUST0195,Coffee,2
T1003,2024-05-05 10:29:00,CUST0195,Eggs,2
T1003,2024-05-05 10:29:00,CUST0195,Sugar,2
T1003,2024-05-05 10:29:00,CUST0195,Pasta Sauce,2
T1003,2024-05-05 10:29:00,CUST0195,Onions,2
T1004,2024-01-17 20:20:00,CUST0206,Energy Drink,2
T1004,2024-01-17 20:20:00,CUST0206,Onions,2
T1005,2024-03-11 16:31:00,CUST0047,Lemons,2
T1005,2024-03-11 16:31:00,CUST0047,Baby Wipes,2
T1005,2024-03-11 16:31:00,CUST0047,Lettuce,2
T1005,2024-03-11 16:31:00,CUST0047,Soda,2
T1005,2024-03-11 16:31:00,CUST0047,Toilet Paper,2
T1005,2024-03-11 16:31:00,CUST0047,Chips,2
T1005,2024-03-11 16:31:00,CUST0047,Toothbrush,2
T1005,2024-03-11 16:31:00,CUST0047,Shampoo,2
T1005,2024-03-11 16:31:00,CUST0047,Orange Juice,2
T1006,2024-01-02 19:56:00,CUST0369,  baby food ,2
T1006,2024-01-02 19:56:00,CUST0369,Cheese,2
T1006,2024-01-02 19:56:00,CUST0369,Avocado,2
T1006,2024-01-02 19:56:00, CUST0369 ,Chicken Breast,2
T1006,2024-01-02 19:56:00,CUST0369,Jam,2
T1006,2024-01-02 19:56:00,CUST0369,Beer,2
T1006,2024-01-02 19:56:00,CUST0369,Pasta Sauce,2
T1006,2024-01-02 19:56:00,CUST0369,Sausages,2
T1006,2024-01-02 19:56:00,CUST0369,Flour,2
T1006,2024-01-02 19:56:00,CUST0369,Bagels,2
T1006,2024-01-02 19:56:00,CUST0369,Tissues,2
T1007,2024-09-16 17:12:00,CUST0079,Fish Fillet,2
T1007,2024-09-16 17:12:00,CUST0079,Toothbrush,2
T1007,2024-09-16 17:12:00,CUST0079,Toothpaste,2
T1008,2024-09-07 08:07:00,CUST0186,Baby Wipes,2
T1008,2024-09-07 08:07:00,CUST0186,Rice,2
T1009,2024-02-05 20:34:00,CUST0393,Trash Bags,2
T1009,2024-02-05 20:34:00,CUST0393,Paper Towels,2
T1010,2024-02-02 13:01:00,CUST0302,Salsa,2
T1010,2024-02-02 13:01:00,CUST0302,Baby Food,2
T1010,2024-02-02 13:01:00,CUST0302,Pasta,2
T1010,2024-02-02 13:01:00,CUST0302,Cooking Oil,2
T1010,2024-02-02 13:01:00,CUST0302,Diapers,2
T1010,2024-02-02 13:01:00,CUST0302,Onions,2
T1010,2024-02-02 13:01:00,CUST0302,Toothbrush,2
T1010,2024-02-02 13:01:00,CUST0302,Apples,2
T1010,2024-02-02 13:01:00,CUST0302,Shampoo,2
T1011,2024-02-06 16:15:00,,Salsa,2
T1011,2024-02-06 16:15:00,CUST0143,Soda,2
T1011,, CUST0143 ,Chips,2
T1011,2024-02-06 16:15:00,CUST0143,Chocolate,2
T1011,2024-02-06 16:15:00,CUST0143,Ice Cream,2
T1012,2024-01-28 18:41:00,CUST0331,Detergent,2
T1012,2024-01-28 18:41:00,CUST0331,Dish Soap,2
T1012,2024-01-28 18:41:00,CUST0331,Chips,2
T1012,2024-01-28 18:41:00,CUST0331,Salt,2
T1012,2024-01-28 18:41:00,CUST0331,Soap,2
T1012,2024-01-28 18:41:00,CUST0331,Popcorn,2
T1012,2024-01-28 18:41:00,CUST0331,Toothbrush,2
T1012,2024-01-28 18:41:00,CUST0331,Tissues,2
T1012,2024-01-28 18:41:00,CUST0331,Honey,2
T1013,2024-05-22 15:15:00,CUST0039,Onions,2
T1013,2024-05-22 15:15:00,CUST0039,Baby Food,2
T1013,2024-05-22 15:15:00,CUST0039,Ground Beef,2
T1013,2024-05-22 15:15:00,CUST0039,Popcorn,2
T1013,2024-05-22 15:15:00,CUST0039,Orange Juice,2
T1014,2024-01-31 10:24:00,CUST0002,Frozen Pizza,2
T1014,2024-01-31 10:24:00,CUST0002,Baby Food,2
T1014,2024-01-31 10:24:00,CUST0002,Oats,2
T1014,2024-01-31 10:24:00,CUST0002,Chips,2
T1014,2024-01-31 10:24:00,CUST0002,Ice Cream,2
T1014,2024-01-31 10:24:00,CUST0002,Diapers,2
T1014,2024-01-31 10:24:00,CUST0002,Soap,2
T1014,2024-01-31 10:24:00,CUST0002,Bagels,2
T1014,2024-01-31 10:24:00,CUST0002,Apples,2
T1014,2024-01-31 10:24:00,CUST0002,Potatoes,2
T1015,2024-02-01 19:20:00,CUST0030,Energy Drink,2
T1015,2024-02-01 19:20:00,CUST0030,Chips,2
T1015,2024-02-01 19:20:00,CUST0030,Coffee,2
T1015,2024-02-01 19:20:00,CUST0030,Chicken Breast,2
T1015,2024-02-01 19:20:00,CUST0030,Rice,2
T1015,2024-02-01 19:20:00,CUST0030,Sugar,2
T1016,2024-01-21 17:05:00,CUST0215,Lettuce,2
T1016,2024-01-21 17:05:00,CUST0215,Energy Drink,2
T1016,2024-01-21 17:05:00,CUST0215,Cream,2
T1016,2024-01-21 17:05:00,CUST0215,Coffee,2
T1016,2024-01-21 17:05:00,CUST0215,Potatoes,2
T1016,2024-01-21 17:05:00,CUST0215,Yogurt,2
T1016,2024-01-21 17:05:00,CUST0215,Cereal,2
T1016,2024-01-21 17:05:00,CUST0215,Shampoo,2
T1016,2024-01-21 17:05:00,CUST0215,Cookies,2
T1017,2024-06-02 15:20:00,CUST0385,Lemons,2
T1017,2024-06-02 15:20:00,CUST0385,Tea,2
T1017,2024-06-02 15:20:00,CUST0385,Toilet Paper,2
T1017,2024-06-02 15:20:00,CUST0385,Chocolate,2
T1017,2024-06-02 15:20:00,CUST0385,Toothpaste,2
T1017,2024-06-02 15:20:00,CUST0385,Toothbrush,2
T1017,2024-06-02 15:20:00,CUST0385,Potatoes,2
T1018,2024-07-08 12:10:00,CUST0225,Frozen Pizza,2
T1018,2024-07-08 12:10:00,CUST0225,Butter,2
T1018,2024-07-08 12:10:00,CUST0225,Beer,2
T1018,2024-07-08 12:10:00,CUST0225,Bread,2
T1019,2024-02-24 19:35:00,CUST0080,Bacon,2
T1019,2024-02-24 19:35:00,CUST0080,Orange Juice,2
T1019,2024-02-24 19:35:00,CUST0080,Honey,2
T1020,2024-05-21 08:00:00,CUST0171,Lemons,2
T1020,2024-05-21 08:00:00,CUST0171,Frozen Pizza,2
T1020,2024-05-21 08:00:00,CUST0171,Cheese,2
T1020,2024-05-21 08:00:00,CUST0171,Avocado,2
T1020,2024-05-21 08:00:00,CUST0171,Oats,2
T1021,2024-03-17 16:02:00,CUST0190,Sugar,2
T1021,2024-03-17 16:02:00,CUST0190,Coffee,2
T1022,2024-04-17 18:15:00,CUST0342,Beer,2
T1022,2024-04-17 18:15:00,CUST0342,Diapers,2
T1022,2024-04-17 18:15:00,CUST0342,Cheese,2
T1023,2024-01-13 10:47:00,CUST0171,Energy Drink,2
T1023,2024-01-13 10:47:00,CUST0171,Croissant,2
T1023,2024-01-13 10:47:00,CUST0171,Chocolate,2
T1023,2024-01-13 10:47:00,CUST0171,Potatoes,2
T1024,2024-04-23 11:52:00,CUST0236,Wine,2
T1024,2024-04-23 11:52:00,CUST0236,Rice,2
T1024,2024-04-23 11:52:00,CUST0236,Cheese,2
T1025,2024-05-22 13:41:00,CUST0261,Ground Beef,2
T1025,2024-05-22 13:41:00,CUST0261,Trash Bags,2
T1025,2024-05-22 13:41:00,CUST0261,Cooking Oil,2
T1025,2024-05-22 13:41:00,CUST0261,Paper Towels,2
T1025,2024-05-22 13:41:00,CUST0261,Shampoo,2
T1026,2024-05-15 08:06:00,CUST0306,Lemons,2
T1026,2024-05-15 08:06:00,CUST0306,Trash Bags,2
T1026,2024-05-15 08:06:00,CUST0306,Chocolate,2
T1027,2024-02-05 18:58:00,CUST0170,Salsa,2
T1027,2024-02-05 18:58:00,CUST0170,  butter ,2
T1027,2024-02-05 18:58:00,CUST0170,Bread,2
T1027,2024-02-05 18:58:00,CUST0170,Avocado,2
T1027,2024-02-05 18:58:00,CUST0170,Cream,2
T1027,2024-02-05 18:58:00,CUST0170,Trash Bags,2
T1027,2024-02-05 18:58:00,CUST0170,Jam,2
T1027,2024-02-05 18:58:00,CUST0170,Popcorn,2
T1027,2024-02-05 18:58:00,CUST0170,Bagels,2
T1027,2024-02-05 18:58:00,CUST0170,Tissues,2
T1028,2024-07-13 18:47:00,CUST0090,Tea,2
T1028,2024-07-13 18:47:00,CUST0090,Baby Wipes,2
T1028,2024-07-13 18:47:00,CUST0090,Tomatoes,2
T1028,2024-07-13 18:47:00,CUST0090,Cooking Oil,2
T1028,2024-07-13 18:47:00,CUST0090,Diapers,2
T1028,2024-07-13 18:47:00,CUST0090,Popcorn,2
T1029,2024-03-27 18:05:00,CUST0146,Tea,2
T1029,2024-03-27 18:05:00,CUST0146,Ground Beef,2
T1029,2024-03-27 18:05:00,CUST0146,Beer,2
T1029,2024-03-27 18:05:00,CUST0146,Diapers,2
T1029,2024-03-27 18:05:00,CUST0146,Wine,2
T1029,2024-03-27 18:05:00,CUST0146,Apples,2
T1029,2024-03-27 18:05:00,CUST0146,Honey,2
T1030,2024-05-05 15:39:00,CUST0394,Pasta,2
T1030,2024-05-05 15:39:00,CUST0394,Tomatoes,2
T1030,2024-05-05 15:39:00,CUST0394,Apples,2
T1030,2024-05-05 15:39:00,CUST0394,Bananas,2
T1031,2024-04-22 10:51:00,CUST0357,Peanut Butter,2
T1031,2024-04-22 10:51:00,CUST0357,Lettuce,2
T1031,2024-04-22 10:51:00,CUST0357,Soda,2
T1031,2024-04-22 10:51:00,CUST0357,Bread,2
T1031,2024-04-22 10:51:00,CUST0357,Trash Bags,2
T1031,2024-04-22 10:51:00,CUST0357,Frozen Vegetables,2
T1031,2024-04-22 10:51:00,CUST0357,Popcorn,2
T1031,2024-04-22 10:51:00,CUST0357,Shampoo,2
T1032,2024-08-31 15:16:00,CUST0385,Baby Food,2
T1032,2024-08-31 15:16:00,CUST0385,Bread,2
T1032,2024-08-31 15:16:00,CUST0385,Energy Drink,2
T1032,2024-08-31 15:16:00,CUST0385,Eggs,2
T1032,2024-08-31 15:16:00,CUST0385,Beer,2
T1032,,CUST0385,Pasta Sauce,2
T1032,2024-08-31 15:16:00,CUST0385,Diapers,2
T1032,2024-08-31 15:16:00,CUST0385,Toothbrush,2
T1032,2024-08-31 15:16:00,CUST0385,Orange Juice,2
T1033,2024-02-11 10:09:00,CUST0119,Frozen Pizza,2
T1033,2024-02-11 10:09:00,CUST0119,Ground Beef,2
T1033,2024-02-11 10:09:00,CUST0119,Chicken Breast,2
T1033,2024-02-11 10:09:00,CUST0119,Cooking Oil,2
T1033,2024-02-11 10:09:00,CUST0119,Eggs,2
T1033,2024-02-11 10:09:00,CUST0119,Bacon,2
T1033,2024-02-11 10:09:00,CUST0119,Diapers,2
T1033,2024-02-11 10:09:00,CUST0119,Pasta Sauce,2
T1033,2024-02-11 10:09:00,CUST0119,Apples,2
T1033,2024-02-11 10:09:00,,Potatoes,2
T1034,2024-07-13 15:00:00,CUST0181,Croissant,2
T1034,2024-07-13 15:00:00,CUST0181,Trash Bags,2
T1034,2024-07-13 15:00:00,CUST0181,Cooking Oil,2
T1034,2024-07-13 15:00:00,CUST0181,Yogurt,2
T1034,2024-07-13 15:00:00,CUST0181,Beer,2
T1034,2024-07-13 15:00:00,CUST0181,Diapers,2
T1034,2024-07-13 15:00:00,CUST0181,Toothpaste,2
T1034,2024-07-13 15:00:00,CUST0181,Bananas,2
T1035,2024-01-14 14:37:00,CUST0289,Frozen Pizza,2
T1035,2024-01-14 14:37:00,CUST0289,Tomatoes,2
T1035,2024-01-14 14:37:00,CUST0289,Trash Bags,2
T1035,2024-01-14 14:37:00,CUST0289,Chips,2
T1035,2024-01-14 14:37:00,CUST0289,Chicken Breast,2
T1035,2024-01-14 14:37:00,CUST0289,Muffins,2
T1035,2024-01-14 14:37:00,CUST0289,Beer,2
T1035,2024-01-14 14:37:00,CUST0289,Pasta Sauce,2
T1035,,CUST0289,Flour,2
T1035,2024-01-14 14:37:00,CUST0289,Tissues,2
T1035,2024-01-14 14:37:00,CUST0289,Shampoo,2
T1036,2024-06-16 13:48:00,CUST0195,Pasta,2
T1036,2024-06-16 13:48:00,CUST0195,Rice,2
T1036,2024-06-16 13:48:00,CUST0195,Pasta Sauce,2
T1036,2024-06-16 13:48:00,CUST0195,Paper Towels,2
T1036,2024-06-16 13:48:00,CUST0195,Apples,2
T1036,2024-06-16 13:48:00,CUST0195,Bananas,2
T1037,2024-01-27 13:14:00,CUST0333,Wine,2
T1037,2024-01-27 13:14:00,CUST0333,Trash Bags,2
T1038,2024-04-12 21:01:00,CUST0319,Lettuce,2
T1038,2024-04-12 21:01:00,CUST0319,Muffins,2
T1039,2034-04-09 09:37:00,CUST0354,Peanut Butter,2
T1039,2024-04-11 09:37:00,CUST0354,Pasta,2
T1039,2024-04-11 09:37:00,CUST0354,Avocado,2
T1039,2024-04-11 09:37:00,CUST0354,Energy Drink,2
T1039,2024-04-11 09:37:00, CUST0354 ,Dish Soap,2
T1039,2024-04-11 09:37:00,CUST0354,Chips,2
T1039,2024-04-11 09:37:00,CUST0354,Muffins,2
T1039,2024-04-11 09:37:00,CUST0354,Jam,2
T1039,2024-04-11 09:37:00,CUST0354,Beer,2
T1039,2024-04-11 09:37:00,CUST0354,Paper Towels,2
T1039,2024-04-11 09:37:00,CUST0354,Apples,2
T1040,2024-08-23 19:09:00,CUST0223,Frozen Pizza,2
T1040,2024-08-23 19:09:00,CUST0223,Butter,2
T1040,2024-08-23 19:09:00,CUST0223,Toothpaste,2
T1040,2024-08-23 19:09:00,CUST0223,Cheese,2
T1040,2024-08-23 19:09:00,CUST0223,Soda,2
T1040,2024-08-23 19:09:00,CUST0223,Bagels,2
T1040,2024-08-23 19:09:00,CUST0223,Dish Soap,2
T1040,2024-08-23 19:09:00,CUST0223,Sugar,2
T1040,2024-08-23 19:09:00,CUST0223,Flour,2
T1040,2024-08-23 19:09:00,CUST0223,Toothbrush,2
T1041,2024-05-04 20:29:00,CUST0292,Lettuce,2
T1041,2024-05-04 20:29:00,CUST0292,Ground Beef,2
T1041,2024-05-04 20:29:00,CUST0292,Oats,2
T1041,2024-05-04 20:29:00,CUST0292,Rice,2
T1041,2024-05-04 20:29:00,CUST0292,Chicken Breast,2
T1041,2024-05-04 20:29:00,CUST0292,Ice Cream,2
T1041,2024-05-04 20:29:00,CUST0292,Beer,2
T1041,2024-05-04 20:29:00,CUST0292,Toothpaste,2
T1041,2024-05-04 20:29:00,CUST0292,Toothbrush,2
T1041,2024-05-04 20:29:00,CUST0292,Tissues,2
T1042,2024-04-07 09:15:00,CUST0369,Onions,2
T1042,2024-04-07 09:15:00,CUST0369,Milk,2
T1042,2024-04-07 09:15:00,CUST0369,Ground Beef,2
T1042,2024-04-07 09:15:00,CUST0369,Flour,2
T1042,2024-04-07 09:15:00,CUST0369,Cereal,2
T1042,2024-04-07 09:15:00,CUST0369,Bagels,2
T1043,2024-07-07 15:35:00,CUST0272,Baby Food,2
T1043,2024-07-07 15:35:00,CUST0272,Lettuce,2
T1043,2024-07-07 15:35:00,CUST0272,Tomatoes,2
T1043,2024-07-07 15:35:00,CUST0272,Pasta,2
T1043,2024-07-07 15:35:00,CUST0272,Croissant,2
T1043,2024-07-07 15:35:00,CUST0272,Detergent,2
T1043,2024-07-07 15:35:00,CUST0272,Oats,2
T1043,2024-07-07 15:35:00,CUST0272,Sausages,2
T1043,2024-07-07 15:35:00,CUST0272,Shampoo,2
T1044,2024-04-04 11:13:00,CUST0379,Avocado,2
T1044,2024-04-04 11:13:00,CUST0379,Cream,2
T1044,2024-04-04 11:13:00,CUST0379,Chicken Breast,2
T1044,2024-04-04 11:13:00,CUST0379,Coffee,2
T1044,2024-04-04 11:13:00,CUST0379,Popcorn,2
T1044,2024-04-04 11:13:00,CUST0379,Pasta Sauce,2
T1044,2024-04-04 11:13:00,CUST0379,Onions,2
T1044,2024-04-04 11:13:00,CUST0379,Bagels,2
T1045,2024-03-05 12:02:00,CUST0028,Cream,2
T1045,2024-03-05 12:02:00,CUST0028,Detergent,2
T1045,2024-03-05 12:02:00,CUST0028,Chocolate,2
T1045,2024-03-05 12:02:00,CUST0028,Sausages,2
T1045,2024-03-05 12:02:00,CUST0028,Onions,2
T1046,2024-07-24 15:04:00,CUST0296,Cheese,2
T1046,2024-07-24 15:04:00,CUST0296,Avocado,2
T1046,2024-07-24 15:04:00,CUST0296,Ice Cream,2
T1046,2024-07-24 15:04:00,CUST0296,Eggs,2
T1046,2024-07-24 15:04:00,CUST0296,Bacon,2
T1046,2024-07-24 15:04:00,CUST0296,Jam,2
T1046,,CUST0296,Diapers,2
T1046,2024-07-24 15:04:00,CUST0296,Flour,2
T1046,2024-07-24 15:04:00,CUST0296,Cookies,2
T1047,2024-04-25 20:33:00,CUST0195,Diapers,2
T1047,2024-04-25 20:33:00,CUST0195,Toothpaste,2
T1047,2024-04-25 20:33:00,CUST0195,Bread,2
T1048,2024-03-29 16:04:00,CUST0081,Lemons,2
T1048,2024-03-29 16:04:00,CUST0081,Apples,2
T1048,2024-03-29 16:04:00,CUST0081,Chips,2
T1048,2024-03-29 16:04:00,CUST0081,Yogurt,2
T1048,2024-03-29 16:04:00,CUST0081,Cereal,2
T1048,2024-03-29 16:04:00,CUST0081,Pasta,2
T1048,2024-03-29 16:04:00,CUST0081,Honey,2
T1048,2024-03-29 16:04:00,CUST0081,Bananas,2
T1049,2024-04-25 18:09:00,CUST0137,Salsa,2
T1049,2024-04-25 18:09:00,CUST0137,Lemons,2
T1049,2024-04-25 18:09:00,CUST0137,Baby Wipes,2
T1049,2024-04-25 18:09:00,CUST0137,Milk,2
T1049,2024-04-25 18:09:00,CUST0137,Bacon,2
T1049,2024-04-25 18:09:00,CUST0137,Eggs,2
T1049,2024-04-25 18:09:00,CUST0137,Sausages,2
T1049,2024-04-25 18:09:00,CUST0137,Onions,2
T1049,2024-04-25 18:09:00,CUST0137,Wine,2
T1050,2024-07-25 12:32:00,CUST0277,Coffee,2
T1050,2024-07-25 12:32:00,CUST0277,Eggs,2
T1050,2024-07-25 12:32:00,CUST0277,Beer,2
T1050,2024-07-25 12:32:00,CUST0277,Diapers,2
T1050,2024-07-25 12:32:00,CUST0277,Pasta Sauce,2
T1050,2024-07-25 12:32:00,CUST0277,Pasta,2
T1051,2024-03-30 15:33:00,CUST0334,Avocado,2
T1051,2024-03-30 15:33:00,CUST0334,Oats,2
T1051,2024-03-30 15:33:00,CUST0334,Croissant,2
T1051,2024-03-30 15:33:00,CUST0334,Muffins,2
T1051,2024-03-30 15:33:00,CUST0334,Chicken Breast,2
T1051,2024-03-30 15:33:00,CUST0334,Onions,2
T1051,2024-03-30 15:33:00,CUST0334,Pasta,2
T1052,2024-03-23 13:26:00,CUST0356,Frozen Pizza,2
T1052,2024-03-23 13:26:00,CUST0356,Oats,2
T1052,2024-03-23 13:26:00,CUST0356,Rice,2
T1052,,CUST0356,Coffee,2
T1052,2024-03-23 13:26:00,CUST0356,Cooking Oil,2
T1052,2024-03-23 13:26:00,CUST0356,Sugar,2
T1052,2024-03-23 13:26:00,CUST0356,Soap,2
T1052,2024-03-23 13:26:00,CUST0356,Wine,2
T1053,2024-04-06 16:23:00,CUST0319,Bread,2
T1053,2024-04-06 16:23:00,CUST0319,Avocado,2
T1053,2024-04-06 16:23:00,,Oats,2
T1053,2024-04-06 16:23:00,CUST0319,Rice,2
T1053,2024-04-06 16:23:00,CUST0319,Jam,2
T1053,2024-04-06 16:23:00,CUST0319,Beer,2
T1053,2024-04-06 16:23:00,CUST0319,Pasta Sauce,2
T1053,2024-04-06 16:23:00,CUST0319,Onions,2
T1053,2024-04-06 16:23:00,CUST0319,Shampoo,2
T1054,2024-07-27 09:14:00,CUST0059,  frozen pizza ,2
T1054,2024-07-27 09:14:00,CUST0059,Pasta,2
T1054,2024-07-27 09:14:00,CUST0059,Energy Drink,2
T1054,2024-07-27 09:14:00,CUST0059,Coffee,2
T1054,2024-07-27 09:14:00,CUST0059,Muffins,2
T1054,2024-07-27 09:14:00,CUST0059,Potatoes,2
T1054,2024-07-27 09:14:00,CUST0059,Beer,2
T1054,2024-07-27 09:14:00, CUST0059 ,Apples,2
T1054,2024-07-27 09:14:00,CUST0059,Bananas,2
T1055,2024-03-15 14:12:00,CUST0307,Cheese,2
T1055,,CUST0307,Chicken Breast,2
T1055,2024-03-15 14:12:00,CUST0307,Ice Cream,2
T1055,2024-03-15 14:12:00,CUST0307,Pasta Sauce,2
T1055,2024-03-15 14:12:00,CUST0307,Toothpaste,2
T1055,2024-03-15 14:12:00,CUST0307,Wine,2
T1056,2024-08-16 16:30:00,CUST0177,Frozen Pizza,2
T1056,2024-08-16 16:30:00,CUST0177,Lettuce,2
T1056,2024-08-16 16:30:00,CUST0177,Bread,2
T1056,2024-08-16 16:30:00,CUST0177,Avocado,2
T1056,2024-08-16 16:30:00,CUST0177,Chicken Breast,2
T1056,2024-08-16 16:30:00,CUST0177,Bacon,2
T1056,2024-08-16 16:30:00,CUST0177,Flour,2
T1056,2024-08-16 16:30:00,CUST0177,Fish Fillet,2
T1057,2024-08-30 19:58:00,CUST0416,Butter,2
T1057,2024-08-30 19:58:00,CUST0416,Croissant,2
T1057,2024-08-30 19:58:00,CUST0416,Trash Bags,2
T1057,2024-08-30 19:58:00,CUST0416,Popcorn,2
T1057,2024-08-30 19:58:00,CUST0416,Soap,2
T1057,2024-08-30 19:58:00,CUST0416,Onions,2
T1057,2024-08-30 19:58:00,CUST0416,Potatoes,2
T1058,2024-09-14 17:21:00,CUST0052,Tea,2
T1058,2024-09-14 17:21:00,CUST0052,Cooking Oil,2
T1059,2024-06-22 17:44:00,CUST0204,Pasta Sauce,2
T1059,2024-06-22 17:44:00,CUST0204,Beer,2
T1059,2024-06-22 17:44:00,CUST0204,Pasta,2
T1060,2024-02-20 20:40:00,CUST0361,Onions,2
T1060,2024-02-20 20:40:00,CUST0361,Baby Wipes,2
T1060,2024-02-20 20:40:00,CUST0361,Milk,2
T1060,2024-02-20 20:40:00,CUST0361,Cream,2
T1060,2024-02-20 20:40:00,CUST0361,Oats,2
T1060,2024-02-20 20:40:00,CUST0361,Bacon,2
T1060,2024-02-20 20:40:00,CUST0361,Diapers,2
T1060,2024-02-20 20:40:00,CUST0361,Cereal,2
T1060,2024-02-20 20:40:00,CUST0361,Potatoes,2
T1061,2024-07-29 17:43:00, CUST0406 ,Baby Wipes,2
T1061,2024-07-29 17:43:00,CUST0406,Baby Food,2
T1061,2024-07-29 17:43:00,CUST0406,Soda,2
T1061,2024-07-29 17:43:00,CUST0406,Dish Soap,2
T1061,2024-07-29 17:43:00,CUST0406,Chips,2
T1061,2024-07-29 17:43:00,CUST0406,Diapers,2
T1061,2024-07-29 17:43:00,CUST0406,Tissues,2
T1062,2024-05-10 15:16:00,CUST0342,Baby Wipes,2
T1062,2024-05-10 15:16:00,CUST0342,Soda,2
T1062,2024-05-10 15:16:00,CUST0342,Frozen Vegetables,2
T1062,2024-05-10 15:16:00,CUST0342,Diapers,2
T1062,2024-05-10 15:16:00,CUST0342,Onions,2
T1063,2024-04-11 14:54:00,CUST0248,Baby Wipes,2
T1063,2024-04-11 14:54:00,CUST0248,  avocado ,2
T1063,2024-04-11 14:54:00,CUST0248,Energy Drink,2
T1063,2024-04-11 14:54:00,CUST0248,  bacon ,2
T1063,2024-04-11 14:54:00,CUST0248,Eggs,2
T1063,2024-04-11 14:54:00,CUST0248,Sugar,2
T1063,2024-04-11 14:54:00,CUST0248,Diapers,2
T1063,2024-04-11 14:54:00,CUST0248,Fish Fillet,2
T1063,2024-04-11 14:54:00,CUST0248,Toothbrush,2
T1064,2024-01-26 17:47:00,CUST0255,Ground Beef,2
T1064,2024-01-26 17:47:00,CUST0255,Croissant,2
T1064,2024-01-26 17:47:00,CUST0255,Toilet Paper,2
T1064,2024-01-26 17:47:00,CUST0255,Pasta Sauce,2
T1064,2024-01-26 17:47:00,CUST0255,Onions,2
T1064,2024-01-26 17:47:00,,Bagels,2
T1065,,CUST0226,Avocado,2
T1065,2024-01-21 12:50:00,CUST0226,Tea,2
T1065,2024-01-21 12:50:00,CUST0226,Lettuce,2
T1065,2024-01-21 12:50:00,CUST0226,Honey,2
T1066,2024-07-06 16:32:00,CUST0140,Salsa,2
T1066,2024-07-06 16:32:00,CUST0140,Tea,2
T1066,2024-07-06 16:32:00,CUST0140,Oats,2
T1066,2024-07-06 16:32:00,CUST0140,Rice,2
T1066,2024-07-06 16:32:00,CUST0140,Sausages,2
T1066,2024-07-06 16:32:00,CUST0140,Toothpaste,2
T1067,2024-07-22 21:51:00,CUST0286,Soda,2
T1067,2024-07-22 21:51:00,CUST0286,Tomatoes,2
T1067,2024-07-22 21:51:00,CUST0286,Chips,2
T1067,2024-07-22 21:51:00,CUST0286,Eggs,2
T1067,2024-07-22 21:51:00,CUST0286,Jam,2
T1067,2024-07-22 21:51:00,CUST0286,Beer,2
T1067,2024-07-22 21:51:00,CUST0286,Sugar,2
T1068,2024-06-16 17:14:00,CUST0332,Lemons,2
T1068,2024-06-16 17:14:00,CUST0332,Peanut Butter,2
T1068,2024-06-16 17:14:00,CUST0332,Onions,2
T1068,2024-06-16 17:14:00,CUST0332,Baby Wipes,2
T1068,2024-06-16 17:14:00,CUST0332,Rice,2
T1068,2024-06-16 17:14:00,CUST0332,Coffee,2
T1068,2024-06-16 17:14:00,CUST0332,Chicken Breast,2
T1068,2024-06-16 17:14:00,CUST0332,Dish Soap,2
T1068,2024-06-16 17:14:00,CUST0332,Wine,2
T1069,2024-03-10 14:29:00,CUST0190,Butter,2
T1069,2024-03-10 14:29:00,CUST0190,Milk,2
T1069,2024-03-10 14:29:00,CUST0190,Frozen Vegetables,2
T1069,2024-03-10 14:29:00,CUST0190,Jam,2
T1069,2024-03-10 14:29:00,CUST0190,Soap,2
T1069,2024-03-10 14:29:00,CUST0190,Fish Fillet,2
T1069,2024-03-10 14:29:00,CUST0190,Orange Juice,2
T1069,2024-03-10 14:29:00,CUST0190,Honey,2
T1069,2024-03-10 14:29:00,CUST0190,Potatoes,2
T1070,2024-05-23 08:44:00,CUST0190,Bacon,2
T1070,2024-05-23 08:44:00,CUST0190,Cream,2
T1070,2024-05-23 08:44:00,CUST0190,Frozen Pizza,2
T1071,2024-04-07 09:54:00,CUST0233,Salt,2
T1071,2024-04-07 09:54:00,CUST0233,Dish Soap,2
T1072,2024-04-29 13:49:00,CUST0076,Tea,2
T1072,2034-04-27 13:49:00,CUST0076,Lettuce,2
T1072,2024-04-29 13:49:00,CUST0076,Soda,2
T1072,2024-04-29 13:49:00,CUST0076,Cream,2
T1072,2024-04-29 13:49:00,CUST0076,Chips,2
T1072,2024-04-29 13:49:00,CUST0076,Apples,2
T1072,2024-04-29 13:49:00,CUST0076,Bananas,2
T1073,2024-01-09 10:16:00,CUST0027,Tea,2
T1073,2024-01-09 10:16:00,CUST0027,Bread,2
T1073,2024-01-09 10:16:00,CUST0027,Avocado,2
T1073,2024-01-09 10:16:00, CUST0027 ,Soda,2
T1073,2024-01-09 10:16:00,CUST0027,Salt,2
T1073,2024-01-09 10:16:00,CUST0027,Muffins,2
T1073,2024-01-09 10:16:00,CUST0027,Chocolate,2
T1073,2024-01-09 10:16:00,CUST0027,Jam,2
T1073,2024-01-09 10:16:00,CUST0027,Bagels,2
T1073,2024-01-09 10:16:00,,Potatoes,2
T1074,2024-07-24 14:43:00,CUST0056,Peanut Butter,2
T1074,2024-07-24 14:43:00,CUST0056,Butter,2
T1074,2024-07-24 14:43:00,CUST0056,Baby Food,2
T1074,2024-07-24 14:43:00,CUST0056,Fish Fillet,2
T1074,2024-07-24 14:43:00,CUST0056,Tomatoes,2
T1074,2024-07-24 14:43:00,CUST0056,Baby Wipes,2
T1074,2024-07-24 14:43:00,CUST0056,Detergent,2
T1074,2024-07-24 14:43:00,CUST0056,Wine,2
T1075,2024-02-03 10:17:00,CUST0320,Energy Drink,2
T1075,2024-02-03 10:17:00,CUST0320,Chips,2
T1075,2024-02-03 10:17:00,CUST0320,Rice,2
T1076,2024-08-20 14:26:00,CUST0374,Baby Food,2
T1076,2024-08-20 14:26:00,CUST0374,Detergent,2
T1076,2024-08-20 14:26:00,CUST0374,Dish Soap,2
T1076,2024-08-20 14:26:00,CUST0374,Eggs,2
T1076,2024-08-20 14:26:00,CUST0374,Bacon,2
T1076,2024-08-20 14:26:00,CUST0374,Jam,2
T1076,2024-08-20 14:26:00,CUST0374,Soap,2
T1076,2024-08-20 14:26:00,CUST0374,Onions,2
T1076,2024-08-20 14:26:00,CUST0374,Tissues,2
T1076,2024-08-20 14:26:00,CUST0374,Apples,2
T1076,2024-08-20 14:26:00,CUST0374,Honey,2
T1077,2024-07-09 20:08:00,CUST0285,Cheese,2
T1077,2024-07-09 20:08:00,CUST0285,Cream,2
T1077,2024-07-09 20:08:00,CUST0285,Oats,2
T1077,2024-07-09 20:08:00,CUST0285,Cereal,2
T1077,2024-07-09 20:08:00,,Wine,2
T1077,2024-07-09 20:08:00,CUST0285,Bottled Water,2
T1078,2024-09-03 11:54:00,CUST0056,Peanut Butter,2
T1078,2024-09-03 11:54:00,CUST0056,Apples,2
T1078,2024-09-03 11:54:00,CUST0056,Cheese,2
T1078,2024-09-03 11:54:00,CUST0056,Salt,2
T1078,2024-09-03 11:54:00,CUST0056,Coffee,2
T1078,2024-09-03 11:54:00,CUST0056,Cooking Oil,2
T1078,2024-09-03 11:54:00,CUST0056,  bacon ,2
T1078,2024-09-03 11:54:00,CUST0056,Soap,2
T1078,2024-09-03 11:54:00,CUST0056,Toothbrush,2
T1078,2024-09-03 11:54:00,CUST0056,Pasta,2
T1079,2024-06-07 13:22:00,,Tomatoes,2
T1079,2024-06-07 13:22:00,CUST0004,Detergent,2
T1079,2024-06-07 13:22:00,CUST0004,Muffins,2
T1079,2024-06-07 13:22:00,CUST0004,Chicken Breast,2
T1079,2024-06-07 13:22:00,CUST0004,Toothbrush,2
T1080,2024-02-16 19:33:00,CUST0111,Beer,2
T1080,2024-02-16 19:33:00,CUST0111,Diapers,2
T1081,2024-01-26 18:05:00,CUST0140,Cheese,2
T1081,2024-01-26 18:05:00,CUST0140,Chips,2
T1081,2024-01-26 18:05:00,CUST0140,Rice,2
T1081,2024-01-26 18:05:00,CUST0140,Beer,2
T1081,2024-01-26 18:05:00,CUST0140,  cereal ,2
T1081,2024-01-26 18:05:00,CUST0140,Bottled Water,2
T1082,2024-09-06 16:42:00,CUST0158,Cheese,2
T1082,2024-09-06 16:42:00,CUST0158,Chicken Breast,2
T1082,2024-09-06 16:42:00,CUST0158,Bacon,2
T1082,2024-09-06 16:42:00,CUST0158,Jam,2
T1082,2024-09-06 16:42:00,CUST0158,Sugar,2
T1082,2024-09-06 16:42:00,CUST0158,Wine,2
T1082,2024-09-06 16:42:00,,Tissues,2
T1082,2024-09-06 16:42:00,CUST0158,Apples,2
T1083,2024-01-04 15:47:00, CUST0221 ,Bread,2
T1083,2024-01-04 15:47:00,CUST0221,Avocado,2
T1083,2024-01-04 15:47:00,CUST0221,Yogurt,2
T1083,2024-01-04 15:47:00,CUST0221,Sausages,2
T1083,2024-01-04 15:47:00,CUST0221,Fish Fillet,2
T1083,2024-01-04 15:47:00,CUST0221,Apples,2
T1083,2024-01-04 15:47:00,CUST0221,Orange Juice,2
T1083,2024-01-04 15:47:00,CUST0221,Bananas,2
T1084,2024-06-09 17:27:00,CUST0294,  butter ,2
T1084,2024-06-09 17:27:00,CUST0294,Baby Wipes,2
T1084,2024-06-09 17:27:00,CUST0294,Croissant,2
T1084,2024-06-09 17:27:00,CUST0294,  toilet paper ,2
T1084,2024-06-09 17:27:00,CUST0294,Eggs,2
T1084,2024-06-09 17:27:00,CUST0294,Onions,2
T1084,2024-06-09 17:27:00,CUST0294,Tissues,2
T1085,2024-02-24 11:27:00,CUST0302,Baby Wipes,2
T1085,2024-02-24 11:27:00,CUST0302,Croissant,2
T1085,2024-02-24 11:27:00,CUST0302,Detergent,2
T1085,2024-02-24 11:27:00,CUST0302,Oats,2
T1085,2024-02-24 11:27:00,CUST0302,Chips,2
T1085,2024-02-24 11:27:00,CUST0302,Rice,2
T1085,2024-02-24 11:27:00,CUST0302,Apples,2
T1085,2024-02-24 11:27:00,CUST0302,Bananas,2
T1086,2024-04-09 20:22:00,CUST0180,Tomatoes,2
T1086,2024-04-09 20:22:00,CUST0180,Chips,2
T1086,2024-04-09 20:22:00,CUST0180,Cooking Oil,2
T1086,2024-04-09 20:22:00,CUST0180,Eggs,2
T1086,2024-04-09 20:22:00,CUST0180,Jam,2
T1086,2024-04-09 20:22:00,CUST0180,Pasta Sauce,2
T1086,,CUST0180,Pasta,2
T1087,2024-02-08 10:49:00,CUST0322,Apples,2
T1087,2024-02-08 10:49:00,CUST0322,Trash Bags,2
T1087,2024-02-08 10:49:00,CUST0322,Bananas,2
T1087,2024-02-08 10:49:00,CUST0322,Paper Towels,2
T1088,2024-06-07 15:28:00,CUST0020,Fish Fillet,2
T1088,2024-06-07 15:28:00,CUST0020,Ground Beef,2
T1088,2024-06-07 15:28:00,CUST0020,Croissant,2
T1088,2024-06-07 15:28:00,CUST0020,Cream,2
T1088,2024-06-07 15:28:00,CUST0020,Rice,2
T1088,2024-06-07 15:28:00,CUST0020,Salt,2
T1088,2024-06-07 15:28:00,CUST0020,Yogurt,2
T1088,2024-06-07 15:28:00,CUST0020,Pasta Sauce,2
T1088,2024-06-07 15:28:00,CUST0020,Diapers,2
T1088,2024-06-07 15:28:00,CUST0020,Wine,2
T1088,2024-06-07 15:28:00,CUST0020,Bottled Water,2
T1089,2024-04-06 13:38:00,CUST0244,Butter,2
T1089,2024-04-06 13:38:00,CUST0244,Baby Food,2
T1089,2024-04-06 13:38:00,CUST0244,Oats,2
T1089,2024-04-06 13:38:00,CUST0244,Trash Bags,2
T1089,2024-04-06 13:38:00,CUST0244,Eggs,2
T1089,2024-04-06 13:38:00,CUST0244,Beer,2
T1090,2024-09-25 16:39:00,CUST0082,Butter,2
T1090,2024-09-25 16:39:00,CUST0082,Milk,2
T1090,2024-09-25 16:39:00,CUST0082,Lettuce,2
T1090,2024-09-25 16:39:00,CUST0082,Bread,2
T1090,2024-09-25 16:39:00,CUST0082,Chocolate,2
T1090,2024-09-25 16:39:00,CUST0082,Diapers,2
T1090,2024-09-25 16:39:00,CUST0082,Cereal,2
T1091,2024-03-17 13:05:00,CUST0299,Cheese,2
T1091,2024-03-17 13:05:00,,Cream,2
T1091,2024-03-17 13:05:00,CUST0299,Trash Bags,2
T1091,2024-03-17 13:05:00,CUST0299,Chips,2
T1091,2024-03-17 13:05:00,CUST0299,Cooking Oil,2
T1091,2024-03-17 13:05:00,CUST0299,Bacon,2
T1091,2024-03-17 13:05:00,CUST0299,Honey,2
T1092,2024-07-11 18:50:00,CUST0169,Chips,2
T1092,2024-07-11 18:50:00,CUST0169,Cooking Oil,2
T1092,2024-07-11 18:50:00,CUST0169,Onions,2
T1093,2024-09-05 11:14:00,CUST0071,Apples,2
T1093,2024-09-05 11:14:00,CUST0071,Croissant,2
T1093,2024-09-05 11:14:00,CUST0071,Detergent,2
T1093,2024-09-05 11:14:00,CUST0071,Cooking Oil,2
T1093,2024-09-05 11:14:00,CUST0071,Bacon,2
T1093,2024-09-05 11:14:00,CUST0071,Flour,2
T1093,2024-09-05 11:14:00,CUST0071,Pasta,2
T1093,2024-09-05 11:14:00,CUST0071,Cookies,2
T1094,,CUST0146,Tea,2
T1094,2024-05-01 15:39:00,CUST0146,Butter,2
T1094,2024-05-01 15:39:00,CUST0146,Milk,2
T1094,2024-05-01 15:39:00,CUST0146,Energy Drink,2
T1094,2024-05-01 15:39:00,CUST0146,Chips,2
T1094,2024-05-01 15:39:00,CUST0146,Flour,2
T1094,2024-05-01 15:39:00,CUST0146,Diapers,2
T1094,2024-05-01 15:39:00,CUST0146,Paper Towels,2
T1094,2024-05-01 15:39:00,CUST0146,Bottled Water,2
T1094,2024-05-01 15:39:00,CUST0146,Cookies,2
T1095,2024-04-12 20:38:00,CUST0071,Toothpaste,2
T1095,2024-04-12 20:38:00,CUST0071,Dish Soap,2
T1095,2024-04-12 20:38:00,CUST0071,Chips,2
T1095,2024-04-12 20:38:00,CUST0071,Rice,2
T1095,2024-04-12 20:38:00,CUST0071,Bacon,2
T1095,2024-04-12 20:38:00,CUST0071,Beer,2
T1095,2024-04-12 20:38:00,CUST0071,Diapers,2
T1095,2024-04-12 20:38:00,CUST0071,Popcorn,2
T1095,2024-04-12 20:38:00,CUST0071,Paper Towels,2
T1096,2024-08-18 13:59:00,CUST0014,Milk,2
T1096,2024-08-18 13:59:00,CUST0014,Baby Food,2
T1096,2024-08-18 13:59:00,CUST0014,Soda,2
T1096,2024-08-18 13:59:00,CUST0014,Coffee,2
T1096,2024-08-18 13:59:00,CUST0014,Chicken Breast,2
T1096,2024-08-18 13:59:00,CUST0014,Bacon,2
T1096,2024-08-18 13:59:00,CUST0014,Cereal,2
T1096,2024-08-18 13:59:00,CUST0014,Tissues,2
T1096,2024-08-18 13:59:00,CUST0014,Bananas,2
T1097,2024-01-15 13:59:00,CUST0051,Ground Beef,2
T1097,2024-01-15 13:59:00,,Pasta Sauce,2
T1097,2024-01-15 13:59:00,CUST0051,Onions,2
T1098,2024-03-17 16:46:00,CUST0312,Milk,2
T1098,2024-03-17 16:46:00,CUST0312,Baby Food,2
T1098,2024-03-17 16:46:00,CUST0312,Bread,2
T1098,2024-03-17 16:46:00,CUST0312,Croissant,2
T1098,2024-03-17 16:46:00,CUST0312,Cereal,2
T1098,2024-03-17 16:46:00,CUST0312,Wine,2
T1098,2024-03-17 16:46:00,CUST0312,Apples,2
T1098,2024-03-17 16:46:00,CUST0312,Orange Juice,2
T1098,2024-03-17 16:46:00,CUST0312,Bananas,2
T1099,,CUST0295,Baby Wipes,2
T1099,2024-01-09 18:32:00,CUST0295,Cheese,2
T1099,2024-01-09 18:32:00,CUST0295,Pasta Sauce,2
T1099,2024-01-09 18:32:00,CUST0295,Pasta,2
T1100,2024-07-10 12:47:00,CUST0009,Cereal,2
T1100,2024-07-10 12:47:00,CUST0009,Cream,2
T1100,2024-07-10 12:47:00,CUST0009,Detergent,2
T1100,2024-07-10 12:47:00,CUST0009,Croissant,2
T1100,2024-07-10 12:47:00,CUST0009,Salt,2
T1100,2024-07-10 12:47:00,CUST0009,Trash Bags,2
T1100,2024-07-10 12:47:00,CUST0009,Beer,2
T1100,2024-07-10 12:47:00,CUST0009,Toothpaste,2
T1100,2024-07-10 12:47:00,CUST0009,Wine,2
T1100,2024-07-10 12:47:00,CUST0009,Cookies,2
T1101,2024-06-22 21:41:00,CUST0090,Pasta,2
T1101,2024-06-22 21:41:00,CUST0090,Cooking Oil,2
T1102,2024-09-20 14:52:00,CUST0279,Salsa,2
T1102,2034-09-18 14:52:00,CUST0279,Butter,2
T1102,2024-09-20 14:52:00,CUST0279,Milk,2
T1102,2024-09-20 14:52:00,CUST0279,Chips,2
T1102,2024-09-20 14:52:00,CUST0279,Cooking Oil,2
T1102,2024-09-20 14:52:00,CUST0279,Sausages,2
T1102,2024-09-20 14:52:00,CUST0279,Beer,2
T1102,2024-09-20 14:52:00,CUST0279,Pasta Sauce,2
T1102,2024-09-20 14:52:00,CUST0279,Onions,2
T1103,2024-06-18 12:07:00,CUST0410,Eggs,2
T1103,2024-06-18 12:07:00,CUST0410,Milk,2
T1103,2024-06-18 12:07:00,CUST0410,  bread ,2
T1104,2024-05-30 13:06:00,CUST0041,Cereal,2
T1104,2024-05-30 13:06:00,CUST0041,Tomatoes,2
T1104,2024-05-30 13:06:00,CUST0041,Chicken Breast,2
T1104,2024-05-30 13:06:00,CUST0041,Frozen Vegetables,2
T1104,2024-05-30 13:06:00,CUST0041,Flour,2
T1104,2024-05-30 13:06:00,CUST0041,Toothbrush,2
T1104,2024-05-30 13:06:00,CUST0041,Cookies,2
T1105,2024-08-10 12:40:00,CUST0406,Tea,2
T1105,2024-08-10 12:40:00,CUST0406,Butter,2
T1105,2024-08-10 12:40:00,CUST0406,Baby Food,2
T1105,2024-08-10 12:40:00,CUST0406,Chips,2
T1105,2024-08-10 12:40:00,CUST0406,Salt,2
T1105,2024-08-10 12:40:00,CUST0406,Sugar,2
T1105,2024-08-10 12:40:00,CUST0406,Diapers,2
T1105,2024-08-10 12:40:00,CUST0406,Honey,2
T1106,2024-01-17 17:09:00,CUST0348,Tea,2
T1106,2024-01-17 17:09:00,CUST0348,Milk,2
T1106,2024-01-17 17:09:00,CUST0348,Cream,2
T1106,2024-01-17 17:09:00,CUST0348,Detergent,2
T1106,2024-01-17 17:09:00,CUST0348,Cooking Oil,2
T1106,2024-01-17 17:09:00,CUST0348,Potatoes,2
T1106,2024-01-17 17:09:00,CUST0348,Pasta Sauce,2
T1106,2024-01-17 17:09:00,CUST0348,Pasta,2
T1106,2024-01-17 17:09:00,CUST0348,Bananas,2
T1107,2024-05-22 11:07:00,CUST0014,Onions,2
T1107,2024-05-22 11:07:00,CUST0014,Detergent,2
T1107,2024-05-22 11:07:00,CUST0014,  cooking oil ,2
T1107,2024-05-22 11:07:00,CUST0014,Chicken Breast,2
T1108,2024-09-08 11:07:00,CUST0070,Baby Food,2
T1108,2024-09-08 11:07:00,,Bacon,2
T1108,2024-09-08 11:07:00,CUST0070,Soap,2
T1108,2024-09-08 11:07:00,CUST0070,Toothpaste,2
T1108,2024-09-08 11:07:00,CUST0070,Toothbrush,2
T1108,2024-09-08 11:07:00,CUST0070,Apples,2
T1109,2024-09-17 11:07:00,CUST0103,Baby Wipes,2
T1109,2024-09-17 11:07:00,CUST0103,Energy Drink,2
T1109,2024-09-17 11:07:00,CUST0103,Cream,2
T1109,2024-09-17 11:07:00,CUST0103,Chips,2
T1109,2024-09-17 11:07:00,CUST0103,Chocolate,2
T1109,2024-09-17 11:07:00,CUST0103,Sausages,2
T1109,2024-09-17 11:07:00, CUST0103 ,Fish Fillet,2
T1110,2024-02-07 10:20:00, CUST0329 ,Salsa,2
T1110,2024-02-07 10:20:00,CUST0329,Tea,2
T1110,2024-02-07 10:20:00,CUST0329,Oats,2
T1110,2024-02-07 10:20:00,CUST0329,Cream,2
T1110,2024-02-07 10:20:00,CUST0329,Toilet Paper,2
T1110,2024-02-07 10:20:00,CUST0329,Chips,2
T1110,2024-02-07 10:20:00,CUST0329,Chicken Breast,2
T1110,2024-02-07 10:20:00,CUST0329,Ice Cream,2
T1110,2024-02-07 10:20:00,CUST0329,Soap,2
T1110,2024-02-07 10:20:00,CUST0329,Pasta,2
T1111,2024-04-25 13:33:00,CUST0146,Tea,2
T1111,2024-04-25 13:33:00,CUST0146,Chips,2
T1111,2024-04-25 13:33:00,CUST0146,Coffee,2
T1111,2024-04-25 13:33:00,CUST0146,Yogurt,2
T1111,2024-04-25 13:33:00,CUST0146,Sugar,2
T1111,,CUST0146,Fish Fillet,2
T1111,2024-04-25 13:33:00,CUST0146,Tissues,2
T1111,2024-04-25 13:33:00,CUST0146,Bottled Water,2
T1111,2024-04-25 13:33:00,CUST0146,Cookies,2
T1112,2024-03-27 17:37:00,CUST0079,Sugar,2
T1112,2024-03-27 17:37:00,CUST0079,Chips,2
T1112,2024-03-27 17:37:00,CUST0079,Coffee,2
T1112,2024-03-27 17:37:00,CUST0079,Soda,2
T1113,2024-07-26 12:29:00,CUST0038,Lemons,2
T1113,2024-07-26 12:29:00,CUST0038,Butter,2
T1113,2024-07-26 12:29:00,CUST0038,Toothpaste,2
T1113,2024-07-26 12:29:00,CUST0038,Soda,2
T1113,2024-07-26 12:29:00,CUST0038,Muffins,2
T1113,2024-07-26 12:29:00,CUST0038,Frozen Vegetables,2
T1113,2024-07-26 12:29:00,CUST0038,Ice Cream,2
T1113,2024-07-26 12:29:00,CUST0038,Sausages,2
T1113,2024-07-26 12:29:00,CUST0038,Cereal,2
T1113,2024-07-26 12:29:00,CUST0038,Fish Fillet,2
T1113,2024-07-26 12:29:00,CUST0038,Bananas,2
T1114,2024-09-20 16:06:00,CUST0164,Baby Wipes,2
T1114,2024-09-20 16:06:00,CUST0164,Baby Food,2
T1114,2024-09-20 16:06:00,CUST0164,Beer,2
T1114,2024-09-20 16:06:00,CUST0164,Diapers,2
T1114,2024-09-20 16:06:00,CUST0164,Sugar,2
T1114,2024-09-20 16:06:00,CUST0164,Shampoo,2
T1115,2024-07-15 21:39:00,CUST0215,Pasta,2
T1115,2024-07-15 21:39:00,CUST0215,  pasta sauce ,2
T1115,2024-07-15 21:39:00,CUST0215,Cheese,2
T1116,2024-09-15 15:15:00,CUST0111,Baby Food,2
T1116,2024-09-15 15:15:00,CUST0111,Energy Drink,2
T1116,2024-09-15 15:15:00,CUST0111,Croissant,2
T1116,2024-09-15 15:15:00,CUST0111,Beer,2
T1116,,CUST0111,Popcorn,2
T1116,2024-09-15 15:15:00,CUST0111,Pasta,2
T1117,2024-08-08 10:56:00,CUST0136,Tea,2
T1117,2024-08-08 10:56:00,CUST0136,Milk,2
T1117,2024-08-08 10:56:00,CUST0136,Honey,2
T1118,2024-07-20 13:50:00,CUST0174,Tea,2
T1118,2024-07-20 13:50:00,CUST0174,Baby Food,2
T1118,2024-07-20 13:50:00,CUST0174,Ground Beef,2
T1118,,CUST0174,Croissant,2
T1118,2024-07-20 13:50:00,CUST0174,Trash Bags,2
T1118,2024-07-20 13:50:00,CUST0174,Coffee,2
T1118,2024-07-20 13:50:00,CUST0174,Bacon,2
T1118,2024-07-20 13:50:00,CUST0174,Eggs,2
T1118,2024-07-20 13:50:00,CUST0174,Onions,2
T1118,2024-07-20 13:50:00,CUST0174,Orange Juice,2
T1119,2024-08-30 16:29:00,CUST0077,Cooking Oil,2
T1119,2024-08-30 16:29:00,CUST0077,Croissant,2
T1119,2024-08-30 16:29:00,CUST0077,Orange Juice,2
T1119,2024-08-30 16:29:00,CUST0077,Chicken Breast,2
T1120,2024-06-06 20:57:00,CUST0372,Frozen Pizza,2
T1120,2024-06-06 20:57:00,CUST0372,Wine,2
T1120,2024-06-06 20:57:00,CUST0372,Croissant,2
T1120,2024-06-06 20:57:00,CUST0372,Dish Soap,2
T1120,2024-06-06 20:57:00,CUST0372,Cooking Oil,2
T1120,2024-06-06 20:57:00,CUST0372,Jam,2
T1120,2024-06-06 20:57:00,CUST0372,Beer,2
T1120,2024-06-06 20:57:00,CUST0372,Diapers,2
T1120,2024-06-06 20:57:00,CUST0372,Flour,2
T1120,2024-06-06 20:57:00,CUST0372,Fish Fillet,2
T1120,2024-06-06 20:57:00,CUST0372,Toothbrush,2
T1121,2024-08-13 13:26:00,CUST0078,Butter,2
T1121,2024-08-13 13:26:00,CUST0078,Lettuce,2
T1121,2024-08-13 13:26:00,CUST0078,Milk,2
T1121,2024-08-13 13:26:00,CUST0078,Bread,2
T1121,2024-08-13 13:26:00,CUST0078,Soda,2
T1121,2024-08-13 13:26:00,CUST0078,Chips,2
T1121,2024-08-13 13:26:00,CUST0078,Ice Cream,2
T1121,2024-08-13 13:26:00,CUST0078,Jam,2
T1121,2024-08-13 13:26:00,CUST0078,Paper Towels,2
T1121,2024-08-13 13:26:00,CUST0078,Apples,2
T1121,2024-08-13 13:26:00,CUST0078,Bananas,2
T1122,2024-06-24 16:22:00,CUST0347,Soda,2
T1122,2024-06-24 16:22:00,CUST0347,Chips,2
T1122,2024-06-24 16:22:00,CUST0347,Rice,2
T1122,2024-06-24 16:22:00,CUST0347,Ice Cream,2
T1122,2024-06-24 16:22:00,CUST0347,Chocolate,2
T1122,2024-06-24 16:22:00,CUST0347,Yogurt,2
T1122,2024-06-24 16:22:00,CUST0347,Pasta Sauce,2
T1122,2024-06-24 16:22:00,CUST0347,Paper Towels,2
T1122,2024-06-24 16:22:00,CUST0347,Wine,2
T1122,2024-06-24 16:22:00,CUST0347,Orange Juice,2
T1122,2024-06-24 16:22:00,CUST0347,Bananas,2
T1123,2024-09-07 13:30:00,CUST0179,Tomatoes,2
T1123,2024-09-07 13:30:00,CUST0179,Cream,2
T1123,2024-09-07 13:30:00,CUST0179,Cooking Oil,2
T1123,,CUST0179,Bacon,2
T1123,2024-09-07 13:30:00,CUST0179,Fish Fillet,2
T1123,2024-09-07 13:30:00, CUST0179 ,Bananas,2
T1124,2024-02-10 13:59:00,CUST0227,Butter,2
T1124,2024-02-10 13:59:00,CUST0227,Soda,2
T1124,2024-02-10 13:59:00,CUST0227,Energy Drink,2
T1124,,,Chips,2
T1124,2024-02-10 13:59:00,CUST0227,Chicken Breast,2
T1124,2024-02-10 13:59:00,CUST0227,Bacon,2
T1124,2024-02-10 13:59:00,CUST0227,Sausages,2
T1124,2024-02-10 13:59:00,CUST0227,Sugar,2
T1125,2024-04-25 18:14:00,CUST0027,Peanut Butter,2
T1125,2024-04-25 18:14:00,CUST0027,Cream,2
T1125,2024-04-25 18:14:00,CUST0027,Soap,2
T1125,2024-04-25 18:14:00,CUST0027,Bagels,2
T1125,2024-04-25 18:14:00,CUST0027,Orange Juice,2
T1125,2024-04-25 18:14:00,CUST0027,Potatoes,2
T1126,2024-08-31 15:41:00,CUST0103,Energy Drink,2
T1126,2024-08-31 15:41:00,CUST0103,Milk,2
T1126,2024-08-31 15:41:00,CUST0103,Bread,2
T1126,2024-08-31 15:41:00,CUST0103,Cereal,2
T1127,2024-03-31 08:53:00,CUST0204,Cereal,2
T1127,2024-03-31 08:53:00,CUST0204,Milk,2
T1127,2024-03-31 08:53:00,CUST0204,Chocolate,2
T1127,2024-03-31 08:53:00,CUST0204,Toothpaste,2
T1127,2024-03-31 08:53:00,CUST0204,Honey,2
T1128,2024-06-18 10:46:00,CUST0235,Peanut Butter,2
T1128,2024-06-18 10:46:00,CUST0235,Baby Wipes,2
T1128,2024-06-18 10:46:00,CUST0235,Energy Drink,2
T1128,2024-06-18 10:46:00,CUST0235,Chips,2
T1128,2024-06-18 10:46:00,CUST0235,Cooking Oil,2
T1128,2024-06-18 10:46:00,CUST0235,Frozen Vegetables,2
T1128,,CUST0235,Bacon,2
T1128,,CUST0235,Chicken Breast,2
T1128,2024-06-18 10:46:00,CUST0235,Beer,2
T1128,2024-06-18 10:46:00,CUST0235,Popcorn,2
T1128,2024-06-18 10:46:00,CUST0235,Orange Juice,2
T1129,2024-09-20 13:05:00,CUST0206,Bacon,2
T1129,2024-09-20 13:05:00,CUST0206,Shampoo,2
T1129,2024-09-20 13:05:00,CUST0206,Diapers,2
T1129,2024-09-20 13:05:00,CUST0206,Baby Food,2
T1130,2024-04-30 08:42:00,CUST0061,Lemons,2
T1130,2024-04-30 08:42:00,CUST0061,Baby Wipes,2
T1130,2024-04-30 08:42:00,CUST0061,Baby Food,2
T1130,2024-04-30 08:42:00,CUST0061,Chicken Breast,2
T1130,2024-04-30 08:42:00,CUST0061,Cooking Oil,2
T1130,2024-04-30 08:42:00,CUST0061,Beer,2
T1130,2024-04-30 08:42:00,CUST0061,Diapers,2
T1130,2024-04-30 08:42:00,CUST0061,Fish Fillet,2
T1130,2024-04-30 08:42:00,CUST0061,Bagels,2
T1131,2024-08-20 19:38:00,CUST0192,Baby Food,2
T1131,2024-08-20 19:38:00,CUST0192,Tomatoes,2
T1131,2024-08-20 19:38:00,CUST0192,Dish Soap,2
T1131,2024-08-20 19:38:00,CUST0192,Coffee,2
T1131,2024-08-20 19:38:00,CUST0192,Sausages,2
T1131,,CUST0192,Orange Juice,2
T1132,,CUST0281,Lettuce,2
T1132,2024-02-27 08:53:00,CUST0281,Baby Food,2
T1132,2024-02-27 08:53:00,CUST0281,Detergent,2
T1132,2024-02-27 08:53:00,CUST0281,Dish Soap,2
T1133,2024-08-21 17:03:00,CUST0287,Baby Wipes,2
T1133,2024-08-21 17:03:00,CUST0287,Baby Food,2
T1133,,CUST0287,Soda,2
T1133,2024-08-21 17:03:00,CUST0287,Oats,2
T1133,2024-08-21 17:03:00,CUST0287,Detergent,2
T1133,2024-08-21 17:03:00,CUST0287,Chips,2
T1133,2024-08-21 17:03:00,CUST0287,Ice Cream,2
T1133,2024-08-21 17:03:00,CUST0287,  yogurt ,2
T1134,2024-01-31 09:59:00,CUST0242,Butter,2
T1134,2024-01-31 09:59:00,CUST0242,Bread,2
T1134,2024-01-31 09:59:00,CUST0242,Avocado,2
T1134,2024-01-31 09:59:00,CUST0242,Chicken Breast,2
T1134,2024-01-31 09:59:00,CUST0242,Eggs,2
T1134,2024-01-31 09:59:00,CUST0242,Sugar,2
T1134,2024-01-31 09:59:00,CUST0242,Toothbrush,2
T1134,2024-01-31 09:59:00,CUST0242,Apples,2
T1135,2024-03-06 19:14:00,CUST0002,Cereal,2
T1135,2024-03-06 19:14:00,CUST0002,Toothpaste,2
T1135,2024-03-06 19:14:00,CUST0002,Baby Food,2
T1135,2024-03-06 19:14:00,CUST0002,Dish Soap,2
T1135,,CUST0002,Sugar,2
T1135,2024-03-06 19:14:00,CUST0002,Paper Towels,2
T1135,2024-03-06 19:14:00,CUST0002,Cookies,2
T1136,2024-08-02 17:49:00,CUST0009,Ground Beef,2
T1136,2024-08-02 17:49:00,,Chips,2
T1136,2024-08-02 17:49:00,CUST0009,Jam,2
T1136,2024-08-02 17:49:00,CUST0009,Beer,2
T1136,2024-08-02 17:49:00,CUST0009,  popcorn ,2
T1136,2024-08-02 17:49:00,CUST0009,Honey,2
T1137,2024-01-29 10:32:00,CUST0149,Butter,2
T1137,2024-01-29 10:32:00,CUST0149,Lettuce,2
T1137,2024-01-29 10:32:00,CUST0149,Cheese,2
T1137,2024-01-29 10:32:00,CUST0149,Apples,2
T1137,2024-01-29 10:32:00,CUST0149,Pasta Sauce,2
T1137,2024-01-29 10:32:00,CUST0149,Diapers,2
T1137,2024-01-29 10:32:00,CUST0149,Onions,2
T1137,2024-01-29 10:32:00,CUST0149,Pasta,2
T1137,2024-01-29 10:32:00,CUST0149,Shampoo,2
T1138,2024-03-30 18:43:00,CUST0219,Tomatoes,2
T1138,2024-03-30 18:43:00,CUST0219,Soda,2
T1138,2024-03-30 18:43:00,CUST0219,Ground Beef,2
T1138,2024-03-30 18:43:00,CUST0219,Chips,2
T1138,2024-03-30 18:43:00,CUST0219,Fish Fillet,2
T1138,2024-03-30 18:43:00,CUST0219,Potatoes,2
T1139,2024-04-25 12:54:00,CUST0363,Onions,2
T1139,2024-04-25 12:54:00,CUST0363,Cooking Oil,2
T1139,2024-04-25 12:54:00,CUST0363,Eggs,2
T1139,,CUST0363,  paper towels ,2
T1139,2024-04-25 12:54:00,CUST0363,Wine,2
T1139,2024-04-25 12:54:00,CUST0363,Cookies,2
T1140,2024-07-08 09:34:00,,Lettuce,2
T1140,2024-07-08 09:34:00,CUST0371,Avocado,2
T1140,2024-07-08 09:34:00,CUST0371,Trash Bags,2
T1140,2024-07-08 09:34:00,CUST0371,Cooking Oil,2
T1140,2024-07-08 09:34:00,CUST0371,Beer,2
T1140,2024-07-08 09:34:00,CUST0371,Cereal,2
T1140,2024-07-08 09:34:00,CUST0371,Orange Juice,2
T1140,,CUST0371,Bananas,2
T1141,2024-04-14 14:58:00,CUST0123,Milk,2
T1141,2024-04-14 14:58:00,CUST0123,Lettuce,2
T1141,2024-04-14 14:58:00,CUST0123,Coffee,2
T1141,,CUST0123,Ice Cream,2
T1141,2024-04-14 14:58:00,CUST0123,Cooking Oil,2
T1141,2024-04-14 14:58:00,CUST0123,Sugar,2
T1141,2024-04-14 14:58:00,CUST0123,Popcorn,2
T1141,2024-04-14 14:58:00,CUST0123,Fish Fillet,2
T1141,2024-04-14 14:58:00,CUST0123,Bagels,2
T1141,2024-04-14 14:58:00,CUST0123,Apples,2
T1141,2024-04-14 14:58:00,CUST0123,Bananas,2
T1142,2024-07-08 13:26:00,CUST0024,Tea,2
T1142,2024-07-08 13:26:00,CUST0024,Croissant,2
T1142,2024-07-08 13:26:00,CUST0024,Frozen Vegetables,2
T1142,2024-07-08 13:26:00,CUST0024,Beer,2
T1142,2024-07-08 13:26:00,CUST0024,Pasta Sauce,2
T1142,2024-07-08 13:26:00,CUST0024,Wine,2
T1142,2024-07-08 13:26:00,CUST0024,Honey,2
T1143,2024-05-05 15:35:00,CUST0336,Salsa,2
T1143,2024-05-05 15:35:00,CUST0336,Cream,2
T1143,2024-05-05 15:35:00,CUST0336,Chips,2
T1143,2024-05-05 15:35:00,CUST0336,Cooking Oil,2
T1143,2024-05-05 15:35:00,CUST0336,Bagels,2
T1144,2024-07-30 10:53:00,,Frozen Pizza,2
T1144,2024-07-30 10:53:00,CUST0323,Milk,2
T1144,2024-07-30 10:53:00,CUST0323,Cheese,2
T1144,2024-07-30 10:53:00,CUST0323,Croissant,2
T1144,2024-07-30 10:53:00,CUST0323,  coffee ,2
T1144,2024-07-30 10:53:00,CUST0323,Eggs,2
T1144,2024-07-30 10:53:00,CUST0323,Yogurt,2
T1144,2024-07-30 10:53:00,CUST0323,Sugar,2
T1144,2024-07-30 10:53:00,CUST0323,Orange Juice,2
T1144,2024-07-30 10:53:00,CUST0323,Cookies,2
T1145,2024-05-20 16:18:00,CUST0009,Frozen Pizza,2
T1145,2024-05-20 16:18:00,CUST0009,Baby Wipes,2
T1145,2024-05-20 16:18:00,CUST0009,Bread,2
T1145,2024-05-20 16:18:00,CUST0009,Croissant,2
T1145,2024-05-20 16:18:00,CUST0009,Dish Soap,2
T1145,2024-05-20 16:18:00,CUST0009,Ice Cream,2
T1145,2024-05-20 16:18:00,CUST0009,Bacon,2
T1145,2024-05-20 16:18:00,CUST0009,Yogurt,2
T1145,2024-05-20 16:18:00,CUST0009,Soap,2
T1146,2024-09-26 12:52:00,CUST0182,Eggs,2
T1146,2024-09-26 12:52:00,CUST0182,Peanut Butter,2
T1146,2024-09-26 12:52:00,CUST0182,Bottled Water,2
T1146,2024-09-26 12:52:00,CUST0182,Honey,2
T1147,2024-03-28 09:31:00,CUST0223,Milk,2
T1147,2024-03-28 09:31:00,,Tomatoes,2
T1147,2024-03-28 09:31:00,CUST0223,Ground Beef,2
T1147,2024-03-28 09:31:00,CUST0223,Wine,2
T1147,2024-03-28 09:31:00,CUST0223,Oats,2
T1147,2024-03-28 09:31:00,CUST0223,Pasta Sauce,2
T1147,2024-03-28 09:31:00,CUST0223,Cereal,2
T1147,2024-03-28 09:31:00,CUST0223,Fish Fillet,2
T1147,2024-03-28 09:31:00,CUST0223,Shampoo,2
T1147,2024-03-28 09:31:00,CUST0223,Paper Towels,2
T1148,2024-03-14 20:52:00,CUST0365,Butter,2
T1148,2024-03-14 20:52:00,CUST0365,Milk,2
T1148,2024-03-14 20:52:00,CUST0365,Ground Beef,2
T1148,2024-03-14 20:52:00,CUST0365,Croissant,2
T1148,2024-03-14 20:52:00,CUST0365,Chicken Breast,2
T1148,2024-03-14 20:52:00,CUST0365,Chocolate,2
T1148,2024-03-14 20:52:00,CUST0365,Ice Cream,2
T1148,2024-03-14 20:52:00,CUST0365,Eggs,2
T1148,2024-03-14 20:52:00,CUST0365,Pasta Sauce,2
T1148,2024-03-14 20:52:00,CUST0365,Cereal,2
T1148,2024-03-14 20:52:00,CUST0365,Wine,2
T1149,2024-06-26 08:06:00,CUST0224,Energy Drink,2
T1149,2024-06-26 08:06:00,CUST0224,Trash Bags,2
T1149,2024-06-26 08:06:00,CUST0224,Chips,2
T1149,2024-06-26 08:06:00,CUST0224,Cooking Oil,2
T1149,2024-06-26 08:06:00,CUST0224,Pasta Sauce,2
T1149,2024-06-26 08:06:00,CUST0224,Cereal,2
T1149,2024-06-26 08:06:00,CUST0224,Pasta,2
T1149,2024-06-26 08:06:00,CUST0224,Orange Juice,2
T1150,2024-07-13 09:49:00,CUST0317,Frozen Pizza,2
T1150,2024-07-13 09:49:00,,Baby Food,2
T1150,2024-07-13 09:49:00,CUST0317,Toilet Paper,2
T1150,2024-07-13 09:49:00,CUST0317,Rice,2
T1150,2024-07-13 09:49:00,CUST0317,Muffins,2
T1150,2024-07-13 09:49:00,CUST0317,Chicken Breast,2
T1150,2024-07-13 09:49:00,CUST0317,Salt,2
T1150,2024-07-13 09:49:00,CUST0317,Pasta Sauce,2
T1150,2024-07-13 09:49:00,CUST0317,Onions,2
T1150,2024-07-13 09:49:00,CUST0317,Pasta,2
T1150,2024-07-13 09:49:00,CUST0317,Paper Towels,2
T1151,2024-08-15 13:48:00,CUST0139,Salsa,2
T1151,2024-08-15 13:48:00,CUST0139,Peanut Butter,2
T1151,2024-08-15 13:48:00,CUST0139,Soda,2
T1151,2024-08-15 13:48:00,CUST0139,Detergent,2
T1151,2024-08-15 13:48:00,CUST0139,Chips,2
T1151,2024-08-15 13:48:00,CUST0139,Pasta Sauce,2
T1151,2024-08-15 13:48:00,CUST0139,Bottled Water,2
T1152,2024-07-17 20:05:00,CUST0372,Peanut Butter,2
T1152,,CUST0372,Oats,2
T1152,2024-07-17 20:05:00,CUST0372,Trash Bags,2
T1152,2024-07-17 20:05:00,CUST0372,Salt,2
T1152,2024-07-17 20:05:00,,Muffins,2
T1152,2024-07-17 20:05:00,CUST0372,Rice,2
T1152,2024-07-17 20:05:00,CUST0372,Pasta Sauce,2
T1152,2024-07-17 20:05:00,CUST0372,Soap,2
T1152,2024-07-17 20:05:00,CUST0372,Bagels,2
T1152,2024-07-17 20:05:00,CUST0372,Pasta,2
T1153,2024-06-02 15:50:00,CUST0040,Salsa,2
T1153,2024-06-02 15:50:00,CUST0040,Lettuce,2
T1153,2024-06-02 15:50:00, CUST0040 ,Tomatoes,2
T1153,2024-06-02 15:50:00,CUST0040,Avocado,2
T1153,2024-06-02 15:50:00,CUST0040,Soda,2
T1153,2024-06-02 15:50:00,CUST0040,Chips,2
T1153,2024-06-02 15:50:00,CUST0040,Ice Cream,2
T1153,2024-06-02 15:50:00,CUST0040,Chocolate,2
T1154,2024-06-19 21:39:00,CUST0195,Peanut Butter,2
T1154,2024-06-19 21:39:00,CUST0195,Baby Wipes,2
T1154,2024-06-19 21:39:00,CUST0195,Soda,2
T1154,2024-06-19 21:39:00,CUST0195,Orange Juice,2
T1155,2024-05-04 13:24:00,CUST0144,Salsa,2
T1155,2024-05-04 13:24:00,CUST0144,Frozen Pizza,2
T1155,2024-05-04 13:24:00,CUST0144,Milk,2
T1155,2024-05-04 13:24:00,CUST0144,Toilet Paper,2
T1155,2024-05-04 13:24:00,CUST0144,Chips,2
T1155,2024-05-04 13:24:00,CUST0144,Ice Cream,2
T1155,2024-05-04 13:24:00,CUST0144,Chocolate,2
T1155,2024-05-04 13:24:00,CUST0144,Sausages,2
T1155,2024-05-04 13:24:00,CUST0144,Beer,2
T1155,2024-05-04 13:24:00,CUST0144,Pasta Sauce,2
T1155,2024-05-04 13:24:00,CUST0144,Cereal,2
T1156,2024-08-24 19:13:00,CUST0225,Ground Beef,2
T1156,2024-08-24 19:13:00,CUST0225,Chicken Breast,2
T1156,2024-08-24 19:13:00,CUST0225,Onions,2
T1157,2024-03-19 19:27:00, CUST0405 ,Eggs,2
T1157,2024-03-19 19:27:00,CUST0405,Potatoes,2
T1157,2024-03-19 19:27:00,CUST0405,Fish Fillet,2
T1157,2024-03-19 19:27:00,CUST0405,Paper Towels,2
T1158,2024-06-18 20:27:00,CUST0055,Peanut Butter,2
T1158,2024-06-18 20:27:00,CUST0055,Butter,2
T1158,2024-06-18 20:27:00,CUST0055,Milk,2
T1158,2024-06-18 20:27:00,CUST0055,Toothpaste,2
T1158,2024-06-18 20:27:00,CUST0055,Lettuce,2
T1158,2024-06-18 20:27:00,CUST0055,Detergent,2
T1158,2024-06-18 20:27:00,CUST0055,Chips,2
T1158,2024-06-18 20:27:00,CUST0055,Salt,2
T1158,2024-06-18 20:27:00,CUST0055,Cereal,2
T1158,2024-06-18 20:27:00,CUST0055,Shampoo,2
T1159,2024-01-13 15:06:00,CUST0152,Baby Food,2
T1159,2024-01-13 15:06:00,CUST0152,Tomatoes,2
T1159,2024-01-13 15:06:00,CUST0152,Toilet Paper,2
T1159,2024-01-13 15:06:00,CUST0152,Dish Soap,2
T1159,2024-01-13 15:06:00,CUST0152,Beer,2
T1159,2024-01-13 15:06:00,CUST0152,Bottled Water,2
T1160,2024-04-15 16:30:00,CUST0179,Sugar,2
T1160,2024-04-15 16:30:00,CUST0179,Pasta,2
T1160,2024-04-15 16:30:00,CUST0179,Pasta Sauce,2
T1160,2024-04-15 16:30:00,CUST0179,Flour,2
T1161,2024-03-25 19:15:00,CUST0265,Butter,2
T1161,2024-03-25 19:15:00,CUST0265,Croissant,2
T1161,2024-03-25 19:15:00,CUST0265,Chips,2
T1161,2024-03-25 19:15:00,,Jam,2
T1161,2024-03-25 19:15:00,CUST0265,Beer,2
T1161,2024-03-25 19:15:00,CUST0265,Flour,2
T1162,2024-04-11 15:37:00,CUST0220,Baby Food,2
T1162,2024-04-11 15:37:00,CUST0220,Diapers,2
T1162,2024-04-11 15:37:00,CUST0220,Tissues,2
T1162,2024-04-11 15:37:00,CUST0220,Shampoo,2
T1162,2024-04-11 15:37:00,CUST0220,Cookies,2
T1163,2024-04-05 13:20:00,CUST0101,Bacon,2
T1163,2024-04-05 13:20:00,CUST0101,Eggs,2
T1163,2024-04-05 13:20:00,CUST0101,Peanut Butter,2
T1164,2024-06-01 17:37:00,CUST0044,Baby Wipes,2
T1164,2024-06-01 17:37:00,CUST0044,Toilet Paper,2
T1164,2024-06-01 17:37:00,CUST0044,Trash Bags,2
T1164,2024-06-01 17:37:00,CUST0044,Salt,2
T1164,, CUST0044 ,Coffee,2
T1164,2024-06-01 17:37:00,CUST0044,Jam,2
T1164,2024-06-01 17:37:00,CUST0044,Sugar,2
T1165,2024-09-06 18:34:00,CUST0356,Milk,2
T1165,2024-09-06 18:34:00,CUST0356,Cheese,2
T1165,2024-09-06 18:34:00,CUST0356,Toothpaste,2
T1165,2024-09-06 18:34:00,,Trash Bags,2
T1165,2024-09-06 18:34:00,CUST0356,Pasta Sauce,2
T1165,2024-09-06 18:34:00,CUST0356,Cereal,2
T1165,2024-09-06 18:34:00,CUST0356,Pasta,2
T1165,2024-09-06 18:34:00,CUST0356,Orange Juice,2
T1166,2024-04-09 21:24:00,CUST0288,Energy Drink,2
T1166,2024-04-09 21:24:00,CUST0288,Detergent,2
T1166,2024-04-09 21:24:00,CUST0288,Baby Food,2
T1166,2024-04-09 21:24:00,CUST0288,Diapers,2
T1167,2024-05-27 10:49:00,CUST0235,Frozen Pizza,2
T1167,2024-05-27 10:49:00,CUST0235,Tomatoes,2
T1167,2024-05-27 10:49:00,CUST0235,Chips,2
T1167,2024-05-27 10:49:00,CUST0235,Sausages,2
T1167,2024-05-27 10:49:00,CUST0235,Diapers,2
T1167,2024-05-27 10:49:00,CUST0235,Soap,2
T1167,2024-05-27 10:49:00,CUST0235,Cereal,2
T1168,2024-05-06 12:55:00,CUST0017,Peanut Butter,2
T1168,2024-05-06 12:55:00,CUST0017,Butter,2
T1168,2024-05-06 12:55:00,CUST0017,Diapers,2
T1168,2024-05-06 12:55:00,CUST0017,Soap,2
T1168,2024-05-06 12:55:00,CUST0017,  toothbrush ,2
T1168,2024-05-06 12:55:00,CUST0017,Apples,2
T1168,2024-05-06 12:55:00,CUST0017,Orange Juice,2
T1169,2024-03-12 20:13:00,CUST0417,Cooking Oil,2
T1169,2024-03-12 20:13:00,CUST0417,Chicken Breast,2
T1169,2024-03-12 20:13:00,CUST0417,Sugar,2
T1169,2024-03-12 20:13:00,CUST0417,Toothbrush,2
T1169,2024-03-12 20:13:00,CUST0417,Bananas,2
T1170,2024-05-21 21:41:00,,Milk,2
T1170,2024-05-21 21:41:00,CUST0065,Bread,2
T1170,2024-05-21 21:41:00,CUST0065,Chips,2
T1170,2024-05-21 21:41:00,CUST0065,Rice,2
T1170,2024-05-21 21:41:00,CUST0065,Chicken Breast,2
T1170,2024-05-21 21:41:00,CUST0065,Eggs,2
T1170,2024-05-21 21:41:00,CUST0065,Sausages,2
T1170,2024-05-21 21:41:00,CUST0065,Soap,2
T1170,2024-05-21 21:41:00,CUST0065,Orange Juice,2
T1170,,CUST0065,Honey,2
T1171,2024-05-22 19:59:00,CUST0189,Baby Food,2
T1171,2024-05-22 19:59:00,CUST0189,Soda,2
T1171,2024-05-22 19:59:00,CUST0189,Oats,2
T1171,2024-05-22 19:59:00,CUST0189,Chips,2
T1171,2024-05-22 19:59:00,CUST0189,Chicken Breast,2
T1171,2024-05-22 19:59:00,CUST0189,Eggs,2
T1171,2024-05-22 19:59:00,CUST0189,  diapers ,2
T1171,2024-05-22 19:59:00,CUST0189,Toothpaste,2
T1171,2024-05-22 19:59:00,CUST0189,Paper Towels,2
T1172,2024-07-22 11:27:00,CUST0109,Baby Wipes,2
T1172,2024-07-22 11:27:00,CUST0109,Salt,2
T1172,2024-07-22 11:27:00,CUST0109,Soap,2
T1173,2024-03-21 15:29:00,CUST0001,Cereal,2
T1173,2024-03-21 15:29:00,CUST0001,Tea,2
T1173,2024-03-21 15:29:00,CUST0001,Frozen Pizza,2
T1173,2024-03-21 15:29:00,CUST0001,Milk,2
T1173,2024-03-21 15:29:00,CUST0001,Cheese,2
T1173,2024-03-21 15:29:00,CUST0001,Butter,2
T1173,2024-03-21 15:29:00,CUST0001,Baby Wipes,2
T1173,2024-03-21 15:29:00,CUST0001,Croissant,2
T1173,2024-03-21 15:29:00,CUST0001,Coffee,2
T1173,2024-03-21 15:29:00,CUST0001,Flour,2
T1173,2024-03-21 15:29:00,CUST0001,Honey,2
T1174,2024-03-25 08:25:00,CUST0321,Soda,2
T1174,2024-03-25 08:25:00,CUST0321,Avocado,2
T1174,2024-03-25 08:25:00,CUST0321,Chips,2
T1174,2024-03-25 08:25:00,CUST0321,Bacon,2
T1174,2024-03-25 08:25:00,CUST0321,Eggs,2
T1174,2024-03-25 08:25:00,CUST0321,Cereal,2
T1174,2024-03-25 08:25:00,CUST0321,Wine,2
T1175,2024-02-09 10:37:00,CUST0116,Bacon,2
T1175,2024-02-09 10:37:00,CUST0116,Honey,2
T1176,2024-02-15 19:51:00,CUST0053,Tea,2
T1176,2024-02-15 19:51:00,CUST0053,Chips,2
T1176,2024-02-15 19:51:00,CUST0053,Coffee,2
T1176,2024-02-15 19:51:00,CUST0053,Ice Cream,2
T1176,2024-02-15 19:51:00,CUST0053,Eggs,2
T1176,2024-02-15 19:51:00,CUST0053,Beer,2
T1176,2024-02-15 19:51:00,CUST0053,Toothbrush,2
T1177,2024-01-05 17:41:00,CUST0085,Soda,2
T1177,2024-01-05 17:41:00,CUST0085,Cream,2
T1177,2024-01-05 17:41:00,CUST0085,Cooking Oil,2
T1177,2024-01-05 17:41:00,CUST0085,Chicken Breast,2
T1178,2024-03-12 20:07:00,CUST0302,Apples,2
T1178,2024-03-12 20:07:00,CUST0302,Diapers,2
T1178,2024-03-12 20:07:00,CUST0302,Soap,2
T1179,2024-05-02 15:24:00,CUST0058,Cheese,2
T1179,2024-05-02 15:24:00,CUST0058,Fish Fillet,2
T1179,2024-05-02 15:24:00,CUST0058,Toilet Paper,2
T1179,2024-05-02 15:24:00,CUST0058,Cooking Oil,2
T1179,2024-05-02 15:24:00,CUST0058,Muffins,2
T1179,2024-05-02 15:24:00,CUST0058,Bacon,2
T1179,2024-05-02 15:24:00,CUST0058,Sausages,2
T1179,2024-05-02 15:24:00,CUST0058,Popcorn,2
T1179,2024-05-02 15:24:00, CUST0058 ,Onions,2
T1179,2024-05-02 15:24:00,CUST0058,Wine,2
T1179,2024-05-02 15:24:00,CUST0058,Bananas,2
T1180,2024-06-11 10:24:00,CUST0292,Detergent,2
T1180,2024-06-11 10:24:00,CUST0292,Bananas,2
T1181,2024-01-21 08:50:00,CUST0204,Detergent,2
T1181,2024-01-21 08:50:00,CUST0204,Cream,2
T1182,2024-02-03 12:44:00,CUST0224,Pasta,2
T1182,2024-02-03 12:44:00,CUST0224,Ground Beef,2
T1182,2024-02-03 12:44:00,CUST0224,Toilet Paper,2
T1182,2024-02-03 12:44:00,CUST0224,Rice,2
T1182,2024-02-03 12:44:00,CUST0224,Cereal,2
T1182,2024-02-03 12:44:00,CUST0224,Bottled Water,2
T1182,2024-02-03 12:44:00,CUST0224,Apples,2
T1182,2024-02-03 12:44:00,CUST0224,Bananas,2
T1183,2024-01-06 10:31:00,CUST0178,Baby Wipes,2
T1183,2024-01-06 10:31:00,CUST0178,Baby Food,2
T1183,2024-01-06 10:31:00,CUST0178,Chips,2
T1183,2024-01-06 10:31:00,CUST0178,Coffee,2
T1183,2024-01-06 10:31:00,CUST0178,Chocolate,2
T1183,2024-01-06 10:31:00,CUST0178,Bagels,2
T1184,,CUST0033,Muffins,2
T1184,2024-08-07 12:33:00,CUST0033,Coffee,2
T1184,2024-08-07 12:33:00,CUST0033,Rice,2
T1184,2024-08-07 12:33:00,CUST0033,Chicken Breast,2
T1185,2024-09-17 08:02:00,CUST0007,Peanut Butter,2
T1185,2024-09-17 08:02:00,CUST0007,Avocado,2
T1185,2024-09-17 08:02:00,CUST0007,Energy Drink,2
T1185,2024-09-17 08:02:00,CUST0007,Detergent,2
T1185,2024-09-17 08:02:00,CUST0007,Chips,2
T1185,2024-09-17 08:02:00,CUST0007,Dish Soap,2
T1185,2024-09-17 08:02:00,CUST0007,Frozen Vegetables,2
T1185,2024-09-17 08:02:00,CUST0007,Ice Cream,2
T1185,2024-09-17 08:02:00,CUST0007,Yogurt,2
T1185,2024-09-17 08:02:00,CUST0007,Jam,2
T1186,2024-08-02 11:20:00,CUST0128,Shampoo,2
T1186,2024-08-02 11:20:00,CUST0128,Milk,2
T1186,2024-08-02 11:20:00,CUST0128,Soap,2
T1186,2024-08-02 11:20:00,CUST0128,Chocolate,2
T1187,2024-01-27 10:14:00,CUST0412,Bagels,2
T1187,2024-01-27 10:14:00,CUST0412,Cream,2
T1188,2024-01-05 13:12:00,CUST0150,Milk,2
T1188,,CUST0150,Bread,2
T1188,2024-01-05 13:12:00,CUST0150,Oats,2
T1188,2024-01-05 13:12:00,CUST0150,Rice,2
T1188,2024-01-05 13:12:00,CUST0150,Eggs,2
T1188,,CUST0150,Pasta,2
T1189,2024-01-13 11:34:00,CUST0178,Tea,2
T1189,2024-01-13 11:34:00,CUST0178,  lettuce ,2
T1189,2024-01-13 11:34:00,CUST0178,Bread,2
T1189,2024-01-13 11:34:00,CUST0178,Cream,2
T1189,2024-01-13 11:34:00,CUST0178,  bottled water ,2
T1190,2024-01-31 10:45:00,CUST0144,Peanut Butter,2
T1190,2024-01-31 10:45:00,CUST0144,Lettuce,2
T1190,2024-01-31 10:45:00,CUST0144,Avocado,2
T1190,2024-01-31 10:45:00,CUST0144,Bacon,2
T1190,2024-01-31 10:45:00,CUST0144,Potatoes,2
T1190,2024-01-31 10:45:00,CUST0144,Bananas,2
T1191,2024-03-07 11:18:00,CUST0134,Baby Wipes,2
T1191,2024-03-07 11:18:00,CUST0134,Energy Drink,2
T1191,2024-03-07 11:18:00,CUST0134,Toilet Paper,2
T1191,2024-03-07 11:18:00,CUST0134,Dish Soap,2
T1191,2024-03-07 11:18:00,CUST0134,Eggs,2
T1191,2024-03-07 11:18:00,CUST0134,Yogurt,2
T1191,2024-03-07 11:18:00,CUST0134,Soap,2
T1191,2024-03-07 11:18:00,CUST0134,Cereal,2
T1191,2024-03-07 11:18:00,CUST0134,Orange Juice,2
T1191,2024-03-07 11:18:00,CUST0134,Honey,2
T1192,2024-02-25 10:06:00,CUST0085,Salsa,2
T1192,2024-02-25 10:06:00,CUST0085,Rice,2
T1192,2024-02-25 10:06:00,CUST0085,Chips,2
T1192,2024-02-25 10:06:00,CUST0085,Chicken Breast,2
T1192,2024-02-25 10:06:00,CUST0085,Onions,2
T1193,2024-02-16 10:51:00,CUST0352,Lemons,2
T1193,2024-02-16 10:51:00,CUST0352,Baby Food,2
T1193,2024-02-16 10:51:00,CUST0352,Milk,2
T1193,2024-02-16 10:51:00,CUST0352,Beer,2
T1193,2024-02-16 10:51:00,CUST0352,Cereal,2
T1193,2024-02-16 10:51:00,CUST0352,Pasta,2
T1193,2024-02-16 10:51:00,CUST0352,Bananas,2
T1194,2024-06-02 12:52:00,CUST0090,Lettuce,2
T1194,2024-06-02 12:52:00,CUST0090,Soda,2
T1194,2024-06-02 12:52:00,CUST0090,Oats,2
T1194,2024-06-02 12:52:00,CUST0090,Toilet Paper,2
T1194,2024-06-02 12:52:00,CUST0090,Salt,2
T1194,2024-06-02 12:52:00,CUST0090,Bacon,2
T1194,2024-06-02 12:52:00,CUST0090,Eggs,2
T1195,2024-03-07 11:52:00,,Peanut Butter,2
T1195,2024-03-07 11:52:00,CUST0206,Lettuce,2
T1195,2024-03-07 11:52:00,CUST0206,Baby Food,2
T1195,2024-03-07 11:52:00,CUST0206,Beer,2
T1195,2024-03-07 11:52:00,CUST0206,Bagels,2
T1195,2024-03-07 11:52:00,CUST0206,Orange Juice,2
T1195,2024-03-07 11:52:00,CUST0206,Honey,2
T1196,2024-02-17 21:53:00,CUST0415,Salsa,2
T1196,2024-02-17 21:53:00,CUST0415,Croissant,2
T1196,2024-02-17 21:53:00,CUST0415,Cream,2
T1196,2024-02-17 21:53:00,CUST0415,Eggs,2
T1196,2024-02-17 21:53:00,CUST0415,  diapers ,2
T1196,2024-02-17 21:53:00,CUST0415,Bananas,2
T1197,2024-04-05 12:17:00,CUST0229,Milk,2
T1197,2034-04-03 12:17:00,CUST0229,Bread,2
T1197,2024-04-05 12:17:00,,Toilet Paper,2
T1197,2024-04-05 12:17:00,CUST0229,Muffins,2
T1197,2024-04-05 12:17:00,CUST0229,Frozen Vegetables,2
T1197,2024-04-05 12:17:00,CUST0229,Chocolate,2
T1197,2024-04-05 12:17:00,CUST0229,Paper Towels,2
T1197,2024-04-05 12:17:00,CUST0229,Toothbrush,2
T1198,2024-09-05 13:58:00,CUST0290,Salsa,2
T1198,2024-09-05 13:58:00,CUST0290,Frozen Pizza,2
T1198,2024-09-05 13:58:00,CUST0290,Milk,2
T1198,2024-09-05 13:58:00,CUST0290,Lettuce,2
T1198,2024-09-05 13:58:00,CUST0290,Soda,2
T1198,2024-09-05 13:58:00,CUST0290,Bread,2
T1198,2024-09-05 13:58:00,CUST0290,Croissant,2
T1198,2024-09-05 13:58:00,CUST0290,Salt,2
T1198,2024-09-05 13:58:00,CUST0290,Eggs,2
T1198,2024-09-05 13:58:00,CUST0290,Paper Towels,2
T1199,2024-08-29 16:22:00,CUST0393,Ground Beef,2
T1199,2024-08-29 16:22:00,CUST0393,Muffins,2
T1199,2024-08-29 16:22:00,CUST0393,Yogurt,2
T1199,2024-08-29 16:22:00,CUST0393,Pasta Sauce,2
T1199,2024-08-29 16:22:00,CUST0393,Onions,2
T1200,2024-04-22 17:54:00,CUST0409,Salsa,2
T1200,2024-04-22 17:54:00,CUST0409,Baby Wipes,2
T1200,2024-04-22 17:54:00,CUST0409,Chips,2
T1200,2024-04-22 17:54:00,CUST0409,Soda,2
T1201,2024-04-29 17:14:00,CUST0011,Soda,2
T1201,2024-04-29 17:14:00,CUST0011,Energy Drink,2
T1201,2024-04-29 17:14:00,CUST0011,Salt,2
T1201,2024-04-29 17:14:00,CUST0011,Chips,2
T1201,2024-04-29 17:14:00,CUST0011,Muffins,2
T1201,2024-04-29 17:14:00,CUST0011,Frozen Vegetables,2
T1201,2024-04-29 17:14:00,CUST0011,Chocolate,2
T1201,2024-04-29 17:14:00,CUST0011,Pasta Sauce,2
T1201,2024-04-29 17:14:00,CUST0011,Popcorn,2
T1201,2024-04-29 17:14:00,CUST0011,Pasta,2
T1202,2024-03-13 20:07:00,CUST0270,Tea,2
T1202,2024-03-13 20:07:00,CUST0270,Rice,2
T1202,2024-03-13 20:07:00,CUST0270,Chocolate,2
T1202,2024-03-13 20:07:00,CUST0270,Flour,2
T1203,2024-08-11 20:40:00,,Cooking Oil,2
T1203,2024-08-11 20:40:00,CUST0250,Chicken Breast,2
T1203,2024-08-11 20:40:00,CUST0250,Pasta Sauce,2
T1203,2024-08-11 20:40:00,CUST0250,Onions,2
T1203,,CUST0250,Pasta,2
T1204,2024-06-11 20:39:00,CUST0114,Tea,2
T1204,2024-06-11 20:39:00,CUST0114,Baby Wipes,2
T1204,,CUST0114,Milk,2
T1204,2024-06-11 20:39:00,CUST0114,Bread,2
T1204,2024-06-11 20:39:00,CUST0114,Toilet Paper,2
T1204,2024-06-11 20:39:00,CUST0114,Chocolate,2
T1204,2024-06-11 20:39:00,CUST0114,Eggs,2
T1204,2024-06-11 20:39:00,CUST0114,Bacon,2
T1204,2024-06-11 20:39:00,CUST0114,Sausages,2
T1204,2024-06-11 20:39:00,CUST0114,Paper Towels,2
T1204,2024-06-11 20:39:00,,Pasta,2
T1205,2024-05-07 19:04:00,CUST0180,Baby Food,2
T1205,2024-05-07 19:04:00,CUST0180,Oats,2
T1205,2024-05-07 19:04:00,CUST0180,Chips,2
T1205,2024-05-07 19:04:00,CUST0180,Cooking Oil,2
T1205,2024-05-07 19:04:00,CUST0180,Pasta Sauce,2
T1205,2024-05-07 19:04:00,CUST0180,Pasta,2
T1206,2024-02-21 21:30:00,CUST0404,Cheese,2
T1206,2024-02-21 21:30:00,CUST0404,Chips,2
T1206,2024-02-21 21:30:00,CUST0404,Frozen Vegetables,2
T1206,2024-02-21 21:30:00,CUST0404,Sugar,2
T1206,2024-02-21 21:30:00,CUST0404,Pasta Sauce,2
T1206,2024-02-21 21:30:00,CUST0404,Soap,2
T1206,,CUST0404,Paper Towels,2
T1206,2024-02-21 21:30:00,CUST0404,Pasta,2
T1207,2024-06-12 12:06:00,CUST0038,Apples,2
T1207,2024-06-12 12:06:00,CUST0038,Orange Juice,2
T1207,2024-06-12 12:06:00,CUST0038,Bananas,2
T1208,2024-09-04 19:01:00,CUST0221,Avocado,2
T1208,2024-09-04 19:01:00,CUST0221,Lettuce,2
T1208,2024-09-04 19:01:00, CUST0221 ,Tomatoes,2
T1209,2024-09-08 10:03:00,CUST0185,Lemons,2
T1209,2024-09-08 10:03:00,CUST0185,Frozen Pizza,2
T1209,2024-09-08 10:03:00,CUST0185,Baby Wipes,2
T1209,2024-09-08 10:03:00,CUST0185,Baby Food,2
T1209,2024-09-08 10:03:00,CUST0185,Tomatoes,2
T1209,2024-09-08 10:03:00,CUST0185,Bacon,2
T1209,2024-09-08 10:03:00,,Diapers,2
T1209,2024-09-08 10:03:00,CUST0185,Fish Fillet,2
T1209,2024-09-08 10:03:00,CUST0185,Honey,2
T1210,2024-03-28 18:18:00,CUST0042,Sausages,2
T1210,2024-03-28 18:18:00,CUST0042,Ice Cream,2
T1211,2024-07-08 10:28:00,CUST0023,Cheese,2
T1211,2024-07-08 10:28:00,CUST0023,Oats,2
T1211,2024-07-08 10:28:00,CUST0023,Trash Bags,2
T1211,2024-07-08 10:28:00,CUST0023,Dish Soap,2
T1211,2024-07-08 10:28:00,CUST0023,Pasta Sauce,2
T1211,2024-07-08 10:28:00,CUST0023,Cookies,2
T1212,2024-07-30 20:37:00,CUST0117,Chips,2
T1212,2024-07-30 20:37:00,CUST0117,Yogurt,2
T1212,2024-07-30 20:37:00,CUST0117,Beer,2
T1212,2024-07-30 20:37:00,CUST0117,Cereal,2
T1212,2024-07-30 20:37:00,CUST0117,Bottled Water,2
T1212,2024-07-30 20:37:00,CUST0117,Honey,2
T1213,2024-01-18 16:36:00,CUST0265,Onions,2
T1213,2024-01-18 16:36:00,CUST0265,Fish Fillet,2
T1213,2024-01-18 16:36:00,CUST0265,  trash bags ,2
T1213,2024-01-18 16:36:00,CUST0265,Cereal,2
T1213,2024-01-18 16:36:00,,Wine,2
T1214,2024-03-05 08:27:00,CUST0041,Onions,2
T1214,2024-03-05 08:27:00,CUST0041,Frozen Pizza,2
T1214,2024-03-05 08:27:00,CUST0041,Apples,2
T1214,2024-03-05 08:27:00,CUST0041,Tomatoes,2
T1215,2024-09-24 20:26:00,CUST0058,Baby Wipes,2
T1215,2024-09-24 20:26:00,CUST0058,Soda,2
T1215,2024-09-24 20:26:00,CUST0058,Ground Beef,2
T1215,2024-09-24 20:26:00,CUST0058,Toilet Paper,2
T1215,2024-09-24 20:26:00,CUST0058,Trash Bags,2
T1215,2024-09-24 20:26:00,CUST0058,Chips,2
T1215,2024-09-24 20:26:00,CUST0058,Rice,2
T1215,2024-09-24 20:26:00,CUST0058,Paper Towels,2
T1215,2024-09-24 20:26:00,CUST0058,Wine,2
T1215,2024-09-24 20:26:00,CUST0058,Bagels,2
T1216,2024-03-14 17:38:00,CUST0349,Lemons,2
T1216,2024-03-14 17:38:00,CUST0349,Frozen Pizza,2
T1216,2024-03-14 17:38:00,CUST0349,Milk,2
T1216,2024-03-14 17:38:00,CUST0349,Trash Bags,2
T1216,2024-03-14 17:38:00,CUST0349,Chocolate,2
T1216,2024-03-14 17:38:00,CUST0349,Bacon,2
T1216,2024-03-14 17:38:00,CUST0349,Sugar,2
T1216,2024-03-14 17:38:00,CUST0349,Diapers,2
T1216,2024-03-14 17:38:00,CUST0349,Soap,2
T1216,2024-03-14 17:38:00,CUST0349,Wine,2
T1216,2024-03-14 17:38:00,CUST0349,Honey,2
T1217,2024-06-04 12:17:00,CUST0252,Eggs,2
T1217,2024-06-04 12:17:00,CUST0252,Milk,2
T1217,2024-06-04 12:17:00,CUST0252,Pasta Sauce,2
T1218,2024-07-27 19:31:00,CUST0389,Cheese,2
T1218,2024-07-27 19:31:00,CUST0389,Tomatoes,2
T1218,2024-07-27 19:31:00,CUST0389,Oats,2
T1218,2024-07-27 19:31:00,CUST0389,Pasta Sauce,2
T1218,2024-07-27 19:31:00,CUST0389,  popcorn ,2
T1218,2024-07-27 19:31:00,CUST0389,Onions,2
T1218,2024-07-27 19:31:00,CUST0389,Diapers,2
T1218,2024-07-27 19:31:00,CUST0389,Apples,2
T1219,2024-04-12 21:03:00,CUST0128,Muffins,2
T1219,2024-04-12 21:03:00,CUST0128,Chicken Breast,2
T1219,2024-04-12 21:03:00,CUST0128,Chocolate,2
T1219,2024-04-12 21:03:00,CUST0128,Onions,2
T1219,2024-04-12 21:03:00,CUST0128,Shampoo,2
T1219,2024-04-12 21:03:00,CUST0128,Orange Juice,2
T1220,2024-05-20 13:52:00,CUST0238,Salsa,2
T1220,2024-05-20 13:52:00,CUST0238,Detergent,2
T1221,2024-08-30 17:35:00,CUST0180,Frozen Pizza,2
T1221,2024-08-30 17:35:00,CUST0180,Baby Food,2
T1221,2024-08-30 17:35:00,CUST0180,Dish Soap,2
T1221,2024-08-30 17:35:00,CUST0180,Chocolate,2
T1221,2024-08-30 17:35:00,CUST0180,Bananas,2
T1222,2024-03-24 21:36:00,CUST0400,Bacon,2
T1222,2024-03-24 21:36:00,CUST0400,Trash Bags,2
T1222,2024-03-24 21:36:00,CUST0400,Muffins,2
T1223,2024-01-05 11:16:00,CUST0312,Salsa,2
T1223,2024-01-05 11:16:00,CUST0312,Baby Food,2
T1223,2024-01-05 11:16:00,CUST0312,Diapers,2
T1223,2024-01-05 11:16:00,CUST0312,Apples,2
T1223,2024-01-05 11:16:00,CUST0312,Bananas,2
T1224,2024-05-24 12:43:00,CUST0056,Peanut Butter,2
T1224,2024-05-24 12:43:00,CUST0056,Tea,2
T1224,2024-05-24 12:43:00,CUST0056,Avocado,2
T1224,2024-05-24 12:43:00,CUST0056,Toilet Paper,2
T1224,2024-05-24 12:43:00,CUST0056,Eggs,2
T1224,2024-05-24 12:43:00,CUST0056,Fish Fillet,2
T1224,2024-05-24 12:43:00,CUST0056,Apples,2
T1224,2024-05-24 12:43:00,CUST0056,Honey,2
T1225,2024-05-03 08:51:00,CUST0411,Cereal,2
T1225,2024-05-03 08:51:00,CUST0411,Lemons,2
T1225,2024-05-03 08:51:00,CUST0411,Milk,2
T1225,2024-05-03 08:51:00,CUST0411,Popcorn,2
T1225,2024-05-03 08:51:00,CUST0411,Fish Fillet,2
T1225,2024-05-03 08:51:00,CUST0411,Bottled Water,2
T1226,2024-04-23 18:34:00,CUST0327,Milk,2
T1226,2024-04-23 18:34:00,CUST0327,Trash Bags,2
T1226,2024-04-23 18:34:00,,Cooking Oil,2
T1226,,CUST0327,Flour,2
T1226,2024-04-23 18:34:00,CUST0327,Pasta Sauce,2
T1226,2024-04-23 18:34:00,CUST0327,Popcorn,2
T1226,2024-04-23 18:34:00,CUST0327,Onions,2
T1226,2024-04-23 18:34:00,CUST0327,Shampoo,2
T1227,2024-05-12 19:51:00,CUST0287,Sausages,2
T1227,2024-05-12 19:51:00,CUST0287,Chips,2
T1227,2024-05-12 19:51:00,CUST0287,Honey,2
T1227,2024-05-12 19:51:00,CUST0287,Tomatoes,2
T1228,2024-03-01 15:03:00,CUST0325,Lemons,2
T1228,2024-03-01 15:03:00,CUST0325,  baby wipes ,2
T1228,2024-03-01 15:03:00,CUST0325,Baby Food,2
T1228,2024-03-01 15:03:00,CUST0325,Tomatoes,2
T1228,2024-03-01 15:03:00,CUST0325,Dish Soap,2
T1228,2024-03-01 15:03:00,CUST0325,Cooking Oil,2
T1228,2024-03-01 15:03:00,CUST0325,Sausages,2
T1229,2024-06-24 14:36:00,CUST0235,Cheese,2
T1229,2024-06-24 14:36:00, CUST0235 ,Soda,2
T1229,2024-06-24 14:36:00,CUST0235,Pasta Sauce,2
T1229,2024-06-24 14:36:00,CUST0235,Soap,2
T1229,2024-06-24 14:36:00,CUST0235,Fish Fillet,2
T1229,2024-06-24 14:36:00,,Bottled Water,2
T1229,2024-06-24 14:36:00,CUST0235,Pasta,2
T1229,2024-06-24 14:36:00,CUST0235,Orange Juice,2
T1230,2024-04-17 20:49:00,CUST0087,Baby Wipes,2
T1230,2024-04-17 20:49:00,CUST0087,Baby Food,2
T1230,2024-04-17 20:49:00,CUST0087,Bread,2
T1230,2024-04-17 20:49:00,CUST0087,Chocolate,2
T1230,2024-04-17 20:49:00,CUST0087,Yogurt,2
T1230,2024-04-17 20:49:00,CUST0087,Diapers,2
T1230,2024-04-17 20:49:00,CUST0087,Pasta Sauce,2
T1231,2024-01-08 13:48:00,CUST0272,Salsa,2
T1231,2024-01-08 13:48:00,CUST0272,Baby Wipes,2
T1231,2024-01-08 13:48:00,CUST0272,Baby Food,2
T1231,2024-01-08 13:48:00,CUST0272,Milk,2
T1231,2024-01-08 13:48:00,CUST0272,Bread,2
T1231,2024-01-08 13:48:00,CUST0272,Trash Bags,2
T1231,2024-01-08 13:48:00,CUST0272,Diapers,2
T1231,2024-01-08 13:48:00,CUST0272,Soap,2
T1231,2024-01-08 13:48:00,CUST0272,Shampoo,2
T1232,2024-06-01 12:29:00,CUST0373,Tea,2
T1232,2024-06-01 12:29:00,CUST0373,Tomatoes,2
T1232,2024-06-01 12:29:00,CUST0373,Trash Bags,2
T1232,2024-06-01 12:29:00,CUST0373,Chips,2
T1232,2024-06-01 12:29:00,CUST0373,Cooking Oil,2
T1232,2024-06-01 12:29:00,CUST0373,Pasta,2
T1233,2024-04-06 10:58:00,CUST0416,Toothbrush,2
T1233,2024-04-06 10:58:00,CUST0416,Flour,2
T1233,2024-04-06 10:58:00,CUST0416,Frozen Pizza,2
T1233,2024-04-06 10:58:00,CUST0416,Toothpaste,2
T1234,2024-09-15 10:07:00,CUST0188,  chips ,2
T1234,2024-09-15 10:07:00,CUST0188,Soda,2
T1235,2024-03-19 11:44:00,CUST0352,Peanut Butter,2
T1235,2024-03-19 11:44:00,CUST0352,Milk,2
T1235,2024-03-19 11:44:00,CUST0352,Cheese,2
T1235,2024-03-19 11:44:00,CUST0352,Avocado,2
T1235,2024-03-19 11:44:00,CUST0352,Croissant,2
T1235,2024-03-19 11:44:00,CUST0352,Chicken Breast,2
T1235,2024-03-19 11:44:00,CUST0352,Coffee,2
T1235,2024-03-19 11:44:00,CUST0352,Jam,2
T1235,2024-03-19 11:44:00,CUST0352,Diapers,2
T1235,2024-03-19 11:44:00,CUST0352,Toothpaste,2
T1235,2024-03-19 11:44:00,CUST0352,Paper Towels,2
T1236,2024-02-23 16:46:00,CUST0317,Wine,2
T1236,2024-02-23 16:46:00,CUST0317,Tea,2
T1236,2024-02-23 16:46:00,CUST0317,Cheese,2
T1236,,CUST0317,Toothpaste,2
T1237,2024-09-11 11:44:00,CUST0247,Salsa,2
T1237,2024-09-11 11:44:00,CUST0247,Salt,2
T1237,2024-09-11 11:44:00,CUST0247,Sausages,2
T1237,2024-09-11 11:44:00,CUST0247,Pasta Sauce,2
T1237,2024-09-11 11:44:00,CUST0247,Soap,2
T1237,2024-09-11 11:44:00,CUST0247,Pasta,2
T1238,2024-09-18 09:46:00,CUST0371,Frozen Vegetables,2
T1238,2024-09-18 09:46:00,CUST0371,Bread,2
T1239,2024-01-21 21:18:00,CUST0185,Lemons,2
T1239,2024-01-21 21:18:00,CUST0185,Cheese,2
T1239,2024-01-21 21:18:00,CUST0185,Coffee,2
T1239,2024-01-21 21:18:00,CUST0185,Sugar,2
T1239,2024-01-21 21:18:00,CUST0185,Beer,2
T1239,2024-01-21 21:18:00,CUST0185,Honey,2
T1240,2024-03-28 13:22:00,CUST0225,Wine,2
T1240,2024-03-28 13:22:00,CUST0225,Milk,2
T1240,2024-03-28 13:22:00,CUST0225,Cheese,2
T1240,2024-03-28 13:22:00,CUST0225,Cereal,2
T1241,2024-03-26 09:08:00,CUST0357,Lettuce,2
T1241,2024-03-26 09:08:00,CUST0357,Tomatoes,2
T1241,,CUST0357,Avocado,2
T1241,2024-03-26 09:08:00,CUST0357,Cream,2
T1241,2024-03-26 09:08:00,CUST0357,Coffee,2
T1241,2024-03-26 09:08:00,CUST0357,Ice Cream,2
T1241,2024-03-26 09:08:00,CUST0357,Sugar,2
T1241,2024-03-26 09:08:00,CUST0357,Bagels,2
T1242,2024-08-13 08:04:00,CUST0134,Tea,2
T1242,2024-08-13 08:04:00,CUST0134,Baby Wipes,2
T1242,2024-08-13 08:04:00,CUST0134,Baby Food,2
T1242,2024-08-13 08:04:00,CUST0134,Frozen Pizza,2
T1242,2024-08-13 08:04:00,CUST0134,Salt,2
T1242,2024-08-13 08:04:00,CUST0134,Muffins,2
T1242,2024-08-13 08:04:00,CUST0134,Ice Cream,2
T1242,2024-08-13 08:04:00,CUST0134,Jam,2
T1243,2024-09-15 21:30:00,CUST0254,Lettuce,2
T1243,2024-09-15 21:30:00,CUST0254,Cheese,2
T1243,2024-09-15 21:30:00,CUST0254,Trash Bags,2
T1243,,CUST0254,Ice Cream,2
T1243,2024-09-15 21:30:00,CUST0254,Eggs,2
T1243,2024-09-15 21:30:00,CUST0254,Bacon,2
T1243,2024-09-15 21:30:00,CUST0254,Sugar,2
T1243,2024-09-15 21:30:00,CUST0254,Tissues,2
T1243,2024-09-15 21:30:00,CUST0254,Bottled Water,2
T1243,2024-09-15 21:30:00,CUST0254,Honey,2
T1244,2024-07-12 14:52:00,CUST0121,Croissant,2
T1244,2024-07-12 14:52:00,CUST0121,Pasta,2
T1244,2024-07-12 14:52:00,CUST0121,Pasta Sauce,2
T1245,2024-01-01 21:05:00,CUST0406,Peanut Butter,2
T1245,2024-01-01 21:05:00,,Baby Food,2
T1245,2024-01-01 21:05:00,CUST0406,Oats,2
T1245,2024-01-01 21:05:00,CUST0406,Croissant,2
T1245,2024-01-01 21:05:00,CUST0406,Coffee,2
T1245,2024-01-01 21:05:00,CUST0406,Frozen Vegetables,2
T1245,2024-01-01 21:05:00,CUST0406,Pasta Sauce,2
T1245,2024-01-01 21:05:00,CUST0406,Soap,2
T1246,2024-07-05 19:28:00,CUST0059,Baby Wipes,2
T1246,2024-07-05 19:28:00,CUST0059,Cheese,2
T1246,2024-07-05 19:28:00,CUST0059,Soda,2
T1246,2024-07-05 19:28:00,CUST0059,Tomatoes,2
T1246,2024-07-05 19:28:00,,Detergent,2
T1246,2024-07-05 19:28:00,CUST0059,Cooking Oil,2
T1246,2024-07-05 19:28:00,CUST0059,Flour,2
T1246,2024-07-05 19:28:00,CUST0059,Wine,2
T1246,2024-07-05 19:28:00,CUST0059,Bananas,2
T1247,2024-09-09 10:52:00,CUST0368,Peanut Butter,2
T1247,2024-09-09 10:52:00,CUST0368,Butter,2
T1247,2024-09-09 10:52:00,CUST0368,Tomatoes,2
T1247,2024-09-09 10:52:00,CUST0368,Dish Soap,2
T1247,2024-09-09 10:52:00,CUST0368,Cooking Oil,2
T1247,2024-09-09 10:52:00,CUST0368,Onions,2
T1248,,CUST0056,Baby Wipes,2
T1248,2024-04-07 19:21:00,CUST0056,Cheese,2
T1248,2024-04-07 19:21:00,CUST0056,Pasta Sauce,2
T1248,2024-04-07 19:21:00,CUST0056,Wine,2
T1248,2024-04-07 19:21:00,CUST0056,Pasta,2
T1249,,CUST0197,Peanut Butter,2
T1249,2034-06-11 16:56:00,CUST0197,Tea,2
T1249,2024-06-13 16:56:00,CUST0197,Cheese,2
T1249,2024-06-13 16:56:00,CUST0197,Bread,2
T1249,2024-06-13 16:56:00,CUST0197,Chips,2
T1249,2024-06-13 16:56:00,CUST0197,Frozen Vegetables,2
T1249,2024-06-13 16:56:00,CUST0197,Eggs,2
T1249,2024-06-13 16:56:00,CUST0197,Ice Cream,2
T1249,2024-06-13 16:56:00,CUST0197,Chocolate,2
T1249,2024-06-13 16:56:00,CUST0197,Tissues,2
T1249,2024-06-13 16:56:00,CUST0197,Orange Juice,2
T1250,2024-06-09 19:47:00,CUST0284,Frozen Pizza,2
T1250,2024-06-09 19:47:00,CUST0284,Baby Food,2
T1250,2024-06-09 19:47:00,CUST0284,Soda,2
T1250,2024-06-09 19:47:00,CUST0284,Sausages,2
T1250,2024-06-09 19:47:00,CUST0284,Soap,2
T1250,2024-06-09 19:47:00,CUST0284,Fish Fillet,2
T1250,2024-06-09 19:47:00,CUST0284,Orange Juice,2
T1251,2024-06-29 16:30:00,CUST0299,Frozen Pizza,2
T1251,2024-06-29 16:30:00,CUST0299,Chips,2
T1251,2024-06-29 16:30:00,CUST0299,Rice,2
T1251,2024-06-29 16:30:00,CUST0299,Soda,2
T1252,2024-04-12 12:48:00,CUST0403,Peanut Butter,2
T1252,2024-04-12 12:48:00,CUST0403,Cheese,2
T1252,2024-04-12 12:48:00,CUST0403,Soda,2
T1252,2024-04-12 12:48:00,CUST0403,Muffins,2
T1252,2024-04-12 12:48:00,CUST0403,Eggs,2
T1252,2024-04-12 12:48:00,CUST0403,Onions,2
T1252,2024-04-12 12:48:00,CUST0403,Bagels,2
T1252,2024-04-12 12:48:00, CUST0403 ,Paper Towels,2
T1253,2024-05-31 11:48:00,CUST0278,Tea,2
T1253,2024-05-31 11:48:00,CUST0278,Honey,2
T1254,2024-01-28 08:47:00,CUST0129,Peanut Butter,2
T1254,2024-01-28 08:47:00,CUST0129,Toothpaste,2
T1254,2024-01-28 08:47:00,CUST0129,Cheese,2
T1254,2024-01-28 08:47:00,CUST0129,Tomatoes,2
T1254,2024-01-28 08:47:00,,Trash Bags,2
T1254,2024-01-28 08:47:00,CUST0129,Bacon,2
T1254,2024-01-28 08:47:00,CUST0129,Pasta Sauce,2
T1254,2024-01-28 08:47:00,CUST0129,Paper Towels,2
T1254,2024-01-28 08:47:00,CUST0129,Potatoes,2
T1255,2024-03-29 19:32:00,CUST0062,Salsa,2
T1255,2024-03-29 19:32:00,CUST0062,Baby Wipes,2
T1255,2024-03-29 19:32:00,CUST0062,Baby Food,2
T1255,2024-03-29 19:32:00,CUST0062,Chocolate,2
T1255,2024-03-29 19:32:00,CUST0062,Eggs,2
T1255,2024-03-29 19:32:00,CUST0062,Sausages,2
T1255,2024-03-29 19:32:00,CUST0062,Popcorn,2
T1256,2024-03-20 08:09:00,CUST0166,Wine,2
T1256,2024-03-20 08:09:00,CUST0166,Energy Drink,2
T1256,2024-03-20 08:09:00,CUST0166,Avocado,2
T1257,2024-07-25 09:22:00,CUST0114,Tomatoes,2
T1257,2024-07-25 09:22:00,CUST0114,  energy drink ,2
T1257,2024-07-25 09:22:00,CUST0114,Croissant,2
T1257,2024-07-25 09:22:00,CUST0114,Cream,2
T1257,2024-07-25 09:22:00,CUST0114,Chips,2
T1257,2024-07-25 09:22:00,CUST0114,Toothpaste,2
T1257,2024-07-25 09:22:00,CUST0114,Cookies,2
T1258,2024-02-28 14:16:00,CUST0277,Butter,2
T1258,2024-02-28 14:16:00,CUST0277,Milk,2
T1258,2024-02-28 14:16:00,CUST0277,Lettuce,2
T1258,2024-02-28 14:16:00,CUST0277,Tomatoes,2
T1258,2024-02-28 14:16:00,CUST0277,Paper Towels,2
T1258,2024-02-28 14:16:00,,Rice,2
T1258,2024-02-28 14:16:00,CUST0277,Chicken Breast,2
T1258,2024-02-28 14:16:00,CUST0277,Onions,2
T1258,2024-02-28 14:16:00,CUST0277,Potatoes,2
T1259,2024-03-26 20:34:00,CUST0274,Cereal,2
T1259,2024-03-26 20:34:00,CUST0274,Butter,2
T1259,2024-03-26 20:34:00,CUST0274,Bread,2
T1259,2024-03-26 20:34:00,CUST0274,Chips,2
T1259,2024-03-26 20:34:00,CUST0274,Rice,2
T1259,2024-03-26 20:34:00,CUST0274,  popcorn ,2
T1260,2024-04-15 16:53:00,CUST0360,Toothbrush,2
T1260,2024-04-15 16:53:00,CUST0360,Apples,2
T1260,2024-04-15 16:53:00,CUST0360,Bananas,2
T1261,2024-01-20 09:04:00,CUST0028,Cream,2
T1261,2024-01-20 09:04:00,CUST0028,Baby Wipes,2
T1261,2024-01-20 09:04:00,CUST0028,Orange Juice,2
T1261,2024-01-20 09:04:00,CUST0028,Muffins,2
T1262,2024-07-26 14:20:00,CUST0009,Lemons,2
T1262,2024-07-26 14:20:00,CUST0009,Trash Bags,2
T1262,2024-07-26 14:20:00,CUST0009,Coffee,2
T1262,2024-07-26 14:20:00,CUST0009,Sugar,2
T1262,2024-07-26 14:20:00,CUST0009,Soap,2
T1263,2024-02-07 13:59:00,CUST0258,Butter,2
T1263,2024-02-07 13:59:00,CUST0258,Pasta,2
T1263,2024-02-07 13:59:00,CUST0258,Cheese,2
T1264,2024-04-22 10:47:00,CUST0201,Toilet Paper,2
T1264,2024-04-22 10:47:00,CUST0201,Muffins,2
T1264,2024-04-22 10:47:00,CUST0201,Chicken Breast,2
T1264,2024-04-22 10:47:00,CUST0201,Diapers,2
T1264,2024-04-22 10:47:00,CUST0201,Paper Towels,2
T1264,2024-04-22 10:47:00,CUST0201,Wine,2
T1265,2024-03-13 09:02:00,CUST0003,Dish Soap,2
T1265,2024-03-13 09:02:00,CUST0003,Baby Wipes,2
T1265,2024-03-13 09:02:00,CUST0003,Diapers,2
T1266,2024-01-28 21:48:00,CUST0282,Soda,2
T1266,2024-01-28 21:48:00,CUST0282,Tomatoes,2
T1266,2024-01-28 21:48:00,CUST0282,Energy Drink,2
T1266,2024-01-28 21:48:00,CUST0282,Avocado,2
T1266,2024-01-28 21:48:00,CUST0282,Detergent,2
T1266,2024-01-28 21:48:00,CUST0282,Dish Soap,2
T1266,2024-01-28 21:48:00,CUST0282,Pasta Sauce,2
T1266,2024-01-28 21:48:00,,Popcorn,2
T1266,2024-01-28 21:48:00,CUST0282,Onions,2
T1267,2024-09-06 13:22:00,CUST0066,Avocado,2
T1267,,CUST0066,Detergent,2
T1268,2024-08-07 10:00:00,CUST0161,Salsa,2
T1268,2024-08-07 10:00:00,CUST0161,Cheese,2
T1268,2024-08-07 10:00:00,CUST0161,Detergent,2
T1268,2024-08-07 10:00:00,CUST0161,Pasta Sauce,2
T1268,2024-08-07 10:00:00,CUST0161,Bottled Water,2
T1268,2024-08-07 10:00:00,CUST0161,Pasta,2
T1269,2024-09-06 16:06:00,CUST0090,Baby Food,2
T1269,2024-09-06 16:06:00,CUST0090,Soda,2
T1269,2024-09-06 16:06:00,CUST0090,Salt,2
T1269,2024-09-06 16:06:00,CUST0090,Cooking Oil,2
T1269,2024-09-06 16:06:00,CUST0090,Ice Cream,2
T1269,2024-09-06 16:06:00,CUST0090,Beer,2
T1269,2024-09-06 16:06:00,CUST0090,Orange Juice,2
T1270,2024-01-10 21:32:00,CUST0324,Lemons,2
T1270,2024-01-10 21:32:00,CUST0324,Eggs,2
T1270,2024-01-10 21:32:00,CUST0324,Pasta Sauce,2
T1270,2024-01-10 21:32:00,CUST0324,Paper Towels,2
T1270,2024-01-10 21:32:00,CUST0324,Pasta,2
T1271,,CUST0187,Lemons,2
T1271,2024-09-18 09:25:00,CUST0187,Milk,2
T1271,2024-09-18 09:25:00,CUST0187,Tomatoes,2
T1271,2024-09-18 09:25:00,CUST0187,Detergent,2
T1271,2024-09-18 09:25:00,CUST0187,Toilet Paper,2
T1271,2024-09-18 09:25:00,CUST0187,Orange Juice,2
T1271,2024-09-18 09:25:00,CUST0187,Sausages,2
T1271,2024-09-18 09:25:00,CUST0187,Wine,2
T1271,2024-09-18 09:25:00,,Bottled Water,2
T1271,2024-09-18 09:25:00,CUST0187,Apples,2
T1271,2024-09-18 09:25:00,CUST0187,Shampoo,2
T1272,2024-05-15 13:14:00,CUST0022,Frozen Pizza,2
T1272,2024-05-15 13:14:00,CUST0022,Butter,2
T1272,2024-05-15 13:14:00,CUST0022,Baby Food,2
T1272,2024-05-15 13:14:00,CUST0022,Tomatoes,2
T1272,2024-05-15 13:14:00,CUST0022,Soda,2
T1272,2024-05-15 13:14:00,CUST0022,Energy Drink,2
T1272,2024-05-15 13:14:00,CUST0022,Chips,2
T1272,2024-05-15 13:14:00,CUST0022,Salt,2
T1272,2024-05-15 13:14:00,CUST0022,Chocolate,2
T1272,2024-05-15 13:14:00,CUST0022,Ice Cream,2
T1272,2024-05-15 13:14:00,CUST0022,Orange Juice,2
T1273,2024-06-14 09:45:00,CUST0267,Toothbrush,2
T1273,2024-06-14 09:45:00,CUST0267,Chips,2
T1273,2024-06-14 09:45:00,CUST0267,Toothpaste,2
T1274,2024-06-29 21:55:00,CUST0177,Tomatoes,2
T1274,2024-06-29 21:55:00,CUST0177,Avocado,2
T1274,2024-06-29 21:55:00,CUST0177,Detergent,2
T1274,2024-06-29 21:55:00,CUST0177,  trash bags ,2
T1274,2024-06-29 21:55:00,CUST0177,Coffee,2
T1274,2024-06-29 21:55:00,CUST0177,Eggs,2
T1274,2024-06-29 21:55:00,CUST0177,Sugar,2
T1274,2024-06-29 21:55:00,CUST0177,Paper Towels,2
T1275,2024-09-20 18:17:00,CUST0109,Shampoo,2
T1275,2024-09-20 18:17:00,,Diapers,2
T1275,2024-09-20 18:17:00,CUST0109,Soap,2
T1275,2024-09-20 18:17:00,CUST0109,Chips,2
T1276,2024-09-02 11:37:00,CUST0083,Baby Food,2
T1276,2024-09-02 11:37:00,CUST0083,Cooking Oil,2
T1276,2024-09-02 11:37:00,CUST0083,Ice Cream,2
T1276,2024-09-02 11:37:00,CUST0083,Jam,2
T1276,2024-09-02 11:37:00,CUST0083,Toothpaste,2
T1277,2024-01-10 19:46:00,CUST0339,Lemons,2
T1277,2024-01-10 19:46:00,CUST0339,Butter,2
T1277,2024-01-10 19:46:00,CUST0339,Cheese,2
T1277,2024-01-10 19:46:00,CUST0339,Soda,2
T1277,2024-01-10 19:46:00,CUST0339,Bread,2
T1277,2024-01-10 19:46:00,CUST0339,Chips,2
T1277,2024-01-10 19:46:00,CUST0339,Yogurt,2
T1277,2024-01-10 19:46:00,CUST0339,Wine,2
T1277,2024-01-10 19:46:00,CUST0339,Shampoo,2
T1277,2024-01-10 19:46:00,CUST0339,Cookies,2
T1278,2024-03-14 20:37:00,CUST0393,Tomatoes,2
T1278,2024-03-14 20:37:00,CUST0393,Pasta,2
T1278,2024-03-14 20:37:00,CUST0393,Pasta Sauce,2
T1278,2024-03-14 20:37:00,CUST0393,Soda,2
T1279,2024-04-13 16:55:00,CUST0259,Tomatoes,2
T1279,2024-04-13 16:55:00,CUST0259,Cream,2
T1279,2024-04-13 16:55:00,CUST0259,Trash Bags,2
T1279,2024-04-13 16:55:00,CUST0259,Cooking Oil,2
T1279,2024-04-13 16:55:00,CUST0259,Onions,2
T1279,2024-04-13 16:55:00,CUST0259,Paper Towels,2
T1280,2024-01-23 19:33:00,CUST0220,Tea,2
T1280,2024-01-23 19:33:00,CUST0220,Toothpaste,2
T1280,2024-01-23 19:33:00,CUST0220,Bread,2
T1280,2024-01-23 19:33:00,CUST0220,Oats,2
T1280,2024-01-23 19:33:00,CUST0220,Trash Bags,2
T1280,2024-01-23 19:33:00,CUST0220,Coffee,2
T1280,2024-01-23 19:33:00,CUST0220,Ice Cream,2
T1280,2024-01-23 19:33:00,CUST0220,Diapers,2
T1280,2024-01-23 19:33:00,CUST0220,Paper Towels,2
T1280,2024-01-23 19:33:00,CUST0220,Tissues,2
T1281,2024-02-12 12:38:00,CUST0279,Avocado,2
T1281,2024-02-12 12:38:00,CUST0279,Chicken Breast,2
T1281,2024-02-12 12:38:00,CUST0279,Ice Cream,2
T1281,2024-02-12 12:38:00,CUST0279,Sugar,2
T1281,,CUST0279,Onions,2
T1281,2024-02-12 12:38:00,CUST0279,Toothbrush,2
T1281,2024-02-12 12:38:00,CUST0279,Orange Juice,2
T1281,2024-02-12 12:38:00,CUST0279,Honey,2
T1282,2024-09-23 08:24:00,CUST0336,Chips,2
T1282,2024-09-23 08:24:00,CUST0336,Coffee,2
T1283,2024-05-09 12:54:00,CUST0275,Toothbrush,2
T1283,2024-05-09 12:54:00,CUST0275,Bottled Water,2
T1283,2024-05-09 12:54:00,CUST0275,Chicken Breast,2
T1284,2024-09-04 12:19:00,CUST0296,Chicken Breast,2
T1284,2024-09-04 12:19:00,CUST0296,Chocolate,2
T1284,2024-09-04 12:19:00,CUST0296,Ice Cream,2
T1284,2024-09-04 12:19:00,CUST0296,Soap,2
T1284,2024-09-04 12:19:00,CUST0296,Onions,2
T1285,2024-03-23 09:13:00,CUST0261,Eggs,2
T1285,2024-03-23 09:13:00,CUST0261,Baby Food,2
T1285,2024-03-23 09:13:00,CUST0261,Onions,2
T1286,2024-02-16 21:09:00,CUST0242,Milk,2
T1286,2024-02-16 21:09:00,CUST0242,Cereal,2
T1287,2024-05-26 11:02:00,CUST0402,Cheese,2
T1287,2024-05-26 11:02:00,CUST0402,Chocolate,2
T1287,2024-05-26 11:02:00,CUST0402,Bacon,2
T1287,2024-05-26 11:02:00,CUST0402,Yogurt,2
T1287,2024-05-26 11:02:00,CUST0402,Frozen Vegetables,2
T1287,2024-05-26 11:02:00,CUST0402,Sugar,2
T1287,2024-05-26 11:02:00,CUST0402,Pasta Sauce,2
T1287,2024-05-26 11:02:00,CUST0402,Diapers,2
T1287,2024-05-26 11:02:00,CUST0402,Pasta,2
T1288,2024-02-14 12:49:00,CUST0205,Bacon,2
T1288,2024-02-14 12:49:00,,Toothbrush,2
T1288,2024-02-14 12:49:00,CUST0205,Eggs,2
T1288,2024-02-14 12:49:00,CUST0205,Toothpaste,2
T1289,2024-06-27 13:52:00,CUST0142,Bacon,2
T1289,2024-06-27 13:52:00,CUST0142,Oats,2
T1289,2024-06-27 13:52:00,CUST0142,Pasta Sauce,2
T1290,2024-05-08 19:28:00,CUST0194,Lemons,2
T1290,2024-05-08 19:28:00,CUST0194,Peanut Butter,2
T1290,2024-05-08 19:28:00,CUST0194,Bread,2
T1290,2024-05-08 19:28:00,CUST0194,Soda,2
T1290,2024-05-08 19:28:00,CUST0194,Avocado,2
T1290,2024-05-08 19:28:00,CUST0194,  chocolate ,2
T1290,2024-05-08 19:28:00,CUST0194,Eggs,2
T1290,2024-05-08 19:28:00,CUST0194,Sausages,2
T1290,2024-05-08 19:28:00,CUST0194,Jam,2
T1290,2024-05-08 19:28:00,CUST0194,Soap,2
T1290,2024-05-08 19:28:00,CUST0194,Flour,2
T1291,,CUST0035,Salsa,2
T1291,2024-09-03 09:16:00,CUST0035,Croissant,2
T1292,2024-05-14 11:18:00,CUST0048,Salt,2
T1292,2024-05-14 11:18:00,CUST0048,Rice,2
T1292,2024-05-14 11:18:00,CUST0048,Pasta Sauce,2
T1292,2024-05-14 11:18:00,CUST0048,Soap,2
T1292,2024-05-14 11:18:00,CUST0048,Bagels,2
T1293,2024-05-17 10:47:00,CUST0350,Wine,2
T1293,2024-05-17 10:47:00,CUST0350,Bagels,2
T1293,2024-05-17 10:47:00,CUST0350,Cream,2
T1293,2024-05-17 10:47:00,CUST0350,Pasta Sauce,2
T1294,2024-07-01 10:49:00,,Soda,2
T1294,2024-07-01 10:49:00,CUST0055,Cream,2
T1294,2024-07-01 10:49:00,CUST0055,Chips,2
T1294,2024-07-01 10:49:00,CUST0055,Bagels,2
T1294,2024-07-01 10:49:00,CUST0055,Shampoo,2
T1295,2024-03-06 08:33:00,CUST0410,Frozen Pizza,2
T1295,2024-03-06 08:33:00,CUST0410,Butter,2
T1295,2024-03-06 08:33:00,CUST0410,Ground Beef,2
T1295,2024-03-06 08:33:00,CUST0410,Toilet Paper,2
T1295,2024-03-06 08:33:00,CUST0410,Dish Soap,2
T1295,2024-03-06 08:33:00,CUST0410,Ice Cream,2
T1295,2024-03-06 08:33:00,CUST0410,Frozen Vegetables,2
T1295,2024-03-06 08:33:00,CUST0410,Pasta Sauce,2
T1295,2024-03-06 08:33:00,CUST0410,Pasta,2
T1295,2024-03-06 08:33:00,CUST0410,Cookies,2
T1296,2024-06-15 13:39:00,CUST0133,Baby Wipes,2
T1296,2024-06-15 13:39:00,CUST0133,Detergent,2
T1296,2024-06-15 13:39:00,CUST0133,Coffee,2
T1296,2024-06-15 13:39:00,CUST0133,Chocolate,2
T1296,2024-06-15 13:39:00,CUST0133,Pasta Sauce,2
T1296,2024-06-15 13:39:00,CUST0133,Paper Towels,2
T1296,2024-06-15 13:39:00,CUST0133,Bagels,2
T1296,2024-06-15 13:39:00,CUST0133,Bananas,2
T1297,2024-04-02 17:08:00,CUST0295,Toothpaste,2
T1297,2024-04-02 17:08:00,CUST0295,Detergent,2
T1297,2024-04-02 17:08:00,CUST0295,Dish Soap,2
T1297,2024-04-02 17:08:00,CUST0295,Coffee,2
T1297,2024-04-02 17:08:00,CUST0295,Frozen Vegetables,2
T1297,2024-04-02 17:08:00,CUST0295,Bananas,2
T1297,2024-04-02 17:08:00,CUST0295,Sugar,2
T1297,2024-04-02 17:08:00,CUST0295,Flour,2
T1297,2024-04-02 17:08:00,CUST0295,Toothbrush,2
T1297,2024-04-02 17:08:00,CUST0295,Shampoo,2
T1297,2024-04-02 17:08:00,CUST0295,Cookies,2
T1298,2024-03-17 15:51:00,CUST0005,Pasta,2
T1298,2024-03-17 15:51:00,CUST0005,Trash Bags,2
T1298,2024-03-17 15:51:00,CUST0005,Pasta Sauce,2
T1298,2024-03-17 15:51:00,CUST0005,Cheese,2
T1299,2024-05-10 15:53:00,CUST0323,Frozen Pizza,2
T1299,2024-05-10 15:53:00,CUST0323,Cheese,2
T1299,2024-05-10 15:53:00,CUST0323,Avocado,2
T1299,2024-05-10 15:53:00,CUST0323,Energy Drink,2
T1299,2024-05-10 15:53:00,CUST0323,  toilet paper ,2
T1299,2024-05-10 15:53:00,CUST0323,Yogurt,2
T1299,2024-05-10 15:53:00,CUST0323,Pasta Sauce,2
T1299,2024-05-10 15:53:00,CUST0323,Fish Fillet,2
T1299,,CUST0323,Shampoo,2
T1299,2024-05-10 15:53:00,CUST0323,Honey,2
T1300,2024-04-11 17:36:00,CUST0333,Avocado,2
T1300,2024-04-11 17:36:00,CUST0333,Cream,2
T1300,,CUST0333,Croissant,2
T1300,2024-04-11 17:36:00,CUST0333,Coffee,2
T1300,2024-04-11 17:36:00,CUST0333,Sugar,2
T1300,2024-04-11 17:36:00,CUST0333,Soap,2
T1300,2024-04-11 17:36:00,CUST0333,Bagels,2
T1301,2024-06-21 14:40:00,CUST0314,Cereal,2
T1301,2024-06-21 14:40:00,CUST0314,Baby Food,2
T1301,2024-06-21 14:40:00,CUST0314,Soda,2
T1301,2024-06-21 14:40:00,CUST0314,Croissant,2
T1301,2024-06-21 14:40:00,CUST0314,Chips,2
T1301,2024-06-21 14:40:00,CUST0314,Bacon,2
T1301,2024-06-21 14:40:00,CUST0314,Beer,2
T1301,2024-06-21 14:40:00,CUST0314,Diapers,2
T1301,2024-06-21 14:40:00,CUST0314,Paper Towels,2
T1302,2024-07-21 12:56:00,CUST0228,Baby Wipes,2
T1302,2024-07-21 12:56:00,CUST0228,Baby Food,2
T1302,2024-07-21 12:56:00,CUST0228,Energy Drink,2
T1302,2024-07-21 12:56:00,CUST0228,Chips,2
T1302,2024-07-21 12:56:00,CUST0228,Chicken Breast,2
T1302,2024-07-21 12:56:00,CUST0228,Diapers,2
T1303,2024-05-08 19:44:00,CUST0384,Bagels,2
T1303,2024-05-08 19:44:00,CUST0384,Cooking Oil,2
T1303,2024-05-08 19:44:00,CUST0384,Onions,2
T1304,2024-02-13 18:59:00,CUST0200,Lemons,2
T1304,2024-02-13 18:59:00,CUST0200,Peanut Butter,2
T1304,2024-02-13 18:59:00,CUST0200,Baby Wipes,2
T1304,2024-02-13 18:59:00,CUST0200,Baby Food,2
T1304,2024-02-13 18:59:00,CUST0200,Cheese,2
T1304,2024-02-13 18:59:00,CUST0200,Toilet Paper,2
T1304,2034-02-10 18:59:00,CUST0200,Muffins,2
T1304,2024-02-13 18:59:00,CUST0200,Diapers,2
T1304,2024-02-13 18:59:00,CUST0200,Cereal,2
T1305,2024-06-15 21:30:00,CUST0240,Milk,2
T1305,2024-06-15 21:30:00,CUST0240,Chips,2
T1305,2024-06-15 21:30:00,CUST0240,Muffins,2
T1305,2024-06-15 21:30:00,CUST0240,Soda,2
T1306,2024-06-04 08:00:00,CUST0268,Energy Drink,2
T1306,2024-06-04 08:00:00,CUST0268,Oats,2
T1306,2024-06-04 08:00:00,CUST0268,Detergent,2
T1306,2024-06-04 08:00:00,CUST0268,Dish Soap,2
T1306,2024-06-04 08:00:00,CUST0268,Ice Cream,2
T1306,2024-06-04 08:00:00,CUST0268,Sugar,2
T1306,2024-06-04 08:00:00,CUST0268,Diapers,2
T1306,2024-06-04 08:00:00,CUST0268,Soap,2
T1306,2024-06-04 08:00:00,CUST0268,Onions,2
T1306,2024-06-04 08:00:00,CUST0268,Tissues,2
T1306,2024-06-04 08:00:00,,Pasta,2
T1307,2024-07-10 11:26:00,CUST0288,Baby Wipes,2
T1307,2024-07-10 11:26:00,CUST0288,Baby Food,2
T1307,,,Sausages,2
T1307,2024-07-10 11:26:00,CUST0288,Beer,2
T1307,2024-07-10 11:26:00,CUST0288,Diapers,2
T1307,2024-07-10 11:26:00,CUST0288,Onions,2
T1307,2024-07-10 11:26:00,CUST0288,Fish Fillet,2
T1307,2024-07-10 11:26:00,CUST0288,Bagels,2
T1307,2024-07-10 11:26:00,CUST0288,Tissues,2
T1308,2024-05-17 14:12:00,CUST0036,Lemons,2
T1308,2024-05-17 14:12:00,CUST0036,Tomatoes,2
T1308,2024-05-17 14:12:00,CUST0036,Chips,2
T1308,2024-05-17 14:12:00,CUST0036,Chicken Breast,2
T1308,2024-05-17 14:12:00,CUST0036,Bacon,2
T1308,2024-05-17 14:12:00,CUST0036,Cereal,2
T1308,2024-05-17 14:12:00,CUST0036,Toothbrush,2
T1308,2024-05-17 14:12:00,CUST0036,Potatoes,2
T1309,2024-03-05 19:28:00,CUST0373,Peanut Butter,2
T1309,2024-03-05 19:28:00,CUST0373,Tea,2
T1309,2024-03-05 19:28:00,CUST0373,Frozen Pizza,2
T1309,2024-03-05 19:28:00,CUST0373,Baby Food,2
T1309,2024-03-05 19:28:00,CUST0373,Cheese,2
T1309,2024-03-05 19:28:00,CUST0373,Croissant,2
T1309,2024-03-05 19:28:00,CUST0373,Rice,2
T1309,2024-03-05 19:28:00,CUST0373,Chicken Breast,2
T1309,2024-03-05 19:28:00,CUST0373,Popcorn,2
T1309,2024-03-05 19:28:00,CUST0373,Bottled Water,2
T1309,2024-03-05 19:28:00,CUST0373,Cookies,2
T1310,2024-08-03 12:50:00,CUST0410,Bagels,2
T1310,2024-08-03 12:50:00,CUST0410,Bottled Water,2
T1310,2024-08-03 12:50:00,CUST0410,Frozen Vegetables,2
T1311,2024-02-06 16:30:00,CUST0093,Soda,2
T1311,2024-02-06 16:30:00,CUST0093,Onions,2
T1312,2024-05-07 14:49:00,CUST0227,Trash Bags,2
T1312,2024-05-07 14:49:00,CUST0227,Coffee,2
T1313,2024-06-01 11:23:00,CUST0027,Butter,2
T1313,2024-06-01 11:23:00,CUST0027,Milk,2
T1313,2024-06-01 11:23:00,CUST0027,Bread,2
T1313,2024-06-01 11:23:00,CUST0027,Energy Drink,2
T1313,2024-06-01 11:23:00,CUST0027,Trash Bags,2
T1313,2024-06-01 11:23:00,CUST0027,Rice,2
T1313,2024-06-01 11:23:00,CUST0027,Coffee,2
T1313,2024-06-01 11:23:00,CUST0027,Wine,2
T1313,2024-06-01 11:23:00,CUST0027,Pasta,2
T1313,2024-06-01 11:23:00,CUST0027,Bananas,2
T1314,2024-02-15 11:10:00,CUST0256,Butter,2
T1314,2024-02-15 11:10:00,CUST0256,Lettuce,2
T1314,2024-02-15 11:10:00,CUST0256,Soda,2
T1314,2024-02-15 11:10:00,CUST0256,Toilet Paper,2
T1314,2024-02-15 11:10:00,CUST0256,Chips,2
T1314,2024-02-15 11:10:00,CUST0256,Coffee,2
T1314,2024-02-15 11:10:00,CUST0256,Pasta Sauce,2
T1314,2024-02-15 11:10:00,CUST0256,Wine,2
T1314,2024-02-15 11:10:00,CUST0256,Bagels,2
T1314,2024-02-15 11:10:00,CUST0256,Bottled Water,2
T1314,2024-02-15 11:10:00,CUST0256,Pasta,2
T1315,2024-07-01 18:09:00,CUST0360,Yogurt,2
T1315,2024-07-01 18:09:00,CUST0360,Soda,2
T1316,2024-09-05 19:28:00,CUST0287,Avocado,2
T1316,2024-09-05 19:28:00,CUST0287,Croissant,2
T1316,2024-09-05 19:28:00,CUST0287,Salt,2
T1316,2024-09-05 19:28:00,CUST0287,Beer,2
T1316,2024-09-05 19:28:00,CUST0287,Pasta Sauce,2
T1316,2024-09-05 19:28:00,CUST0287,Popcorn,2
T1316,2024-09-05 19:28:00,CUST0287,Pasta,2
T1316,2024-09-05 19:28:00,CUST0287,Orange Juice,2
T1316,2024-09-05 19:28:00,CUST0287,Paper Towels,2
T1317,2024-05-20 21:53:00,CUST0307,Eggs,2
T1317,2024-05-20 21:53:00,CUST0307,Bacon,2
T1317,2024-05-20 21:53:00,CUST0307,Sugar,2
T1317,2024-05-20 21:53:00,CUST0307,Rice,2
T1318,2024-07-05 20:39:00,CUST0123,Baby Wipes,2
T1318,2024-07-05 20:39:00,CUST0123,Baby Food,2
T1318,2024-07-05 20:39:00,CUST0123,Detergent,2
T1318,2024-07-05 20:39:00,CUST0123,Dish Soap,2
T1318,2024-07-05 20:39:00,CUST0123,Diapers,2
T1318,2024-07-05 20:39:00,CUST0123,Pasta Sauce,2
T1318,2024-07-05 20:39:00,CUST0123,Pasta,2
T1319,2024-04-01 21:02:00,CUST0104,Cream,2
T1319,2024-04-01 21:02:00,CUST0104,Rice,2
T1319,2024-04-01 21:02:00,CUST0104,Jam,2
T1319,2024-04-01 21:02:00,CUST0104,Pasta Sauce,2
T1319,2024-04-01 21:02:00,CUST0104,Soap,2
T1319,2024-04-01 21:02:00,CUST0104,Bottled Water,2
T1319,2024-04-01 21:02:00,CUST0104,Pasta,2
T1319,2024-04-01 21:02:00,CUST0104,Honey,2
T1320,2024-09-08 21:05:00,CUST0240,Frozen Pizza,2
T1320,2024-09-08 21:05:00,CUST0240,Cheese,2
T1320,2024-09-08 21:05:00,CUST0240,Soda,2
T1320,2024-09-08 21:05:00,CUST0240,Tomatoes,2
T1320,2024-09-08 21:05:00,CUST0240,Detergent,2
T1320,2024-09-08 21:05:00,CUST0240,Chips,2
T1320,2024-09-08 21:05:00,CUST0240,Eggs,2
T1321,2024-04-01 16:47:00,CUST0286,Butter,2
T1321,2024-04-01 16:47:00,CUST0286,Lettuce,2
T1321,2024-04-01 16:47:00,CUST0286,Trash Bags,2
T1321,2024-04-01 16:47:00,CUST0286,Chicken Breast,2
T1321,2024-04-01 16:47:00,CUST0286,Cooking Oil,2
T1321,2024-04-01 16:47:00,CUST0286,Eggs,2
T1321,2024-04-01 16:47:00,CUST0286,Popcorn,2
T1321,2024-04-01 16:47:00,CUST0286,Onions,2
T1321,2024-04-01 16:47:00,CUST0286,Fish Fillet,2
T1321,2024-04-01 16:47:00,CUST0286,Apples,2
T1321,2024-04-01 16:47:00,CUST0286,Honey,2
T1322,,CUST0191,Peanut Butter,2
T1322,2024-06-10 16:20:00,CUST0191,Cheese,2
T1322,2024-06-10 16:20:00,CUST0191,Energy Drink,2
T1322,2024-06-10 16:20:00,CUST0191,Chips,2
T1322,2024-06-10 16:20:00,CUST0191,Diapers,2
T1322,2024-06-10 16:20:00,CUST0191,Flour,2
T1322,2024-06-10 16:20:00,CUST0191,Shampoo,2
T1322,2024-06-10 16:20:00,CUST0191,Cookies,2
T1323,2024-05-25 17:01:00,CUST0266,Avocado,2
T1323,2024-05-25 17:01:00,CUST0266,Detergent,2
T1323,2024-05-25 17:01:00,CUST0266,Toilet Paper,2
T1323,2024-05-25 17:01:00,CUST0266,Paper Towels,2
T1323,2024-05-25 17:01:00,CUST0266,Apples,2
T1323,2024-05-25 17:01:00,CUST0266,Potatoes,2
T1324,2024-09-18 16:36:00,CUST0293,Lettuce,2
T1324,2024-09-18 16:36:00,CUST0293,Tomatoes,2
T1324,2024-09-18 16:36:00,CUST0293,Ground Beef,2
T1324,2024-09-18 16:36:00,CUST0293,Croissant,2
T1324,2024-09-18 16:36:00,CUST0293,Pasta Sauce,2
T1325,2024-04-21 19:04:00,CUST0371,Lettuce,2
T1325,2024-04-21 19:04:00,CUST0371,Milk,2
T1325,2024-04-21 19:04:00,CUST0371,Bread,2
T1325,2024-04-21 19:04:00,CUST0371,Eggs,2
T1325,2024-04-21 19:04:00,CUST0371,Onions,2
T1325,2024-04-21 19:04:00,CUST0371,Fish Fillet,2
T1326,2024-03-02 21:49:00,CUST0117,Cereal,2
T1326,2024-03-02 21:49:00,CUST0117,Milk,2
T1326,2024-03-02 21:49:00,CUST0117,Cooking Oil,2
T1326,2024-03-02 21:49:00,CUST0117,Yogurt,2
T1326,2024-03-02 21:49:00,CUST0117,Sugar,2
T1326,2024-03-02 21:49:00,CUST0117,Soap,2
T1326,2024-03-02 21:49:00,CUST0117,Paper Towels,2
T1326,2024-03-02 21:49:00,CUST0117,Fish Fillet,2
T1326,2024-03-02 21:49:00,CUST0117,Tissues,2
T1326,2024-03-02 21:49:00,CUST0117,Shampoo,2
T1326,2024-03-02 21:49:00,CUST0117,Honey,2
T1327,2024-03-17 13:32:00,CUST0358,Frozen Pizza,2
T1327,2024-03-17 13:32:00,CUST0358,Baby Food,2
T1327,2024-03-17 13:32:00,CUST0358,  soda ,2
T1328,2024-08-31 17:47:00,CUST0026,  tea ,2
T1328,2024-08-31 17:47:00,CUST0026,Milk,2
T1328,2024-08-31 17:47:00,CUST0026,Tomatoes,2
T1328,2024-08-31 17:47:00,CUST0026,Soda,2
T1328,2024-08-31 17:47:00,CUST0026,Oats,2
T1328,2024-08-31 17:47:00,CUST0026,Toilet Paper,2
T1328,2024-08-31 17:47:00,CUST0026,Eggs,2
T1328,2024-08-31 17:47:00,CUST0026,Sausages,2
T1328,2024-08-31 17:47:00,CUST0026,Tissues,2
T1329,2024-08-08 13:43:00,CUST0295,Salsa,2
T1329,2024-08-08 13:43:00,CUST0295,Frozen Pizza,2
T1329,2024-08-08 13:43:00,CUST0295,Lettuce,2
T1329,2024-08-08 13:43:00,CUST0295,Toilet Paper,2
T1329,2024-08-08 13:43:00,CUST0295,Coffee,2
T1329,2024-08-08 13:43:00,CUST0295,Eggs,2
T1329,2024-08-08 13:43:00,CUST0295,Sugar,2
T1329,2024-08-08 13:43:00,CUST0295,Pasta Sauce,2
T1329,2024-08-08 13:43:00,CUST0295,Pasta,2
T1330,2024-08-13 08:59:00,CUST0419,Chips,2
T1330,2024-08-13 08:59:00,CUST0419,Muffins,2
T1330,2024-08-13 08:59:00,CUST0419,Cooking Oil,2
T1330,2024-08-13 08:59:00,CUST0419,Sugar,2
T1330,2024-08-13 08:59:00,CUST0419,Diapers,2
T1330,2024-08-13 08:59:00,CUST0419,Onions,2
T1330,2024-08-13 08:59:00,CUST0419,Pasta,2
T1331,2024-05-04 17:59:00,CUST0076,Jam,2
T1331,2024-05-04 17:59:00,CUST0076,Tomatoes,2
T1331,2024-05-04 17:59:00,CUST0076,Onions,2
T1332,2024-03-13 19:44:00,CUST0343,Lemons,2
T1332,2024-03-13 19:44:00,CUST0343,Tea,2
T1332,2024-03-13 19:44:00,CUST0343,Croissant,2
T1332,2024-03-13 19:44:00,CUST0343,Trash Bags,2
T1332,2024-03-13 19:44:00,CUST0343,Cooking Oil,2
T1332,2024-03-13 19:44:00,CUST0343,Paper Towels,2
T1332,2024-03-13 19:44:00,CUST0343,Apples,2
T1332,2024-03-13 19:44:00,CUST0343,Honey,2
T1332,2024-03-13 19:44:00,CUST0343,Bananas,2
T1333,2024-05-18 18:54:00,CUST0338,Salsa,2
T1333,2024-05-18 18:54:00,CUST0338,Butter,2
T1333,2024-05-18 18:54:00,CUST0338,Cheese,2
T1333,2024-05-18 18:54:00,CUST0338,Avocado,2
T1333,2024-05-18 18:54:00,CUST0338,Cream,2
T1333,2024-05-18 18:54:00,CUST0338,Chips,2
T1333,2024-05-18 18:54:00,CUST0338,Chicken Breast,2
T1333,2024-05-18 18:54:00,CUST0338,Bacon,2
T1333,2024-05-18 18:54:00,CUST0338,Yogurt,2
T1333,2024-05-18 18:54:00,CUST0338,Beer,2
T1333,2024-05-18 18:54:00,CUST0338,Bagels,2
T1334,2024-08-22 16:59:00, CUST0365 ,Onions,2
T1334,2024-08-22 16:59:00,CUST0365,Frozen Pizza,2
T1334,2024-08-22 16:59:00,CUST0365,Oats,2
T1334,2024-08-22 16:59:00,CUST0365,Pasta Sauce,2
T1334,2024-08-22 16:59:00,CUST0365,Paper Towels,2
T1334,2024-08-22 16:59:00,CUST0365,Pasta,2
T1334,2024-08-22 16:59:00,CUST0365,Honey,2
T1334,2024-08-22 16:59:00,CUST0365,Cookies,2
T1335,2024-06-30 18:19:00,CUST0121,Frozen Pizza,2
T1335,2024-06-30 18:19:00,CUST0121,Energy Drink,2
T1335,2024-06-30 18:19:00,CUST0121,Cooking Oil,2
T1335,2024-06-30 18:19:00,CUST0121,Pasta,2
T1336,,CUST0045,Tomatoes,2
T1336,2024-07-20 18:08:00,CUST0045,Rice,2
T1336,2024-07-20 18:08:00,CUST0045,Sugar,2
T1336,2024-07-20 18:08:00,CUST0045,Toothpaste,2
T1336,2024-07-20 18:08:00,CUST0045,Toothbrush,2
T1336,2024-07-20 18:08:00,CUST0045,Bottled Water,2
T1337,2024-03-15 18:59:00,CUST0290,Salsa,2
T1337,,CUST0290,Tea,2
T1337,2024-03-15 18:59:00,CUST0290,Baby Food,2
T1337,2024-03-15 18:59:00,CUST0290,Tomatoes,2
T1337,2024-03-15 18:59:00,CUST0290,Cooking Oil,2
T1337,2024-03-15 18:59:00,CUST0290,Toothpaste,2
T1337,2024-03-15 18:59:00,CUST0290,Toothbrush,2
T1337,2024-03-15 18:59:00,CUST0290,Tissues,2
T1337,2024-03-15 18:59:00,CUST0290,Pasta,2
T1337,2024-03-15 18:59:00,CUST0290,Orange Juice,2
T1337,2024-03-15 18:59:00,CUST0290,Bananas,2
T1338,2024-05-20 10:49:00,CUST0097,Milk,2
T1338,2024-05-20 10:49:00,CUST0097,Dish Soap,2
T1338,2024-05-20 10:49:00,CUST0097,Pasta Sauce,2
T1338,2024-05-20 10:49:00,CUST0097,  soap ,2
T1338,2024-05-20 10:49:00,CUST0097,Cereal,2
T1338,2024-05-20 10:49:00,CUST0097,Fish Fillet,2
T1338,2024-05-20 10:49:00,CUST0097,Diapers,2
T1338,2024-05-20 10:49:00,CUST0097,Pasta,2
T1339,2024-08-28 19:41:00,CUST0192,Onions,2
T1339,2024-08-28 19:41:00,CUST0192,Salt,2
T1339,2024-08-28 19:41:00,CUST0192,Muffins,2
T1339,2024-08-28 19:41:00,CUST0192,Ice Cream,2
T1339,2024-08-28 19:41:00,,Cereal,2
T1340,2024-07-30 11:47:00,CUST0344,Milk,2
T1340,2024-07-30 11:47:00,CUST0344,Pasta Sauce,2
T1340,2024-07-30 11:47:00,CUST0344,Soap,2
T1340,2024-07-30 11:47:00,CUST0344,Onions,2
T1340,2024-07-30 11:47:00,CUST0344,Bagels,2
T1341,2024-07-20 17:47:00,CUST0293,Shampoo,2
T1341,2024-07-20 17:47:00,CUST0293,Butter,2
T1341,2024-07-20 17:47:00,CUST0293,Lettuce,2
T1341,2024-07-20 17:47:00,CUST0293,Soda,2
T1341,2024-07-20 17:47:00,CUST0293,Pasta Sauce,2
T1341,2024-07-20 17:47:00,CUST0293,Paper Towels,2
T1341,2024-07-20 17:47:00,CUST0293,Toothbrush,2
T1341,2024-07-20 17:47:00,CUST0293,Pasta,2
T1341,2024-07-20 17:47:00,CUST0293,Orange Juice,2
T1342,2024-05-05 16:34:00,CUST0203,Toothbrush,2
T1342,2024-05-05 16:34:00,CUST0203,Apples,2
T1342,2024-05-05 16:34:00,CUST0203,Bananas,2
T1342,2024-05-05 16:34:00,CUST0203,Toothpaste,2
T1343,2024-01-28 19:33:00,CUST0073,Detergent,2
T1343,2024-01-28 19:33:00,CUST0073,Dish Soap,2
T1343,2024-01-28 19:33:00,CUST0073,Chips,2
T1343,2024-01-28 19:33:00,CUST0073,Eggs,2
T1343,2024-01-28 19:33:00,CUST0073,Beer,2
T1343,2024-01-28 19:33:00,CUST0073,Pasta Sauce,2
T1344,2024-04-13 15:05:00,CUST0129,Baby Food,2
T1344,2024-04-13 15:05:00,CUST0129,Toilet Paper,2
T1344,2024-04-13 15:05:00,CUST0129,Rice,2
T1344,2024-04-13 15:05:00,CUST0129,Bananas,2
T1344,2024-04-13 15:05:00,CUST0129,Muffins,2
T1344,2024-04-13 15:05:00,CUST0129,Jam,2
T1344,2024-04-13 15:05:00,CUST0129,Soap,2
T1344,2024-04-13 15:05:00,CUST0129,Apples,2
T1344,2024-04-13 15:05:00,CUST0129,Orange Juice,2
T1344,2024-04-13 15:05:00,CUST0129,Cookies,2
T1345,2024-07-04 09:33:00,CUST0363,Oats,2
T1345,2024-07-04 09:33:00,CUST0363,Jam,2
T1345,2024-07-04 09:33:00,CUST0363,Bananas,2
T1346,2024-01-27 14:19:00,CUST0159,Butter,2
T1346,2024-01-27 14:19:00,CUST0159,Soda,2
T1346,2024-01-27 14:19:00,CUST0159,Energy Drink,2
T1346,2024-01-27 14:19:00,CUST0159,Rice,2
T1346,2024-01-27 14:19:00,CUST0159,Cooking Oil,2
T1346,2024-01-27 14:19:00,CUST0159,Chips,2
T1346,2024-01-27 14:19:00,CUST0159,Chocolate,2
T1346,2024-01-27 14:19:00,CUST0159,Bottled Water,2
T1347,2024-05-09 08:29:00,CUST0255,Tea,2
T1347,2024-05-09 08:29:00,CUST0255,Beer,2
T1347,2024-05-09 08:29:00,CUST0255,Chips,2
T1348,2024-04-16 08:11:00,CUST0076,Baby Wipes,2
T1348,2024-04-16 08:11:00,CUST0076,Lettuce,2
T1348,2024-04-16 08:11:00,CUST0076,Bread,2
T1348,2024-04-16 08:11:00,CUST0076,Ground Beef,2
T1348,2024-04-16 08:11:00,CUST0076,Detergent,2
T1348,2024-04-16 08:11:00,CUST0076,Rice,2
T1348,2024-04-16 08:11:00,CUST0076,Chicken Breast,2
T1348,2024-04-16 08:11:00,CUST0076,Diapers,2
T1348,2024-04-16 08:11:00,CUST0076,Soap,2
T1348,2024-04-16 08:11:00,,Cereal,2
T1348,2024-04-16 08:11:00,CUST0076,Wine,2
T1349,2024-04-01 10:43:00,CUST0146,Peanut Butter,2
T1349,2024-04-01 10:43:00,CUST0146,Milk,2
T1349,2024-04-01 10:43:00,CUST0146,Cheese,2
T1349,,CUST0146,Soda,2
T1349,2024-04-01 10:43:00,CUST0146,Oats,2
T1349,2024-04-01 10:43:00,CUST0146,Cooking Oil,2
T1349,2024-04-01 10:43:00,CUST0146,Fish Fillet,2
T1350,2024-07-13 21:04:00,CUST0389,Bacon,2
T1350,2024-07-13 21:04:00,CUST0389,Fish Fillet,2
T1350,2024-07-13 21:04:00,CUST0389,Soda,2
T1351,2024-07-30 16:13:00,,Ground Beef,2
T1351,2024-07-30 16:13:00,CUST0357,Detergent,2
T1351,2024-07-30 16:13:00,CUST0357,Dish Soap,2
T1351,2024-07-30 16:13:00,CUST0357,Coffee,2
T1352,2024-09-11 15:51:00,CUST0093,Lemons,2
T1352,2024-09-11 15:51:00,CUST0093,Tea,2
T1352,2024-09-11 15:51:00,CUST0093,Bread,2
T1352,2024-09-11 15:51:00,CUST0093,Oats,2
T1352,2024-09-11 15:51:00,CUST0093,Salt,2
T1352,2024-09-11 15:51:00,CUST0093,Ice Cream,2
T1352,2024-09-11 15:51:00,CUST0093,Bacon,2
T1352,2024-09-11 15:51:00,CUST0093,Frozen Vegetables,2
T1352,2024-09-11 15:51:00,CUST0093,Pasta Sauce,2
T1352,2024-09-11 15:51:00,CUST0093,Toothbrush,2
T1353,2024-04-18 08:40:00,CUST0104,Salsa,2
T1353,2024-04-18 08:40:00,,Tea,2
T1353,2024-04-18 08:40:00,CUST0104,Butter,2
T1353,2024-04-18 08:40:00,CUST0104,Soda,2
T1353,2024-04-18 08:40:00,CUST0104,Chips,2
T1353,2024-04-18 08:40:00,,Cooking Oil,2
T1353,2024-04-18 08:40:00,CUST0104,Bacon,2
T1353,2024-04-18 08:40:00,CUST0104,Soap,2
T1354,2024-06-23 14:46:00,CUST0292,Sugar,2
T1354,2024-06-23 14:46:00,CUST0292,Coffee,2
T1354,2024-06-23 14:46:00,CUST0292,Chicken Breast,2
T1355,2024-06-20 15:50:00,CUST0417,Butter,2
T1355,2024-06-20 15:50:00,CUST0417,Milk,2
T1355,2024-06-20 15:50:00,CUST0417,Baby Wipes,2
T1355,2024-06-20 15:50:00,CUST0417,Bread,2
T1355,2024-06-20 15:50:00,CUST0417,Trash Bags,2
T1355,2024-06-20 15:50:00,CUST0417,Ice Cream,2
T1355,2024-06-20 15:50:00,CUST0417,Wine,2
T1355,2024-06-20 15:50:00,CUST0417,Bottled Water,2
T1355,2024-06-20 15:50:00,CUST0417,Orange Juice,2
T1356,2024-05-23 21:01:00,CUST0174,Croissant,2
T1356,,CUST0174,Cooking Oil,2
T1356,2024-05-23 21:01:00,CUST0174,Pasta Sauce,2
T1356,2024-05-23 21:01:00,CUST0174,Bagels,2
T1356,2024-05-23 21:01:00,CUST0174,Bananas,2
T1357,2024-02-14 15:56:00,CUST0122,Milk,2
T1357,2024-02-14 15:56:00,CUST0122,Detergent,2
T1357,2024-02-14 15:56:00,CUST0122,Dish Soap,2
T1357,2024-02-14 15:56:00,CUST0122,Pasta Sauce,2
T1357,2024-02-14 15:56:00,CUST0122,Paper Towels,2
T1357,2024-02-14 15:56:00,CUST0122,Bananas,2
T1358,2024-02-17 15:32:00,CUST0013,Milk,2
T1358,2024-02-17 15:32:00,CUST0013,Trash Bags,2
T1358,2024-02-17 15:32:00,CUST0013,Dish Soap,2
T1358,2024-02-17 15:32:00,CUST0013,Chocolate,2
T1358,2024-02-17 15:32:00,CUST0013,Jam,2
T1358,,CUST0013,Paper Towels,2
T1359,2024-09-21 18:08:00,CUST0106,Toothbrush,2
T1359,2024-09-21 18:08:00,,Lettuce,2
T1359,2024-09-21 18:08:00,CUST0106,Honey,2
T1359,2024-09-21 18:08:00,CUST0106,Tomatoes,2
T1360,2024-01-24 09:33:00,CUST0393,Ground Beef,2
T1360,2024-01-24 09:33:00, CUST0393 ,Beer,2
T1360,2024-01-24 09:33:00,CUST0393,Chips,2
T1361,2024-08-13 18:07:00,CUST0140,Butter,2
T1361,2024-08-13 18:07:00,CUST0140,Bread,2
T1361,2024-08-13 18:07:00,CUST0140,Ground Beef,2
T1361,2024-08-13 18:07:00,CUST0140,Bacon,2
T1361,2024-08-13 18:07:00,CUST0140,Honey,2
T1362,2024-06-22 16:28:00,CUST0026,Peanut Butter,2
T1362,2024-06-22 16:28:00,CUST0026,Lettuce,2
T1362,2024-06-22 16:28:00,CUST0026,Soda,2
T1362,2024-06-22 16:28:00,CUST0026,Chips,2
T1362,2024-06-22 16:28:00,CUST0026,Coffee,2
T1362,2024-06-22 16:28:00,CUST0026,Chicken Breast,2
T1362,2024-06-22 16:28:00,CUST0026,Bacon,2
T1362,2024-06-22 16:28:00,CUST0026,Eggs,2
T1362,2024-06-22 16:28:00,CUST0026,Sugar,2
T1362,2024-06-22 16:28:00,CUST0026,Pasta Sauce,2
T1362,2024-06-22 16:28:00,CUST0026,Bananas,2
T1363,2024-02-14 14:25:00,CUST0092,Shampoo,2
T1363,2024-02-14 14:25:00,CUST0092,Soap,2
T1364,2024-02-17 21:51:00,CUST0358,Avocado,2
T1364,2024-02-17 21:51:00,CUST0358,Ice Cream,2
T1364,2024-02-17 21:51:00,CUST0358,Chocolate,2
T1364,2024-02-17 21:51:00,CUST0358,Beer,2
T1364,2024-02-17 21:51:00,CUST0358,Cereal,2
T1365,2024-06-18 20:55:00,CUST0167,Lemons,2
T1365,2024-06-18 20:55:00,CUST0167,Tomatoes,2
T1365,2024-06-18 20:55:00,CUST0167,Soda,2
T1365,2024-06-18 20:55:00,CUST0167,Detergent,2
T1365,2024-06-18 20:55:00,CUST0167,Toilet Paper,2
T1365,2024-06-18 20:55:00,CUST0167,Chips,2
T1365,2024-06-18 20:55:00, CUST0167 ,Onions,2
T1365,2024-06-18 20:55:00,CUST0167,Wine,2
T1365,2024-06-18 20:55:00,CUST0167,Cookies,2
T1366,2024-03-06 16:06:00,CUST0208,Butter,2
T1366,2024-03-06 16:06:00,CUST0208,Bread,2
T1366,2024-03-06 16:06:00,CUST0208,Chips,2
T1366,2024-03-06 16:06:00,CUST0208,Ice Cream,2
T1366,2024-03-06 16:06:00,CUST0208,Bacon,2
T1366,2024-03-06 16:06:00,CUST0208,Beer,2
T1366,2024-03-06 16:06:00,CUST0208,Sugar,2
T1367,2024-08-08 20:27:00,CUST0291,Lettuce,2
T1367,,CUST0291,Energy Drink,2
T1367,2024-08-08 20:27:00,CUST0291,Trash Bags,2
T1367,2024-08-08 20:27:00,CUST0291,Ice Cream,2
T1367,2024-08-08 20:27:00,CUST0291,Soap,2
T1367,2024-08-08 20:27:00,CUST0291,Pasta,2
T1367,2024-08-08 20:27:00,CUST0291,Potatoes,2
T1368,2024-02-05 17:06:00,CUST0351,Frozen Pizza,2
T1368,2024-02-05 17:06:00,CUST0351,Detergent,2
T1368,2024-02-05 17:06:00,CUST0351,Dish Soap,2
T1368,2024-02-05 17:06:00,CUST0351,Rice,2
T1368,2024-02-05 17:06:00,,Chocolate,2
T1368,2024-02-05 17:06:00,CUST0351,Bacon,2
T1368,2024-02-05 17:06:00,CUST0351,Jam,2
T1368,2024-02-05 17:06:00,CUST0351,Beer,2
T1368,2024-02-05 17:06:00,CUST0351,Diapers,2
T1368,2024-02-05 17:06:00,CUST0351,Pasta,2
T1368,2024-02-05 17:06:00,CUST0351,Honey,2
T1369,2024-01-01 20:09:00,CUST0339,Croissant,2
T1369,2024-01-01 20:09:00,CUST0339,Trash Bags,2
T1369,2024-01-01 20:09:00,CUST0339,Orange Juice,2
T1369,2024-01-01 20:09:00,CUST0339,Paper Towels,2
T1370,2024-09-18 14:54:00,CUST0066,Salsa,2
T1370,2024-09-18 14:54:00,CUST0066,Baby Food,2
T1370,2024-09-18 14:54:00,CUST0066,Oats,2
T1370,2024-09-18 14:54:00,CUST0066,Detergent,2
T1370,2024-09-18 14:54:00,CUST0066,Dish Soap,2
T1370,2024-09-18 14:54:00,CUST0066,Sugar,2
T1370,2024-09-18 14:54:00,CUST0066,Pasta Sauce,2
T1370,2024-09-18 14:54:00,CUST0066,Fish Fillet,2
T1370,2024-09-18 14:54:00,CUST0066,  bagels ,2
T1370,2024-09-18 14:54:00,CUST0066,Tissues,2
T1370,2024-09-18 14:54:00,CUST0066,  bananas ,2
T1371,2024-07-20 18:20:00,CUST0365,Milk,2
T1371,2024-07-20 18:20:00,CUST0365,  muffins ,2
T1371,2024-07-20 18:20:00,CUST0365,Cooking Oil,2
T1371,2024-07-20 18:20:00,CUST0365,Eggs,2
T1371,2024-07-20 18:20:00,CUST0365,Onions,2
T1371,2024-07-20 18:20:00,CUST0365,Potatoes,2
T1372,2024-01-09 10:46:00,CUST0250,Tea,2
T1372,2024-01-09 10:46:00,CUST0250,Detergent,2
T1372,2024-01-09 10:46:00,,Trash Bags,2
T1372,2024-01-09 10:46:00,CUST0250,Bacon,2
T1372,2024-01-09 10:46:00,CUST0250,Pasta Sauce,2
T1372,2024-01-09 10:46:00,CUST0250,Popcorn,2
T1372,2024-01-09 10:46:00,CUST0250,Bottled Water,2
T1372,2024-01-09 10:46:00,CUST0250,Orange Juice,2
T1373,2024-05-01 19:32:00,CUST0138,Baby Wipes,2
T1373,2024-05-01 19:32:00,CUST0138,Baby Food,2
T1373,2024-05-01 19:32:00,CUST0138,Tomatoes,2
T1373,2024-05-01 19:32:00,CUST0138,Bread,2
T1373,2024-05-01 19:32:00,CUST0138,Trash Bags,2
T1373,2024-05-01 19:32:00,CUST0138,Salt,2
T1373,2024-05-01 19:32:00,CUST0138,Pasta Sauce,2
T1373,2024-05-01 19:32:00,CUST0138,Diapers,2
T1373,2024-05-01 19:32:00,CUST0138,Toothbrush,2
T1373,2024-05-01 19:32:00,CUST0138,Pasta,2
T1373,2024-05-01 19:32:00,CUST0138,Cookies,2
T1374,2024-09-04 19:23:00,,Detergent,2
T1374,2024-09-04 19:23:00,CUST0058,Dish Soap,2
T1375,2024-02-15 11:30:00,CUST0323,Bacon,2
T1375,2024-02-15 11:30:00,CUST0323,Pasta,2
T1375,2024-02-15 11:30:00,CUST0323,Pasta Sauce,2
T1376,2024-05-30 12:10:00,CUST0019,Baby Wipes,2
T1376,2024-05-30 12:10:00,CUST0019,Cooking Oil,2
T1376,2024-05-30 12:10:00,CUST0019,Pasta Sauce,2
T1376,2024-05-30 12:10:00,CUST0019,Toothpaste,2
T1376,2024-05-30 12:10:00,CUST0019,Wine,2
T1376,2024-05-30 12:10:00,CUST0019,Bagels,2
T1376,2024-05-30 12:10:00,CUST0019,Pasta,2
T1377,2024-02-09 21:50:00,CUST0143,Frozen Pizza,2
T1377,2024-02-09 21:50:00,CUST0143,Cheese,2
T1377,2024-02-09 21:50:00,CUST0143,Soda,2
T1377,2024-02-09 21:50:00,CUST0143,Cream,2
T1377,2024-02-09 21:50:00,CUST0143,Chips,2
T1377,2024-02-09 21:50:00,CUST0143,Muffins,2
T1377,2024-02-09 21:50:00,CUST0143,Bacon,2
T1377,2024-02-09 21:50:00,CUST0143,Sausages,2
T1378,2024-07-08 20:11:00,CUST0134,Frozen Pizza,2
T1378,2024-07-08 20:11:00,CUST0134,Soda,2
T1378,2024-07-08 20:11:00,CUST0134,Chocolate,2
T1378,2024-07-08 20:11:00,CUST0134,Jam,2
T1378,2024-07-08 20:11:00,CUST0134,Bagels,2
T1378,2024-07-08 20:11:00,CUST0134,Bottled Water,2
T1379,2024-07-30 20:24:00,CUST0122,Bottled Water,2
T1379,2024-07-30 20:24:00,CUST0122,Chips,2
T1379,2024-07-30 20:24:00,CUST0122,Soap,2
T1379,2024-07-30 20:24:00,CUST0122,Frozen Vegetables,2
T1380,2024-07-23 15:19:00,CUST0244,Cheese,2
T1380,2024-07-23 15:19:00,CUST0244,Cream,2
T1380,2024-07-23 15:19:00,CUST0244,Jam,2
T1380,2024-07-23 15:19:00,CUST0244,Bagels,2
T1380,2024-07-23 15:19:00,CUST0244,Apples,2
T1380,2024-07-23 15:19:00,CUST0244,  bananas ,2
T1381,2024-07-14 18:20:00,CUST0272,Croissant,2
T1381,2024-07-14 18:20:00,CUST0272,Chips,2
T1381,2024-07-14 18:20:00,CUST0272,Orange Juice,2
T1382,2024-07-19 15:49:00,CUST0346,Avocado,2
T1382,2024-07-19 15:49:00,CUST0346,Cooking Oil,2
T1382,2024-07-19 15:49:00,CUST0346,Chicken Breast,2
T1382,2024-07-19 15:49:00,CUST0346,Eggs,2
T1382,2024-07-19 15:49:00,CUST0346,Pasta Sauce,2
T1382,2024-07-19 15:49:00,CUST0346,Honey,2
T1383,2024-05-08 11:02:00,CUST0013,Peanut Butter,2
T1383,2024-05-08 11:02:00,CUST0013,Baby Food,2
T1383,2024-05-08 11:02:00,CUST0013,Tomatoes,2
T1383,2024-05-08 11:02:00,CUST0013,Cream,2
T1383,2024-05-08 11:02:00,CUST0013,Cooking Oil,2
T1383,2024-05-08 11:02:00,CUST0013,Sugar,2
T1383,2024-05-08 11:02:00,CUST0013,Soap,2
T1383,2024-05-08 11:02:00,CUST0013,Onions,2
T1383,2024-05-08 11:02:00,CUST0013,Bagels,2
T1383,2024-05-08 11:02:00,CUST0013,Honey,2
T1384,2024-03-07 14:42:00,CUST0392,Eggs,2
T1384,2024-03-07 14:42:00,CUST0392,Frozen Pizza,2
T1385,2024-02-07 12:49:00,CUST0032,Baby Wipes,2
T1385,2024-02-07 12:49:00,CUST0032,Avocado,2
T1385,2024-02-07 12:49:00,CUST0032,Rice,2
T1385,2024-02-07 12:49:00,CUST0032,Chicken Breast,2
T1385,2024-02-07 12:49:00,CUST0032,Ice Cream,2
T1385,2024-02-07 12:49:00,CUST0032,Toothbrush,2
T1386,2024-04-12 17:25:00,CUST0092,Frozen Pizza,2
T1386,2024-04-12 17:25:00,CUST0092,Milk,2
T1386,2024-04-12 17:25:00,CUST0092,Cream,2
T1386,2024-04-12 17:25:00,CUST0092,Chocolate,2
T1386,2024-04-12 17:25:00,CUST0092,Diapers,2
T1386,2024-04-12 17:25:00,CUST0092,  cereal ,2
T1387,2024-05-08 20:28:00,CUST0010,Peanut Butter,2
T1387,2024-05-08 20:28:00,CUST0010,Milk,2
T1387,2024-05-08 20:28:00,CUST0010,Cheese,2
T1387,2024-05-08 20:28:00,CUST0010,Eggs,2
T1387,2024-05-08 20:28:00,CUST0010,Diapers,2
T1388,2024-03-03 17:34:00,CUST0184,Frozen Pizza,2
T1388,2024-03-03 17:34:00,CUST0184,Butter,2
T1388,2024-03-03 17:34:00,CUST0184,Bread,2
T1388,2024-03-03 17:34:00,CUST0184,Tomatoes,2
T1388,2024-03-03 17:34:00,CUST0184,Cream,2
T1388,2024-03-03 17:34:00,CUST0184,Ice Cream,2
T1388,2024-03-03 17:34:00,CUST0184,Diapers,2
T1388,2024-03-03 17:34:00,CUST0184,Apples,2
T1388,2024-03-03 17:34:00,CUST0184,Shampoo,2
T1388,2024-03-03 17:34:00,CUST0184,Bananas,2
T1389,2024-06-23 09:53:00,CUST0236,Detergent,2
T1389,2024-06-23 09:53:00,CUST0236,Tea,2
T1389,2024-06-23 09:53:00,CUST0236,Honey,2
T1390,2024-07-02 15:05:00,CUST0324,Tea,2
T1390,2024-07-02 15:05:00,CUST0324,Trash Bags,2
T1390,2024-07-02 15:05:00,CUST0324,Fish Fillet,2
T1390,2024-07-02 15:05:00,CUST0324,Honey,2
T1390,2024-07-02 15:05:00,CUST0324,Bananas,2
T1391,2024-05-02 15:24:00,CUST0033,Chips,2
T1391,2024-05-02 15:24:00,CUST0033,Soda,2
T1392,2024-01-19 13:03:00,CUST0173,Apples,2
T1392,2024-01-19 13:03:00,CUST0173,Honey,2
T1393,2024-03-07 08:11:00,CUST0324,Frozen Pizza,2
T1393,2024-03-07 08:11:00,CUST0324,Butter,2
T1393,2024-03-07 08:11:00,CUST0324,Milk,2
T1393,2024-03-07 08:11:00,CUST0324,Bread,2
T1393,2024-03-07 08:11:00,CUST0324,Soda,2
T1393,2024-03-07 08:11:00,CUST0324,Croissant,2
T1393,2024-03-07 08:11:00,CUST0324,Eggs,2
T1393,2024-03-07 08:11:00,CUST0324,Onions,2
T1393,2024-03-07 08:11:00,CUST0324,Wine,2
T1393,2024-03-07 08:11:00,CUST0324,Bottled Water,2
T1394,2024-04-22 09:51:00,CUST0104,Peanut Butter,2
T1394,2024-04-22 09:51:00,CUST0104,Baby Wipes,2
T1394,2024-04-22 09:51:00,CUST0104,Cream,2
T1394,2024-04-22 09:51:00,CUST0104,Chips,2
T1394,2024-04-22 09:51:00,CUST0104,Jam,2
T1394,2024-04-22 09:51:00,CUST0104,Honey,2
T1395,2024-03-27 19:23:00,CUST0284,Butter,2
T1395,2024-03-27 19:23:00,CUST0284,Soda,2
T1395,2024-03-27 19:23:00,CUST0284,Ground Beef,2
T1395,2024-03-27 19:23:00,CUST0284,Cream,2
T1395,2024-03-27 19:23:00,CUST0284,Rice,2
T1395,2024-03-27 19:23:00,CUST0284,Chicken Breast,2
T1395,2024-03-27 19:23:00,CUST0284,Chocolate,2
T1395,2024-03-27 19:23:00,CUST0284,Cooking Oil,2
T1395,,CUST0284,Coffee,2
T1395,2024-03-27 19:23:00,CUST0284,Apples,2
T1395,2024-03-27 19:23:00,CUST0284,Orange Juice,2
T1396,2024-05-25 14:44:00,CUST0414,Salsa,2
T1396,2024-05-25 14:44:00,CUST0414,Cereal,2
T1396,2024-05-25 14:44:00,CUST0414,Frozen Pizza,2
T1396,2024-05-25 14:44:00,CUST0414,Soda,2
T1396,2024-05-25 14:44:00,CUST0414,Bread,2
T1396,2024-05-25 14:44:00,CUST0414,Energy Drink,2
T1396,2024-05-25 14:44:00,CUST0414,Croissant,2
T1396,2024-05-25 14:44:00,CUST0414,Oats,2
T1396,2024-05-25 14:44:00,CUST0414,Chips,2
T1396,2024-05-25 14:44:00,CUST0414,Chocolate,2
T1396,2024-05-25 14:44:00,CUST0414,Paper Towels,2
T1397,2024-02-15 18:52:00,CUST0401,Milk,2
T1397,2024-02-15 18:52:00,CUST0401,Cookies,2
T1397,2024-02-15 18:52:00,CUST0401,Chocolate,2
T1397,2024-02-15 18:52:00,CUST0401,Eggs,2
T1397,2024-02-15 18:52:00,CUST0401,Bacon,2
T1397,2024-02-15 18:52:00,CUST0401,Soap,2
T1397,2024-02-15 18:52:00,CUST0401,Shampoo,2
T1397,2024-02-15 18:52:00,CUST0401,Potatoes,2
T1398,2024-09-16 11:29:00,CUST0395,Cheese,2
T1398,,CUST0395,Detergent,2
T1398,2024-09-16 11:29:00,CUST0395,Coffee,2
T1398,2024-09-16 11:29:00,CUST0395,Wine,2
T1398,2024-09-16 11:29:00,CUST0395,Honey,2
T1399,2024-08-10 12:21:00,CUST0316,Butter,2
T1399,2024-08-10 12:21:00,CUST0316,Cheese,2
T1399,2024-08-10 12:21:00,CUST0316,Soda,2
T1399,2024-08-10 12:21:00,CUST0316,Energy Drink,2
T1399,2024-08-10 12:21:00,CUST0316,Detergent,2
T1399,2024-08-10 12:21:00,CUST0316,Chips,2
T1399,2024-08-10 12:21:00,CUST0316,Coffee,2
T1399,2024-08-10 12:21:00,CUST0316,Chocolate,2
T1399,2024-08-10 12:21:00,CUST0316,Frozen Vegetables,2
T1400,2024-09-05 16:07:00,,Energy Drink,2
T1400,2024-09-05 16:07:00,CUST0037,Croissant,2
T1400,2024-09-05 16:07:00,CUST0037,Beer,2
T1400,2024-09-05 16:07:00,CUST0037,Orange Juice,2
T1401,2024-07-30 21:12:00,CUST0193,Cream,2
T1401,2024-07-30 21:12:00,CUST0193,Chips,2
T1401,2024-07-30 21:12:00,CUST0193,Ice Cream,2
T1401,2024-07-30 21:12:00,,Chocolate,2
T1401,2024-07-30 21:12:00,CUST0193,Beer,2
T1401,,CUST0193,Bagels,2
T1402,2024-04-09 18:22:00,CUST0139,Pasta,2
T1402,2024-04-09 18:22:00,CUST0139,Chocolate,2
T1402,2024-04-09 18:22:00,CUST0139,Ice Cream,2
T1402,2024-04-09 18:22:00,CUST0139,Pasta Sauce,2
T1402,2024-04-09 18:22:00,CUST0139,Soap,2
T1402,2024-04-09 18:22:00,CUST0139,Shampoo,2
T1402,2024-04-09 18:22:00,CUST0139,Orange Juice,2
T1403,2024-03-10 09:54:00, CUST0239 ,Ground Beef,2
T1403,2024-03-10 09:54:00,CUST0239,Diapers,2
T1404,2024-04-27 09:26:00,CUST0268,Baby Wipes,2
T1404,2024-04-27 09:26:00,CUST0268,Diapers,2
T1404,2024-04-27 09:26:00,CUST0268,Baby Food,2
T1404,2024-04-27 09:26:00,CUST0268,Chips,2
T1405,2024-03-17 17:57:00,CUST0003,Lettuce,2
T1405,2024-03-17 17:57:00,CUST0003,Soda,2
T1405,2024-03-17 17:57:00,CUST0003,Rice,2
T1405,2024-03-17 17:57:00,CUST0003,Bagels,2
T1405,2024-03-17 17:57:00,CUST0003,Tissues,2
T1405,2024-03-17 17:57:00,CUST0003,Toothbrush,2
T1406,2024-01-07 19:46:00,CUST0209,Milk,2
T1406,2024-01-07 19:46:00,CUST0209,  baby food ,2
T1406,2024-01-07 19:46:00,CUST0209,Bread,2
T1406,2024-01-07 19:46:00,CUST0209,Toilet Paper,2
T1406,2024-01-07 19:46:00,CUST0209,Ice Cream,2
T1406,2024-01-07 19:46:00,CUST0209,Frozen Vegetables,2
T1406,2024-01-07 19:46:00,CUST0209,Cereal,2
T1406,2024-01-07 19:46:00,CUST0209,Toothbrush,2
T1406,2024-01-07 19:46:00,CUST0209,Honey,2
T1406,2024-01-07 19:46:00,CUST0209,Potatoes,2
T1407,2024-01-01 21:40:00,CUST0037,Tea,2
T1407,2024-01-01 21:40:00,CUST0037,Baby Wipes,2
T1407,2024-01-01 21:40:00,CUST0037,Dish Soap,2
T1407,2024-01-01 21:40:00,CUST0037,Cooking Oil,2
T1407,2024-01-01 21:40:00,CUST0037,  chicken breast ,2
T1407,2024-01-01 21:40:00,CUST0037,Muffins,2
T1407,2024-01-01 21:40:00,CUST0037,Beer,2
T1407,2024-01-01 21:40:00,CUST0037,Diapers,2
T1407,2024-01-01 21:40:00,CUST0037,Shampoo,2
T1407,2024-01-01 21:40:00,CUST0037,Orange Juice,2
T1407,2024-01-01 21:40:00,CUST0037,Cookies,2
T1408,2024-06-20 19:59:00,CUST0029,Chicken Breast,2
T1408,2024-06-20 19:59:00,,Eggs,2
T1408,2024-06-20 19:59:00,CUST0029,Bacon,2
T1408,2024-06-20 19:59:00,CUST0029,Cereal,2
T1408,2024-06-20 19:59:00,CUST0029,Toothbrush,2
T1408,2024-06-20 19:59:00,CUST0029,Bananas,2
T1409,2024-01-21 13:23:00,CUST0090,Detergent,2
T1409,2024-01-21 13:23:00,CUST0090,Trash Bags,2
T1409,2024-01-21 13:23:00,CUST0090,Chips,2
T1410,2024-04-17 20:47:00,CUST0390,Bacon,2
T1410,2024-04-17 20:47:00,CUST0390,Eggs,2
T1410,2024-04-17 20:47:00,CUST0390,Pasta,2
T1410,2024-04-17 20:47:00,CUST0390,Pasta Sauce,2
T1411,2024-02-02 13:22:00,CUST0232,Cooking Oil,2
T1411,2024-02-02 13:22:00,CUST0232,Onions,2
T1412,2024-04-01 12:04:00,CUST0056,Cereal,2
T1412,2024-04-01 12:04:00,CUST0056,Baby Wipes,2
T1412,2024-04-01 12:04:00,CUST0056,Baby Food,2
T1412,2024-04-01 12:04:00,CUST0056,Cream,2
T1412,2024-04-01 12:04:00,CUST0056,Oats,2
T1412,,CUST0056,Dish Soap,2
T1412,2024-04-01 12:04:00,CUST0056,Sausages,2
T1412,2024-04-01 12:04:00,CUST0056,Popcorn,2
T1412,2024-04-01 12:04:00,CUST0056,Toothpaste,2
T1412,2024-04-01 12:04:00,CUST0056,Toothbrush,2
T1413,,CUST0216,Cheese,2
T1413,2024-03-08 15:22:00,CUST0216,Croissant,2
T1413,2024-03-08 15:22:00,CUST0216,Sausages,2
T1413,2024-03-08 15:22:00,CUST0216,Pasta Sauce,2
T1413,2024-03-08 15:22:00,CUST0216,Pasta,2
T1414,2024-04-28 21:33:00,CUST0331,Croissant,2
T1414,2024-04-28 21:33:00,CUST0331,Apples,2
T1414,2024-04-28 21:33:00,CUST0331,Bananas,2
T1415,2024-05-13 11:30:00,CUST0191,Frozen Pizza,2
T1415,2024-05-13 11:30:00,CUST0191,Baby Wipes,2
T1415,2024-05-13 11:30:00,CUST0191,Tea,2
T1415,2024-05-13 11:30:00,CUST0191,Chocolate,2
T1415,2024-05-13 11:30:00,CUST0191,Diapers,2
T1415,2024-05-13 11:30:00,CUST0191,Fish Fillet,2
T1415,2024-05-13 11:30:00,CUST0191,Pasta,2
T1416,2024-03-19 10:15:00,CUST0060,Baby Wipes,2
T1416,2024-03-19 10:15:00,CUST0060,Bread,2
T1416,2024-03-19 10:15:00,CUST0060,Croissant,2
T1416,2024-03-19 10:15:00,CUST0060,Eggs,2
T1416,,CUST0060,Orange Juice,2
T1417,2024-06-25 10:23:00,CUST0230,Lemons,2
T1417,2024-06-25 10:23:00,CUST0230,Tea,2
T1417,,CUST0230,Milk,2
T1417,2024-06-25 10:23:00,CUST0230,Dish Soap,2
T1417,2024-06-25 10:23:00,CUST0230,Bananas,2
T1417,2024-06-25 10:23:00,CUST0230,Diapers,2
T1417,2024-06-25 10:23:00,CUST0230,Cookies,2
T1418,2024-05-28 20:36:00,CUST0342,Baby Wipes,2
T1418,2024-05-28 20:36:00,CUST0342,Baby Food,2
T1418,2024-05-28 20:36:00,CUST0342,Bread,2
T1418,2024-05-28 20:36:00,CUST0342,Dish Soap,2
T1418,2024-05-28 20:36:00,CUST0342,Cooking Oil,2
T1418,2024-05-28 20:36:00,CUST0342,Sausages,2
T1418,2024-05-28 20:36:00,CUST0342,Diapers,2
T1418,2024-05-28 20:36:00,CUST0342,Pasta Sauce,2
T1418,2024-05-28 20:36:00,CUST0342,Bottled Water,2
T1419,2024-02-29 12:01:00,CUST0206,Butter,2
T1419,2024-02-29 12:01:00,CUST0206,Ice Cream,2
T1420,2024-02-12 16:54:00,CUST0229,Salsa,2
T1420,2024-02-12 16:54:00, CUST0229 ,Soda,2
T1420,2024-02-12 16:54:00,CUST0229,Ground Beef,2
T1420,2024-02-12 16:54:00,CUST0229,Chips,2
T1420,2024-02-12 16:54:00,CUST0229,Beer,2
T1421,2024-05-25 13:22:00,CUST0158,  soda ,2
T1421,2024-05-25 13:22:00,CUST0158,Detergent,2
T1421,2024-05-25 13:22:00,CUST0158,Toilet Paper,2
T1421,2024-05-25 13:22:00,CUST0158,Dish Soap,2
T1421,2024-05-25 13:22:00,CUST0158,Trash Bags,2
T1421,2024-05-25 13:22:00,CUST0158,Yogurt,2
T1421,2024-05-25 13:22:00,CUST0158,Pasta Sauce,2
T1421,2024-05-25 13:22:00,CUST0158,Toothpaste,2
T1421,2024-05-25 13:22:00,CUST0158,Toothbrush,2
T1421,2024-05-25 13:22:00,CUST0158,Pasta,2
T1422,2024-08-31 21:33:00,CUST0172,Baby Food,2
T1422,2024-08-31 21:33:00,CUST0172,Oats,2
T1422,2024-08-31 21:33:00,CUST0172,Dish Soap,2
T1422,2024-08-31 21:33:00,CUST0172,Pasta Sauce,2
T1422,2024-08-31 21:33:00,CUST0172,Toothpaste,2
T1422,2024-08-31 21:33:00,CUST0172,Pasta,2
T1422,2024-08-31 21:33:00,CUST0172,Orange Juice,2
T1423,2024-05-28 16:31:00,CUST0022,Salsa,2
T1423,2024-05-28 16:31:00,CUST0022,Toothpaste,2
T1423,2024-05-28 16:31:00,CUST0022,Bread,2
T1423,2024-05-28 16:31:00,CUST0022,Oats,2
T1423,2024-05-28 16:31:00,CUST0022,Chicken Breast,2
T1423,2024-05-28 16:31:00,CUST0022,Chocolate,2
T1423,2024-05-28 16:31:00,CUST0022,Beer,2
T1423,2024-05-28 16:31:00,CUST0022,Soap,2
T1423,2024-05-28 16:31:00,CUST0022,Paper Towels,2
T1423,2024-05-28 16:31:00,CUST0022,Orange Juice,2
T1423,2024-05-28 16:31:00,CUST0022,Cookies,2
T1424,2024-06-02 18:53:00,CUST0326,Trash Bags,2
T1424,,CUST0326,Honey,2
T1424,2024-06-02 18:53:00,CUST0326,Paper Towels,2
T1425,2024-08-11 21:16:00,,Lettuce,2
T1425,2024-08-11 21:16:00,CUST0322,Ground Beef,2
T1425,2024-08-11 21:16:00,CUST0322,Cream,2
T1425,2024-08-11 21:16:00,CUST0322,Detergent,2
T1425,2024-08-11 21:16:00,CUST0322,Coffee,2
T1425,2024-08-11 21:16:00,CUST0322,Muffins,2
T1425,2024-08-11 21:16:00,CUST0322,Frozen Vegetables,2
T1425,2024-08-11 21:16:00,CUST0322,Apples,2
T1425,2024-08-11 21:16:00,CUST0322,Bananas,2
T1426,2024-03-10 13:10:00,CUST0028,Bacon,2
T1426,2024-03-10 13:10:00,CUST0028,Yogurt,2
T1426,2024-03-10 13:10:00,CUST0028,Eggs,2
T1427,2024-03-26 16:20:00,CUST0162,Cheese,2
T1427,2024-03-26 16:20:00,,Eggs,2
T1427,2024-03-26 16:20:00,CUST0162,Popcorn,2
T1427,2024-03-26 16:20:00,CUST0162,  wine ,2
T1427,2024-03-26 16:20:00,CUST0162,Honey,2
T1427,2024-03-26 16:20:00,CUST0162,Cookies,2
T1428,2024-03-24 09:13:00,CUST0080,Frozen Pizza,2
T1428,2024-03-24 09:13:00,CUST0080,Tomatoes,2
T1428,2024-03-24 09:13:00,CUST0080,Soda,2
T1428,2024-03-24 09:13:00,CUST0080,Salt,2
T1428,2024-03-24 09:13:00,CUST0080,Rice,2
T1428,2024-03-24 09:13:00,CUST0080,Chicken Breast,2
T1428,2024-03-24 09:13:00,CUST0080,Bacon,2
T1428,2024-03-24 09:13:00,CUST0080,Dish Soap,2
T1428,2024-03-24 09:13:00,CUST0080,Onions,2
T1428,2024-03-24 09:13:00,CUST0080,Bagels,2
T1428,2024-03-24 09:13:00,CUST0080,Orange Juice,2
T1429,2024-03-12 21:28:00,CUST0306,Tea,2
T1429,2024-03-12 21:28:00,CUST0306,Baby Wipes,2
T1429,2024-03-12 21:28:00,CUST0306,Croissant,2
T1429,2024-03-12 21:28:00,CUST0306,Ice Cream,2
T1429,2024-03-12 21:28:00,CUST0306,Eggs,2
T1429,2024-03-12 21:28:00,CUST0306,Jam,2
T1429,2024-03-12 21:28:00,CUST0306,Sugar,2
T1429,2024-03-12 21:28:00, CUST0306 ,Toothpaste,2
T1429,2024-03-12 21:28:00,CUST0306,Pasta,2
T1429,2024-03-12 21:28:00,CUST0306,Paper Towels,2
T1430,2024-03-01 11:08:00,CUST0356,Milk,2
T1430,2024-03-01 11:08:00,CUST0356,Cereal,2
T1431,2024-02-27 09:01:00,CUST0397,Salsa,2
T1431,2024-02-27 09:01:00,CUST0397,Chips,2
T1431,2024-02-27 09:01:00,CUST0397,Soda,2
T1432,2024-09-19 17:03:00,CUST0241,Wine,2
T1432,2024-09-19 17:03:00,CUST0241,Cheese,2
T1433,2024-02-19 20:07:00,CUST0309,Sugar,2
T1433,2024-02-19 20:07:00,CUST0309,Coffee,2
T1434,2024-05-22 17:22:00,CUST0181,Avocado,2
T1434,,CUST0181,Lettuce,2
T1435,2024-01-08 16:13:00,CUST0367,Toothbrush,2
T1435,2024-01-08 16:13:00,CUST0367,Honey,2
T1435,2024-01-08 16:13:00,,Toothpaste,2
T1436,2024-08-05 11:32:00,CUST0117,Peanut Butter,2
T1436,2024-08-05 11:32:00,CUST0117,Tea,2
T1436,2024-08-05 11:32:00,CUST0117,Bread,2
T1436,2024-08-05 11:32:00,CUST0117,Detergent,2
T1436,2024-08-05 11:32:00,CUST0117,Salt,2
T1436,2024-08-05 11:32:00,CUST0117,Diapers,2
T1436,2024-08-05 11:32:00,CUST0117,Wine,2
T1436,2024-08-05 11:32:00,CUST0117,Apples,2
T1436,2024-08-05 11:32:00,CUST0117,Honey,2
T1436,2024-08-05 11:32:00,CUST0117,Cookies,2
T1437,2024-05-27 16:46:00,CUST0021,Croissant,2
T1437,2024-05-27 16:46:00,CUST0021,Orange Juice,2
T1437,2024-05-27 16:46:00,CUST0021,Frozen Vegetables,2
T1438,2024-08-31 18:23:00,CUST0092,Tomatoes,2
T1438,2024-08-31 18:23:00,CUST0092,Cream,2
T1438,2024-08-31 18:23:00,CUST0092,Sausages,2
T1438,2024-08-31 18:23:00,CUST0092,Diapers,2
T1438,2024-08-31 18:23:00,CUST0092,Soap,2
T1438,2024-08-31 18:23:00,CUST0092,Popcorn,2
T1438,2024-08-31 18:23:00,CUST0092,Toothbrush,2
T1438,2024-08-31 18:23:00,CUST0092,Pasta,2
T1438,2024-08-31 18:23:00,CUST0092,Shampoo,2
T1439,2024-04-11 13:12:00,CUST0305,Peanut Butter,2
T1439,2024-04-11 13:12:00,CUST0305,Soda,2
T1439,2024-04-11 13:12:00, CUST0305 ,Cream,2
T1439,2024-04-11 13:12:00,CUST0305,Toilet Paper,2
T1439,2024-04-11 13:12:00,CUST0305,Chips,2
T1439,2024-04-11 13:12:00,CUST0305,Coffee,2
T1439,2024-04-11 13:12:00,CUST0305,Diapers,2
T1439,2024-04-11 13:12:00,CUST0305,Cereal,2
T1439,2024-04-11 13:12:00,,Shampoo,2
T1440,2024-09-11 11:40:00,CUST0069,Peanut Butter,2
T1440,2024-09-11 11:40:00,CUST0069,Frozen Pizza,2
T1440,2024-09-11 11:40:00,CUST0069,Baby Wipes,2
T1440,2024-09-11 11:40:00,CUST0069,Soda,2
T1440,2024-09-11 11:40:00,CUST0069,Ground Beef,2
T1440,2024-09-11 11:40:00,CUST0069,Salt,2
T1440,2024-09-11 11:40:00,CUST0069,Chicken Breast,2
T1440,2024-09-11 11:40:00,CUST0069,Coffee,2
T1440,2024-09-11 11:40:00,CUST0069,Pasta Sauce,2
T1440,2024-09-11 11:40:00,CUST0069,Wine,2
T1440,2024-09-11 11:40:00,CUST0069,Shampoo,2
T1441,2024-01-14 10:24:00,CUST0310,Cream,2
T1441,2024-01-14 10:24:00,CUST0310,Frozen Vegetables,2
T1442,2024-06-24 20:55:00,CUST0277,Frozen Pizza,2
T1442,2024-06-24 20:55:00,CUST0277,Frozen Vegetables,2
T1442,2024-06-24 20:55:00,CUST0277,Sausages,2
T1442,2024-06-24 20:55:00,CUST0277,Diapers,2
T1442,2024-06-24 20:55:00,CUST0277,Honey,2
T1443,2024-03-25 15:27:00,CUST0069,Baby Wipes,2
T1443,2024-03-25 15:27:00,CUST0069,Milk,2
T1443,2024-03-25 15:27:00,CUST0069,Bread,2
T1443,2024-03-25 15:27:00,CUST0069,Croissant,2
T1443,2024-03-25 15:27:00,CUST0069,Chocolate,2
T1443,2024-03-25 15:27:00,CUST0069,Eggs,2
T1443,2024-03-25 15:27:00,CUST0069,Diapers,2
T1443,2024-03-25 15:27:00,CUST0069,Fish Fillet,2
T1444,2024-05-25 13:03:00,CUST0015,Lemons,2
T1444,2024-05-25 13:03:00,CUST0015,Energy Drink,2
T1444,2024-05-25 13:03:00,CUST0015,Toilet Paper,2
T1444,2024-05-25 13:03:00,CUST0015,Salt,2
T1444,2024-05-25 13:03:00,CUST0015,Frozen Vegetables,2
T1444,2024-05-25 13:03:00,CUST0015,Yogurt,2
T1444,2024-05-25 13:03:00,CUST0015,Pasta Sauce,2
T1444,2024-05-25 13:03:00,CUST0015,Paper Towels,2
T1444,,CUST0015,Wine,2
T1445,2024-01-29 18:15:00,CUST0127,Salt,2
T1445,2024-01-29 18:15:00,CUST0127,Beer,2
T1445,2024-01-29 18:15:00,CUST0127,Diapers,2
T1445,2024-01-29 18:15:00,CUST0127,Sugar,2
T1445,2024-01-29 18:15:00,CUST0127,Paper Towels,2
T1445,2024-01-29 18:15:00,CUST0127,Toothbrush,2
T1445,2024-01-29 18:15:00,CUST0127,Honey,2
T1446,2024-01-11 16:20:00,CUST0020,Tea,2
T1446,2024-01-11 16:20:00,CUST0020,Pasta,2
T1446,2024-01-11 16:20:00,CUST0020,Jam,2
T1447,2024-02-20 20:31:00,CUST0052,Baby Wipes,2
T1447,2024-02-20 20:31:00,CUST0052,Croissant,2
T1447,2024-02-20 20:31:00,CUST0052,Trash Bags,2
T1447,2024-02-20 20:31:00,CUST0052,Pasta Sauce,2
T1447,2024-02-20 20:31:00,CUST0052,Paper Towels,2
T1447,2024-02-20 20:31:00,CUST0052,Wine,2
T1448,2024-02-08 21:54:00,CUST0275,Milk,2
T1448,2024-02-08 21:54:00,CUST0275,Soda,2
T1448,2024-02-08 21:54:00,CUST0275,Detergent,2
T1448,2024-02-08 21:54:00,CUST0275,Chips,2
T1448,2024-02-08 21:54:00,CUST0275,Cereal,2
T1448,2024-02-08 21:54:00,CUST0275,Tissues,2
T1449,2024-02-09 18:52:00,CUST0155,Tomatoes,2
T1449,2024-02-09 18:52:00,CUST0155,Oats,2
T1449,2024-02-09 18:52:00,CUST0155,Cream,2
T1449,2024-02-09 18:52:00,CUST0155,Coffee,2
T1449,2024-02-09 18:52:00,CUST0155,Chicken Breast,2
T1449,2024-02-09 18:52:00,CUST0155,Sugar,2
T1449,2024-02-09 18:52:00,CUST0155,Flour,2
T1449,2024-02-09 18:52:00,CUST0155,Wine,2
T1449,2024-02-09 18:52:00,CUST0155,Toothbrush,2
T1449,2024-02-09 18:52:00,CUST0155,Shampoo,2
T1449,2024-02-09 18:52:00,CUST0155,Honey,2
T1450,2024-09-21 21:11:00,CUST0296,Salsa,2
T1450,2024-09-21 21:11:00,CUST0296,Baby Wipes,2
T1450,2024-09-21 21:11:00,CUST0296,Avocado,2
T1450,2024-09-21 21:11:00,CUST0296,Toothpaste,2
T1450,2024-09-21 21:11:00,CUST0296,Shampoo,2
T1450,2024-09-21 21:11:00,CUST0296,Honey,2
T1450,2024-09-21 21:11:00,CUST0296,Cookies,2
T1451,2024-06-02 21:27:00,CUST0211,Salsa,2
T1451,2024-06-02 21:27:00,CUST0211,Soda,2
T1451,2024-06-02 21:27:00,CUST0211,Detergent,2
T1451,2024-06-02 21:27:00,,Cooking Oil,2
T1451,2024-06-02 21:27:00,CUST0211,Yogurt,2
T1451,2024-06-02 21:27:00,CUST0211,Beer,2
T1451,2024-06-02 21:27:00,CUST0211,Onions,2
T1451,2024-06-02 21:27:00,CUST0211,Tissues,2
T1451,2024-06-02 21:27:00,CUST0211,Bottled Water,2
T1451,2024-06-02 21:27:00,CUST0211,Potatoes,2
T1452,2024-05-05 20:52:00,CUST0159,Energy Drink,2
T1452,2024-05-05 20:52:00,CUST0159,Chicken Breast,2
T1452,2024-05-05 20:52:00,CUST0159,Bacon,2
T1452,2024-05-05 20:52:00,CUST0159,Jam,2
T1452,2024-05-05 20:52:00, CUST0159 ,Paper Towels,2
T1452,2024-05-05 20:52:00,CUST0159,Shampoo,2
T1452,2024-05-05 20:52:00,CUST0159,Potatoes,2
T1453,2024-04-13 10:17:00,CUST0070,  detergent ,2
T1453,2024-04-13 10:17:00,CUST0070,Dish Soap,2
T1454,2024-06-01 21:04:00,CUST0209,Frozen Pizza,2
T1454,2024-06-01 21:04:00,CUST0209,Butter,2
T1454,2024-06-01 21:04:00,CUST0209,Croissant,2
T1454,2024-06-01 21:04:00,CUST0209,Chocolate,2
T1454,2024-06-01 21:04:00,CUST0209,Yogurt,2
T1454,2024-06-01 21:04:00,CUST0209,Cereal,2
T1455,2024-07-18 20:47:00,CUST0381,Lettuce,2
T1455,2024-07-18 20:47:00,CUST0381,Tomatoes,2
T1455,2024-07-18 20:47:00,CUST0381,Avocado,2
T1455,2024-07-18 20:47:00,CUST0381,Oats,2
T1455,2024-07-18 20:47:00,CUST0381,Coffee,2
T1455,2024-07-18 20:47:00,CUST0381,Frozen Vegetables,2
T1455,2024-07-18 20:47:00,CUST0381,  cooking oil ,2
T1455,2024-07-18 20:47:00,CUST0381,Pasta Sauce,2
T1455,2024-07-18 20:47:00,CUST0381,Onions,2
T1455,2024-07-18 20:47:00,CUST0381,Pasta,2
T1455,2024-07-18 20:47:00,CUST0381,Potatoes,2
T1456,2024-05-10 21:37:00,CUST0029,Wine,2
T1456,2024-05-10 21:37:00,CUST0029,Ground Beef,2
T1456,2024-05-10 21:37:00,CUST0029,Apples,2
T1456,2024-05-10 21:37:00,CUST0029,Cheese,2
T1457,2024-01-11 18:57:00,CUST0311,Lettuce,2
T1457,2024-01-11 18:57:00,CUST0311,Soda,2
T1457,2024-01-11 18:57:00,CUST0311,Ground Beef,2
T1457,2024-01-11 18:57:00,CUST0311,Detergent,2
T1457,2024-01-11 18:57:00,CUST0311,Dish Soap,2
T1457,2024-01-11 18:57:00,CUST0311,Cooking Oil,2
T1457,2024-01-11 18:57:00,CUST0311,Onions,2
T1457,,CUST0311,Wine,2
T1458,2024-07-15 12:40:00,CUST0359,Avocado,2
T1458,2024-07-15 12:40:00,CUST0359,Potatoes,2
T1459,2024-05-10 12:05:00,CUST0388,Toilet Paper,2
T1459,2024-05-10 12:05:00,CUST0388,Trash Bags,2
T1459,2024-05-10 12:05:00,CUST0388,Rice,2
T1459,2024-05-10 12:05:00,CUST0388,Diapers,2
T1459,,CUST0388,Bagels,2
T1460,2024-06-19 19:27:00,CUST0420,Frozen Pizza,2
T1460,2024-06-19 19:27:00,CUST0420,Milk,2
T1460,2024-06-19 19:27:00,CUST0420,Ground Beef,2
T1460,2024-06-19 19:27:00,CUST0420,Chips,2
T1460,2024-06-19 19:27:00,CUST0420,Soap,2
T1460,2024-06-19 19:27:00,CUST0420,Cereal,2
T1460,2024-06-19 19:27:00,CUST0420,Wine,2
T1461,2024-06-05 13:36:00,CUST0043,Baby Wipes,2
T1461,2024-06-05 13:36:00,CUST0043,Baby Food,2
T1461,2024-06-05 13:36:00,CUST0043,Cheese,2
T1461,2024-06-05 13:36:00,CUST0043,Muffins,2
T1461,2024-06-05 13:36:00,CUST0043,Diapers,2
T1461,2024-06-05 13:36:00,CUST0043,Orange Juice,2
T1461,2024-06-05 13:36:00,CUST0043,Cookies,2
T1462,2024-03-09 12:11:00,CUST0352,Baby Food,2
T1462,2024-03-09 12:11:00,CUST0352,Pasta Sauce,2
T1462,2024-03-09 12:11:00,CUST0352,  soap ,2
T1462,2024-03-09 12:11:00,CUST0352,Soda,2
T1463,2024-04-11 12:44:00,CUST0087,Cereal,2
T1463,2024-04-11 12:44:00,CUST0087,Onions,2
T1463,2024-04-11 12:44:00,CUST0087,Milk,2
T1463,2024-04-11 12:44:00,CUST0087,Tomatoes,2
T1463,2024-04-11 12:44:00,CUST0087,Croissant,2
T1463,2024-04-11 12:44:00,CUST0087,Oats,2
T1463,2024-04-11 12:44:00,CUST0087,Chicken Breast,2
T1463,2024-04-11 12:44:00,CUST0087,Paper Towels,2
T1464,2024-04-07 21:52:00,CUST0401,Lemons,2
T1464,2024-04-07 21:52:00,CUST0401,Baby Wipes,2
T1464,2024-04-07 21:52:00,CUST0401,Oats,2
T1464,2024-04-07 21:52:00,CUST0401,Dish Soap,2
T1464,2024-04-07 21:52:00,CUST0401,Chips,2
T1464,2024-04-07 21:52:00,CUST0401,Coffee,2
T1464,2024-04-07 21:52:00,CUST0401,Frozen Vegetables,2
T1464,2024-04-07 21:52:00,CUST0401,Toothbrush,2
T1464,2024-04-07 21:52:00,CUST0401,Tissues,2
T1464,2024-04-07 21:52:00,CUST0401,Bottled Water,2
T1465,2024-03-15 08:18:00,CUST0135,Toothpaste,2
T1465,2024-03-15 08:18:00, CUST0135 ,Cookies,2
T1465,2024-03-15 08:18:00,CUST0135,Cream,2
T1465,2024-03-15 08:18:00,CUST0135,Bacon,2
T1465,2024-03-15 08:18:00,CUST0135,Popcorn,2
T1465,2024-03-15 08:18:00,CUST0135,Bagels,2
T1465,2024-03-15 08:18:00,CUST0135,Apples,2
T1465,2024-03-15 08:18:00,CUST0135,Bananas,2
T1466,2024-08-04 19:38:00,CUST0132,Toilet Paper,2
T1466,2024-08-04 19:38:00,CUST0132,Chips,2
T1466,,,Rice,2
T1466,2024-08-04 19:38:00,CUST0132,Beer,2
T1466,2024-08-04 19:38:00,CUST0132,Cereal,2
T1466,2024-08-04 19:38:00,CUST0132,Wine,2
T1466,2024-08-04 19:38:00,CUST0132,Bagels,2
T1466,2024-08-04 19:38:00,CUST0132,Apples,2
T1466,2024-08-04 19:38:00,CUST0132,Orange Juice,2
T1467,2024-07-21 18:23:00,CUST0068,Butter,2
T1467,2024-07-21 18:23:00,CUST0068,Cheese,2
T1467,2024-07-21 18:23:00,CUST0068,Bread,2
T1467,2024-07-21 18:23:00,CUST0068,Avocado,2
T1467,2024-07-21 18:23:00,CUST0068,Salt,2
T1467,2024-07-21 18:23:00,CUST0068,Cooking Oil,2
T1467,2024-07-21 18:23:00,CUST0068,Yogurt,2
T1467,2024-07-21 18:23:00,CUST0068,Paper Towels,2
T1467,2024-07-21 18:23:00,CUST0068,Wine,2
T1467,2024-07-21 18:23:00,CUST0068,Potatoes,2
T1468,2024-08-09 10:16:00,CUST0060,Milk,2
T1468,2024-08-09 10:16:00,CUST0060,Bread,2
T1468,2024-08-09 10:16:00,CUST0060,Detergent,2
T1468,2024-08-09 10:16:00,CUST0060,Dish Soap,2
T1468,,CUST0060,Chocolate,2
T1468,2024-08-09 10:16:00,CUST0060,Eggs,2
T1468,2024-08-09 10:16:00,CUST0060,Ice Cream,2
T1469,2024-03-25 13:47:00,CUST0252,Lemons,2
T1469,2024-03-25 13:47:00,CUST0252,Detergent,2
T1469,2024-03-25 13:47:00,CUST0252,Bacon,2
T1469,2024-03-25 13:47:00,CUST0252,Beer,2
T1469,2024-03-25 13:47:00,CUST0252,Pasta Sauce,2
T1469,2024-03-25 13:47:00,CUST0252,Tissues,2
T1470,2024-03-24 19:29:00,CUST0224,Dish Soap,2
T1470,,CUST0224,Detergent,2
T1470,2024-03-24 19:29:00,CUST0224,Diapers,2
T1471,2024-04-02 21:10:00,CUST0384,Frozen Pizza,2
T1471,2024-04-02 21:10:00,CUST0384,Baby Wipes,2
T1471,2024-04-02 21:10:00,CUST0384,Lettuce,2
T1471,2024-04-02 21:10:00,CUST0384,Tomatoes,2
T1471,2024-04-02 21:10:00,CUST0384,Soda,2
T1471,2024-04-02 21:10:00,CUST0384,Coffee,2
T1471,2024-04-02 21:10:00,CUST0384,Frozen Vegetables,2
T1471,2024-04-02 21:10:00,CUST0384,Jam,2
T1471,2024-04-02 21:10:00,CUST0384,Sugar,2
T1472,2024-09-26 20:36:00,CUST0093,Sugar,2
T1472,2024-09-26 20:36:00,CUST0093,Coffee,2
T1473,2024-03-03 14:23:00,CUST0303,Pasta,2
T1473,2024-03-03 14:23:00,CUST0303,Pasta Sauce,2
T1474,2024-01-23 18:39:00,CUST0232,Cereal,2
T1474,2024-01-23 18:39:00,CUST0232,Milk,2
T1474,2024-01-23 18:39:00,CUST0232,Cheese,2
T1474,2024-01-23 18:39:00,CUST0232,Trash Bags,2
T1474,2024-01-23 18:39:00,CUST0232,Pasta Sauce,2
T1474,2024-01-23 18:39:00,CUST0232,Paper Towels,2
T1474,2024-01-23 18:39:00,CUST0232,Pasta,2
T1475,2024-05-24 13:51:00,CUST0029,Bagels,2
T1475,2024-05-24 13:51:00,CUST0029,Cream,2
T1476,2024-07-25 12:41:00,CUST0386,Frozen Pizza,2
T1476,2024-07-25 12:41:00,CUST0386,Soda,2
T1476,2024-07-25 12:41:00,CUST0386,Energy Drink,2
T1476,2024-07-25 12:41:00,CUST0386,Oats,2
T1476,2024-07-25 12:41:00,CUST0386,Detergent,2
T1476,2024-07-25 12:41:00,CUST0386,Croissant,2
T1476,2024-07-25 12:41:00,CUST0386,Dish Soap,2
T1476,2024-07-25 12:41:00,CUST0386,Bananas,2
T1477,2024-09-19 11:31:00,CUST0229,Tea,2
T1477,2024-09-19 11:31:00,CUST0229,Cheese,2
T1477,2024-09-19 11:31:00,CUST0229,Beer,2
T1477,2024-09-19 11:31:00,CUST0229,Pasta Sauce,2
T1477,2024-09-19 11:31:00,CUST0229,Honey,2
T1478,2024-03-20 15:33:00,CUST0323,Butter,2
T1478,2024-03-20 15:33:00,CUST0323,Oats,2
T1478,2024-03-20 15:33:00,CUST0323,Ice Cream,2
T1478,2024-03-20 15:33:00,CUST0323,Sugar,2
T1478,2024-03-20 15:33:00,CUST0323,Beer,2
T1478,2024-03-20 15:33:00,CUST0323,Soap,2
T1478,2034-03-18 15:33:00,CUST0323,Flour,2
T1478,2024-03-20 15:33:00,CUST0323,Shampoo,2
T1479,2024-06-02 21:15:00,CUST0268,Tea,2
T1479,2024-06-02 21:15:00,CUST0268,Pasta,2
T1479,2024-06-02 21:15:00,CUST0268,Pasta Sauce,2
T1479,2024-06-02 21:15:00,CUST0268,Honey,2
T1480,2024-09-18 14:26:00,CUST0049,Peanut Butter,2
T1480,2024-09-18 14:26:00,,Ice Cream,2
T1481,2024-06-01 13:37:00,CUST0371,Butter,2
T1481,2024-06-01 13:37:00,,Toothpaste,2
T1481,2024-06-01 13:37:00,CUST0371,Croissant,2
T1481,2024-06-01 13:37:00,CUST0371,  cream ,2
T1481,2024-06-01 13:37:00,CUST0371,Toilet Paper,2
T1481,2024-06-01 13:37:00,CUST0371,Chocolate,2
T1481,2024-06-01 13:37:00,CUST0371,Jam,2
T1481,2024-06-01 13:37:00,CUST0371,Beer,2
T1481,2024-06-01 13:37:00,CUST0371,Cereal,2
T1481,2024-06-01 13:37:00,CUST0371,Bagels,2
T1481,2024-06-01 13:37:00,CUST0371,Cookies,2
T1482,2024-02-24 14:34:00,CUST0010,Cookies,2
T1482,2024-02-24 14:34:00,CUST0010,  apples ,2
T1482,2024-02-24 14:34:00,CUST0010,Onions,2
T1483,2024-07-26 21:42:00,CUST0382,  bagels ,2
T1483,2024-07-26 21:42:00,CUST0382,Chips,2
T1483,2024-07-26 21:42:00,CUST0382,Ice Cream,2
T1484,2024-02-27 21:01:00,CUST0357,Tea,2
T1484,2024-02-27 21:01:00,CUST0357,Soap,2
T1485,2024-08-15 15:30:00,CUST0011,Butter,2
T1485,2024-08-15 15:30:00,CUST0011,Baby Wipes,2
T1485,2024-08-15 15:30:00,CUST0011,Soda,2
T1485,2024-08-15 15:30:00,CUST0011,Croissant,2
T1485,2024-08-15 15:30:00,CUST0011,Chips,2
T1485,2024-08-15 15:30:00,CUST0011,Jam,2
T1485,2024-08-15 15:30:00,CUST0011,Wine,2
T1485,2024-08-15 15:30:00,CUST0011,Toothbrush,2
T1485,2024-08-15 15:30:00,CUST0011,Bottled Water,2
T1486,2024-09-05 16:37:00,CUST0372,Salsa,2
T1486,2024-09-05 16:37:00,CUST0372,Soda,2
T1486,2024-09-05 16:37:00,CUST0372,Chips,2
T1486,2024-09-05 16:37:00,CUST0372,Chocolate,2
T1486,2024-09-05 16:37:00,CUST0372,Ice Cream,2
T1486,2024-09-05 16:37:00,CUST0372,Frozen Vegetables,2
T1486,2024-09-05 16:37:00,CUST0372,Toothpaste,2
T1487,2024-08-01 15:07:00,CUST0254,Lettuce,2
T1487,2024-08-01 15:07:00,CUST0254,Tomatoes,2
T1487,2024-08-01 15:07:00,CUST0254,Avocado,2
T1487,2024-08-01 15:07:00,CUST0254,Cooking Oil,2
T1487,2024-08-01 15:07:00,CUST0254,Onions,2
T1488,2024-07-18 14:53:00,,Tomatoes,2
T1488,2024-07-18 14:53:00,CUST0345,Cooking Oil,2
T1488,2024-07-18 14:53:00,CUST0345,Chicken Breast,2
T1488,2024-07-18 14:53:00,CUST0345,Flour,2
T1488,2024-07-18 14:53:00,CUST0345,Diapers,2
T1488,2024-07-18 14:53:00,CUST0345,Beer,2
T1488,2024-07-18 14:53:00,CUST0345,Onions,2
T1488,2024-07-18 14:53:00,CUST0345,Apples,2
T1489,2024-03-07 10:12:00,CUST0081,Rice,2
T1489,2024-03-07 10:12:00,CUST0081,Cooking Oil,2
T1489,,CUST0081,Chicken Breast,2
T1490,2024-07-02 12:22:00,CUST0347,Rice,2
T1490,2024-07-02 12:22:00,CUST0347,Pasta Sauce,2
T1490,2024-07-02 12:22:00,CUST0347,Cheese,2
T1490,2024-07-02 12:22:00,CUST0347,Chicken Breast,2
T1491,2024-06-23 20:22:00,CUST0394,Frozen Pizza,2
T1491,2024-06-23 20:22:00,CUST0394,Tomatoes,2
T1491,2024-06-23 20:22:00,CUST0394,Coffee,2
T1491,2024-06-23 20:22:00,CUST0394,Jam,2
T1491,2024-06-23 20:22:00,CUST0394,Onions,2
T1491,2024-06-23 20:22:00,CUST0394,Tissues,2
T1491,2024-06-23 20:22:00,CUST0394,Paper Towels,2
T1492,,CUST0150,Peanut Butter,2
T1492,2024-07-04 10:46:00,CUST0150,Baby Wipes,2
T1492,2024-07-04 10:46:00,CUST0150,Butter,2
T1492,2024-07-04 10:46:00,CUST0150,Cheese,2
T1492,2024-07-04 10:46:00,CUST0150,Chips,2
T1492,2024-07-04 10:46:00,,Chicken Breast,2
T1492,2024-07-04 10:46:00,CUST0150,Coffee,2
T1492,2024-07-04 10:46:00,CUST0150,Jam,2
T1492,2024-07-04 10:46:00,CUST0150,Diapers,2
T1492,2024-07-04 10:46:00,CUST0150,Bottled Water,2
T1493,2024-07-31 20:49:00,CUST0004,Salsa,2
T1493,2024-07-31 20:49:00,CUST0004,Croissant,2
T1493,2024-07-31 20:49:00,CUST0004,Cooking Oil,2
T1493,2024-07-31 20:49:00,CUST0004,Coffee,2
T1493,2024-07-31 20:49:00,CUST0004,Toothpaste,2
T1493,2024-07-31 20:49:00,CUST0004,Toothbrush,2
T1493,2024-07-31 20:49:00,CUST0004,Orange Juice,2
T1494,2024-07-30 14:57:00,CUST0235,Onions,2
T1494,2024-07-30 14:57:00,CUST0235,Toothpaste,2
T1494,2024-07-30 14:57:00,CUST0235,Lettuce,2
T1494,2024-07-30 14:57:00,CUST0235,Detergent,2
T1494,2024-07-30 14:57:00,CUST0235,Dish Soap,2
T1494,2024-07-30 14:57:00,CUST0235,Chips,2
T1494,2024-07-30 14:57:00,CUST0235,Chicken Breast,2
T1494,2024-07-30 14:57:00,CUST0235,Cereal,2
T1494,2024-07-30 14:57:00,CUST0235,Bottled Water,2
T1495,2024-07-24 20:10:00,CUST0223,Toothbrush,2
T1495,2024-07-24 20:10:00,CUST0223,Rice,2
T1495,2024-07-24 20:10:00,CUST0223,Tomatoes,2
T1496,2024-09-23 12:26:00,CUST0206,Yogurt,2
T1496,2024-09-23 12:26:00,CUST0206,Bottled Water,2
T1497,2024-07-18 19:46:00,CUST0379,Salsa,2
T1497,2024-07-18 19:46:00,CUST0379,Baby Food,2
T1497,2024-07-18 19:46:00,CUST0379,Soda,2
T1497,2024-07-18 19:46:00,CUST0379,Dish Soap,2
T1497,2024-07-18 19:46:00,CUST0379,Eggs,2
T1497,2024-07-18 19:46:00,CUST0379,Diapers,2
T1497,2024-07-18 19:46:00,CUST0379,Cereal,2
T1497,2024-07-18 19:46:00,CUST0379,Fish Fillet,2
T1497,2024-07-18 19:46:00,CUST0379,Shampoo,2
T1497,2024-07-18 19:46:00,CUST0379,Bananas,2
T1498,2024-05-03 21:49:00,CUST0156,Toothbrush,2
T1498,2024-05-03 21:49:00,CUST0156,Croissant,2
T1498,2024-05-03 21:49:00, CUST0156 ,Toothpaste,2
T1499,2024-03-04 15:19:00,CUST0294,Pasta Sauce,2
T1499,2024-03-04 15:19:00,CUST0294,Cheese,2
T1499,,CUST0294,Toothpaste,2
T1500,2024-04-08 21:49:00,CUST0185,Cereal,2
T1500,2024-04-08 21:49:00,CUST0185,Milk,2
T1500,2024-04-08 21:49:00,CUST0185,Lettuce,2
T1500,2024-04-08 21:49:00,CUST0185,Beer,2
T1500,2024-04-08 21:49:00,CUST0185,Orange Juice,2
T1501,2024-03-07 15:13:00,CUST0229,Yogurt,2
T1501,2024-03-07 15:13:00,CUST0229,Oats,2
T1501,2024-03-07 15:13:00,CUST0229,Beer,2
T1502,2024-09-05 19:29:00,CUST0067,Lemons,2
T1502,2024-09-05 19:29:00,CUST0067,Frozen Pizza,2
T1502,2024-09-05 19:29:00,,Soda,2
T1502,2024-09-05 19:29:00,CUST0067,Energy Drink,2
T1502,2024-09-05 19:29:00,CUST0067,Toilet Paper,2
T1502,2024-09-05 19:29:00,CUST0067,Frozen Vegetables,2
T1502,2024-09-05 19:29:00,CUST0067,Diapers,2
T1502,2024-09-05 19:29:00,CUST0067,Toothpaste,2
T1502,2024-09-05 19:29:00,CUST0067,Toothbrush,2
T1502,2024-09-05 19:29:00,CUST0067,Shampoo,2
T1503,2024-01-21 16:09:00,CUST0061,Baby Food,2
T1503,2024-01-21 16:09:00,CUST0061,Cheese,2
T1503,2024-01-21 16:09:00,CUST0061,Dish Soap,2
T1503,2024-01-21 16:09:00,CUST0061,Coffee,2
T1503,2024-01-21 16:09:00,CUST0061,Jam,2
T1503,2024-01-21 16:09:00,,Pasta Sauce,2
T1503,2024-01-21 16:09:00,CUST0061,Toothpaste,2
T1503,2024-01-21 16:09:00,CUST0061,Toothbrush,2
T1504,2024-08-03 08:59:00,CUST0157,Onions,2
T1504,2024-08-03 08:59:00,CUST0157,Soda,2
T1504,2024-08-03 08:59:00,CUST0157,Cooking Oil,2
T1504,2024-08-03 08:59:00,CUST0157,Chicken Breast,2
T1505,2024-06-21 20:24:00,CUST0244,Baby Wipes,2
T1505,2024-06-21 20:24:00,CUST0244,Soda,2
T1505,2024-06-21 20:24:00,CUST0244,Trash Bags,2
T1505,2024-06-21 20:24:00,CUST0244,Chips,2
T1505,2024-06-21 20:24:00,CUST0244,Diapers,2
T1505,2024-06-21 20:24:00,CUST0244,Paper Towels,2
T1506,2024-01-24 18:56:00,CUST0227,Onions,2
T1506,2024-01-24 18:56:00,CUST0227,Soda,2
T1506,2024-01-24 18:56:00,CUST0227,Oats,2
T1506,2024-01-24 18:56:00,CUST0227,Toilet Paper,2
T1506,2024-01-24 18:56:00,CUST0227,Trash Bags,2
T1506,2024-01-24 18:56:00,CUST0227,Rice,2
T1506,2024-01-24 18:56:00,CUST0227,Soap,2
T1506,2024-01-24 18:56:00,CUST0227,Paper Towels,2
T1506,2024-01-24 18:56:00,CUST0227,Bottled Water,2
T1507,2024-02-13 11:39:00,CUST0278,Pasta,2
T1507,2024-02-13 11:39:00,CUST0278,Pasta Sauce,2
T1507,2024-02-13 11:39:00,CUST0278,Bananas,2
T1508,2024-08-15 09:51:00,CUST0274,Milk,2
T1508,2024-08-15 09:51:00,CUST0274,Lettuce,2
T1508,2024-08-15 09:51:00,CUST0274,Bread,2
T1508,2024-08-15 09:51:00,CUST0274,Ground Beef,2
T1508,2024-08-15 09:51:00,CUST0274,Croissant,2
T1508,2024-08-15 09:51:00,CUST0274,Bananas,2
T1508,2024-08-15 09:51:00,CUST0274,Chocolate,2
T1508,2024-08-15 09:51:00,CUST0274,Eggs,2
T1508,2024-08-15 09:51:00,CUST0274,Ice Cream,2
T1508,2024-08-15 09:51:00,CUST0274,Cookies,2
T1509,2024-03-27 12:09:00,CUST0094,Ground Beef,2
T1509,2024-03-27 12:09:00,CUST0094,Avocado,2
T1509,2024-03-27 12:09:00,CUST0094,Oats,2
T1509,2024-03-27 12:09:00,CUST0094,Muffins,2
T1509,2024-03-27 12:09:00,CUST0094,Chocolate,2
T1509,2024-03-27 12:09:00,CUST0094,Jam,2
T1509,2024-03-27 12:09:00,CUST0094,Pasta Sauce,2
T1509,2024-03-27 12:09:00,CUST0094,Paper Towels,2
T1510,2024-06-12 10:26:00,CUST0166,Rice,2
T1510,2024-06-12 10:26:00,CUST0166,Chips,2
T1510,2024-06-12 10:26:00,CUST0166,Muffins,2
T1510,2024-06-12 10:26:00,CUST0166,Yogurt,2
T1510,,CUST0166,Pasta Sauce,2
T1510,2024-06-12 10:26:00,CUST0166,Fish Fillet,2
T1510,2024-06-12 10:26:00,CUST0166,Pasta,2
T1510,2024-06-12 10:26:00,CUST0166,Cookies,2
T1511,2024-06-11 15:35:00,CUST0209,Trash Bags,2
T1511,2024-06-11 15:35:00,CUST0209,Frozen Vegetables,2
T1511,2024-06-11 15:35:00,CUST0209,Jam,2
T1511,2024-06-11 15:35:00,CUST0209,Paper Towels,2
T1511,2024-06-11 15:35:00,CUST0209,Potatoes,2
T1512,2024-01-10 12:35:00,CUST0301,Soap,2
T1512,2024-01-10 12:35:00,CUST0301,Onions,2
T1513,2024-05-28 18:10:00,CUST0001,Salsa,2
T1513,2024-05-28 18:10:00,CUST0001,Butter,2
T1513,2024-05-28 18:10:00,CUST0001,Lettuce,2
T1513,2024-05-28 18:10:00,CUST0001,Baby Food,2
T1513,2024-05-28 18:10:00,CUST0001,Soda,2
T1513,2024-05-28 18:10:00,CUST0001,Croissant,2
T1513,2024-05-28 18:10:00,CUST0001,Dish Soap,2
T1513,2024-05-28 18:10:00,CUST0001,Toothbrush,2
T1513,2024-05-28 18:10:00,CUST0001,Bananas,2
T1514,2024-07-21 19:07:00,CUST0072,Butter,2
T1514,2024-07-21 19:07:00,CUST0072,Avocado,2
T1514,2024-07-21 19:07:00,CUST0072,Energy Drink,2
T1514,2024-07-21 19:07:00,CUST0072,  cream ,2
T1514,2024-07-21 19:07:00,CUST0072,Chicken Breast,2
T1514,2024-07-21 19:07:00,CUST0072,Bacon,2
T1514,2024-07-21 19:07:00,CUST0072,Sugar,2
T1514,2024-07-21 19:07:00,CUST0072,Paper Towels,2
T1514,2024-07-21 19:07:00,CUST0072,Apples,2
T1515,2024-06-13 13:13:00,CUST0236,Lemons,2
T1515,2024-06-13 13:13:00,CUST0236,Baby Food,2
T1515,2024-06-13 13:13:00,CUST0236,Tomatoes,2
T1515,2024-06-13 13:13:00,CUST0236,Avocado,2
T1515,2024-06-13 13:13:00,CUST0236,Coffee,2
T1515,2024-06-13 13:13:00,CUST0236,Chicken Breast,2
T1515,2024-06-13 13:13:00,CUST0236,Sugar,2
T1516,2024-09-07 20:25:00,CUST0276,Butter,2
T1516,2024-09-07 20:25:00,CUST0276,Milk,2
T1516,2024-09-07 20:25:00,CUST0276,Bread,2
T1516,2024-09-07 20:25:00,CUST0276,Energy Drink,2
T1516,2024-09-07 20:25:00,CUST0276,Cereal,2
T1517,2024-08-15 08:14:00,CUST0381,Avocado,2
T1517,2024-08-15 08:14:00,CUST0381,Trash Bags,2
T1517,2024-08-15 08:14:00,CUST0381,Salt,2
T1517,2024-08-15 08:14:00,,Coffee,2
T1517,2024-08-15 08:14:00,CUST0381,Chocolate,2
T1517,2024-08-15 08:14:00,CUST0381,Dish Soap,2
T1517,2024-08-15 08:14:00,CUST0381,Beer,2
T1517,2024-08-15 08:14:00,CUST0381,Paper Towels,2
T1517,2024-08-15 08:14:00,CUST0381,Bagels,2
T1518,2024-07-04 08:17:00,CUST0253,Onions,2
T1518,2024-07-04 08:17:00,CUST0253,Tomatoes,2
T1518,2024-07-04 08:17:00,CUST0253,Oats,2
T1518,2024-07-04 08:17:00,CUST0253,Salt,2
T1518,2024-07-04 08:17:00,CUST0253,Popcorn,2
T1518,,CUST0253,Fish Fillet,2
T1519,2024-03-06 12:59:00,CUST0292,Frozen Pizza,2
T1519,2034-03-04 12:59:00,CUST0292,Tea,2
T1519,2024-03-06 12:59:00,CUST0292,Soda,2
T1519,2024-03-06 12:59:00,CUST0292,Cream,2
T1519,2024-03-06 12:59:00,CUST0292,Chips,2
T1519,2024-03-06 12:59:00,CUST0292,Chocolate,2
T1519,2024-03-06 12:59:00,CUST0292,Bacon,2
T1519,2024-03-06 12:59:00,CUST0292,Eggs,2
T1519,2024-03-06 12:59:00,CUST0292,Popcorn,2
T1520,2024-09-22 15:31:00,CUST0186,Baby Wipes,2
T1520,2024-09-22 15:31:00,CUST0186,Cheese,2
T1520,2024-09-22 15:31:00,CUST0186,Bread,2
T1520,2024-09-22 15:31:00,CUST0186,Avocado,2
T1520,2024-09-22 15:31:00,CUST0186,Tomatoes,2
T1520,2024-09-22 15:31:00,CUST0186,Rice,2
T1520,2024-09-22 15:31:00,CUST0186,Soap,2
T1520,2024-09-22 15:31:00,CUST0186,Toothpaste,2
T1520,2024-09-22 15:31:00,CUST0186,Toothbrush,2
T1520,2024-09-22 15:31:00,CUST0186,Tissues,2
T1521,2024-04-25 19:27:00,CUST0039,Milk,2
T1521,2024-04-25 19:27:00,CUST0039,Bread,2
T1521,2024-04-25 19:27:00,CUST0039,Toilet Paper,2
T1521,2024-04-25 19:27:00,CUST0039,Cooking Oil,2
T1521,2024-04-25 19:27:00,CUST0039,Eggs,2
T1521,2024-04-25 19:27:00,CUST0039,Pasta Sauce,2
T1521,2024-04-25 19:27:00,CUST0039,Popcorn,2
T1522,2024-05-06 09:30:00,CUST0123,Baby Wipes,2
T1522,2024-05-06 09:30:00,CUST0123,Baby Food,2
T1522,2024-05-06 09:30:00,CUST0123,Milk,2
T1522,2024-05-06 09:30:00,CUST0123,Soda,2
T1522,2024-05-06 09:30:00,CUST0123,Chips,2
T1522,2024-05-06 09:30:00,CUST0123,Diapers,2
T1522,2024-05-06 09:30:00,CUST0123,Cereal,2
T1523,2024-01-18 14:20:00,CUST0356,Eggs,2
T1523,,CUST0356,Cereal,2
T1523,2024-01-18 14:20:00,CUST0356,Milk,2
T1523,2024-01-18 14:20:00,CUST0356,Paper Towels,2
T1524,2024-01-27 12:54:00,CUST0196,Yogurt,2
T1524,2024-01-27 12:54:00,CUST0196,  tissues ,2
T1524,2024-01-27 12:54:00,CUST0196,Diapers,2
T1525,2024-02-25 09:00:00,CUST0305,Frozen Pizza,2
T1525,2024-02-25 09:00:00,CUST0305,Baby Wipes,2
T1525,2024-02-25 09:00:00,CUST0305,Soda,2
T1525,2024-02-25 09:00:00,CUST0305,Honey,2
T1525,2024-02-25 09:00:00,CUST0305,Trash Bags,2
T1525,2024-02-25 09:00:00,CUST0305,Muffins,2
T1525,2024-02-25 09:00:00,CUST0305,Cooking Oil,2
T1525,2024-02-25 09:00:00,CUST0305,Beer,2
T1525,2024-02-25 09:00:00,CUST0305,Flour,2
T1525,2024-02-25 09:00:00,CUST0305,Bagels,2
T1525,2024-02-25 09:00:00,CUST0305,Toothbrush,2
T1526,2024-01-23 08:08:00,CUST0160,Salt,2
T1526,2024-01-23 08:08:00,CUST0160,Rice,2
T1526,2024-01-23 08:08:00,CUST0160,Ice Cream,2
T1526,2024-01-23 08:08:00,CUST0160,Diapers,2
T1526,2024-01-23 08:08:00,CUST0160,Toothpaste,2
T1526,2024-01-23 08:08:00,CUST0160,Cookies,2
T1527,2034-01-02 16:37:00,CUST0337,Toothpaste,2
T1527,2024-01-05 16:37:00,CUST0337,Sausages,2
T1527,2024-01-05 16:37:00,CUST0337,Flour,2
T1527,2024-01-05 16:37:00,CUST0337,Toothbrush,2
T1527,2024-01-05 16:37:00,CUST0337,Apples,2
T1527,,CUST0337,Bananas,2
T1528,2024-08-31 19:44:00,CUST0240,Salsa,2
T1528,2024-08-31 19:44:00,CUST0240,Soda,2
T1528,2024-08-31 19:44:00,CUST0240,Cream,2
T1528,2024-08-31 19:44:00,CUST0240,Chips,2
T1528,2024-08-31 19:44:00,CUST0240,Eggs,2
T1529,2024-01-02 18:14:00,CUST0355,Baby Wipes,2
T1529,2024-01-02 18:14:00,CUST0355,Milk,2
T1529,2024-01-02 18:14:00,CUST0355,Baby Food,2
T1529,2024-01-02 18:14:00,CUST0355,Diapers,2
T1529,2024-01-02 18:14:00,CUST0355,Cereal,2
T1530,2024-02-07 13:01:00, CUST0285 ,Frozen Pizza,2
T1530,2024-02-07 13:01:00,CUST0285,Soda,2
T1530,2024-02-07 13:01:00,CUST0285,Bread,2
T1530,2034-02-04 13:01:00,CUST0285,Cookies,2
T1530,2024-02-07 13:01:00,CUST0285,Paper Towels,2
T1530,2024-02-07 13:01:00,CUST0285,Shampoo,2
T1530,2024-02-07 13:01:00,CUST0285,Bananas,2
T1531,2024-05-05 10:12:00,CUST0012,Salsa,2
T1531,2024-05-05 10:12:00,CUST0012,Lemons,2
T1531,2024-05-05 10:12:00,CUST0012,Tea,2
T1531,2024-05-05 10:12:00,CUST0012,Butter,2
T1531,2024-05-05 10:12:00,CUST0012,Tomatoes,2
T1531,2024-05-05 10:12:00,CUST0012,Detergent,2
T1531,2024-05-05 10:12:00,CUST0012,Muffins,2
T1531,2024-05-05 10:12:00,CUST0012,Chocolate,2
T1531,2024-05-05 10:12:00,CUST0012,Bacon,2
T1531,2024-05-05 10:12:00,CUST0012,Flour,2
T1531,2024-05-05 10:12:00,CUST0012,Honey,2
T1532,2024-04-17 12:29:00,CUST0123,Jam,2
T1532,2024-04-17 12:29:00,CUST0123,Sugar,2
T1532,2024-04-17 12:29:00,CUST0123,Coffee,2
T1532,2024-04-17 12:29:00,CUST0123,Paper Towels,2
T1533,2024-05-05 08:48:00,CUST0316,Tea,2
T1533,2024-05-05 08:48:00,CUST0316,Soda,2
T1533,,CUST0316,Cream,2
T1533,2024-05-05 08:48:00,CUST0316,Dish Soap,2
T1533,2024-05-05 08:48:00,CUST0316,Coffee,2
T1533,2024-05-05 08:48:00,CUST0316,Chicken Breast,2
T1533,2024-05-05 08:48:00,CUST0316,Popcorn,2
T1533,2024-05-05 08:48:00,CUST0316,Pasta Sauce,2
T1533,2024-05-05 08:48:00,CUST0316,Onions,2
T1533,2024-05-05 08:48:00,CUST0316,Tissues,2
T1533,2024-05-05 08:48:00,CUST0316,Paper Towels,2
T1534,2024-08-28 20:42:00,CUST0315,Tea,2
T1534,2024-08-28 20:42:00,CUST0315,Baby Wipes,2
T1534,2024-08-28 20:42:00,CUST0315,Frozen Pizza,2
T1534,2024-08-28 20:42:00,CUST0315,Detergent,2
T1534,2024-08-28 20:42:00,CUST0315,Diapers,2
T1534,2024-08-28 20:42:00,CUST0315,Bananas,2
T1535,2024-01-19 11:14:00,CUST0104,Trash Bags,2
T1535,2024-01-19 11:14:00,CUST0104,Dish Soap,2
T1535,2024-01-19 11:14:00,CUST0104,  rice ,2
T1535,2024-01-19 11:14:00,CUST0104,Chocolate,2
T1535,2024-01-19 11:14:00,CUST0104,Frozen Vegetables,2
T1535,2024-01-19 11:14:00,CUST0104,Ice Cream,2
T1535,2024-01-19 11:14:00,CUST0104,Chicken Breast,2
T1535,2024-01-19 11:14:00,CUST0104,Beer,2
T1535,2024-01-19 11:14:00,CUST0104,Wine,2
T1535,2024-01-19 11:14:00,CUST0104,Shampoo,2
T1536,2024-06-29 11:37:00,CUST0022,Salsa,2
T1536,2024-06-29 11:37:00,CUST0022,Avocado,2
T1536,2024-06-29 11:37:00,CUST0022,Energy Drink,2
T1536,2024-06-29 11:37:00,CUST0022,Chips,2
T1536,2024-06-29 11:37:00,CUST0022,Dish Soap,2
T1536,2024-06-29 11:37:00,CUST0022,Sausages,2
T1536,2024-06-29 11:37:00,CUST0022,Cereal,2
T1536,2024-06-29 11:37:00,CUST0022,Orange Juice,2
T1537,2024-04-29 12:41:00,CUST0039,Frozen Pizza,2
T1537,2024-04-29 12:41:00,CUST0039,Soda,2
T1537,2024-04-29 12:41:00,CUST0039,Dish Soap,2
T1537,2024-04-29 12:41:00,CUST0039,Chicken Breast,2
T1537,2024-04-29 12:41:00,CUST0039,Frozen Vegetables,2
T1537,2024-04-29 12:41:00,CUST0039,Pasta Sauce,2
T1537,2024-04-29 12:41:00,CUST0039,Soap,2
T1537,2024-04-29 12:41:00,CUST0039,Tissues,2
T1538,2024-06-19 11:43:00,CUST0169,Cereal,2
T1538,2024-06-19 11:43:00,CUST0169,Milk,2
T1538,2024-06-19 11:43:00,CUST0169,Ground Beef,2
T1538,2024-06-19 11:43:00,CUST0169,Detergent,2
T1538,2024-06-19 11:43:00,,Coffee,2
T1538,2024-06-19 11:43:00,CUST0169,Eggs,2
T1538,2024-06-19 11:43:00,CUST0169,Pasta Sauce,2
T1538,2024-06-19 11:43:00,CUST0169,Onions,2
T1538,2024-06-19 11:43:00,CUST0169,Pasta,2
T1538,2024-06-19 11:43:00,CUST0169,Honey,2
T1539,2024-04-17 15:14:00,CUST0265,Lemons,2
T1539,2024-04-17 15:14:00,CUST0265,Wine,2
T1539,2024-04-17 15:14:00,CUST0265,Cream,2
T1539,2024-04-17 15:14:00,CUST0265,Toilet Paper,2
T1539,2024-04-17 15:14:00,CUST0265,Bacon,2
T1539,2024-04-17 15:14:00,CUST0265,Sugar,2
T1539,2024-04-17 15:14:00,CUST0265,Fish Fillet,2
T1539,2024-04-17 15:14:00,CUST0265,Bagels,2
T1539,2024-04-17 15:14:00,CUST0265,Bottled Water,2
T1539,2024-04-17 15:14:00,CUST0265,Shampoo,2
T1539,2024-04-17 15:14:00,CUST0265,Orange Juice,2
T1540,2024-04-06 14:49:00,CUST0358,Croissant,2
T1540,2024-04-06 14:49:00,CUST0358,Dish Soap,2
T1540,2024-04-06 14:49:00,CUST0358,Orange Juice,2
T1541,2024-03-12 17:55:00,CUST0066,Dish Soap,2
T1541,2024-03-12 17:55:00,CUST0066,Chips,2
T1542,2024-06-02 13:37:00,CUST0012,Tomatoes,2
T1542,2024-06-02 13:37:00,CUST0012,Cream,2
T1542,2024-06-02 13:37:00,CUST0012,Flour,2
T1542,2024-06-02 13:37:00,CUST0012,Toothpaste,2
T1542,2024-06-02 13:37:00,CUST0012,Bagels,2
T1542,2024-06-02 13:37:00,CUST0012,Shampoo,2
T1542,2024-06-02 13:37:00,CUST0012,Toothbrush,2
T1543,2024-08-19 18:57:00,CUST0156,Peanut Butter,2
T1543,2024-08-19 18:57:00,CUST0156,Milk,2
T1543,2024-08-19 18:57:00,CUST0156,Bread,2
T1543,2024-08-19 18:57:00,CUST0156,Cream,2
T1543,2024-08-19 18:57:00,CUST0156,Toilet Paper,2
T1543,2024-08-19 18:57:00,CUST0156,Trash Bags,2
T1543,2024-08-19 18:57:00,CUST0156,Chips,2
T1543,2024-08-19 18:57:00,CUST0156,Popcorn,2
T1543,2024-08-19 18:57:00,CUST0156,Paper Towels,2
T1543,2024-08-19 18:57:00,CUST0156,Wine,2
T1543,2024-08-19 18:57:00,CUST0156,Bananas,2
T1544,2024-09-25 09:29:00,CUST0030,Salsa,2
T1544,2024-09-25 09:29:00,CUST0030,Frozen Pizza,2
T1544,2024-09-25 09:29:00,CUST0030,Cheese,2
T1544,2024-09-25 09:29:00,CUST0030,Cream,2
T1544,2024-09-25 09:29:00,CUST0030,Trash Bags,2
T1544,2024-09-25 09:29:00,CUST0030,Muffins,2
T1544,2024-09-25 09:29:00,CUST0030,Bananas,2
T1544,2024-09-25 09:29:00,CUST0030,Bacon,2
T1544,2024-09-25 09:29:00,CUST0030,Pasta Sauce,2
T1544,,CUST0030,Onions,2
T1544,2024-09-25 09:29:00,CUST0030,Cookies,2
T1545,2024-07-18 21:13:00,CUST0067,Tea,2
T1545,2024-07-18 21:13:00,CUST0067,Butter,2
T1545,2024-07-18 21:13:00,CUST0067,Bread,2
T1545,2024-07-18 21:13:00,CUST0067,Energy Drink,2
T1545,2024-07-18 21:13:00,CUST0067,Toilet Paper,2
T1545,2024-07-18 21:13:00,CUST0067,Ice Cream,2
T1545,2024-07-18 21:13:00,CUST0067,Jam,2
T1545,2024-07-18 21:13:00,CUST0067,Toothpaste,2
T1546,2024-05-06 16:21:00,CUST0292,Salsa,2
T1546,2024-05-06 16:21:00,CUST0292,Tea,2
T1546,2024-05-06 16:21:00,CUST0292,Baby Wipes,2
T1546,2024-05-06 16:21:00,CUST0292,Baby Food,2
T1546,2024-05-06 16:21:00,CUST0292,Cheese,2
T1546,2024-05-06 16:21:00,CUST0292,Bread,2
T1546,2024-05-06 16:21:00,CUST0292,Soda,2
T1546,2024-05-06 16:21:00,CUST0292,Wine,2
T1546,2024-05-06 16:21:00,CUST0292,Honey,2
T1547,2024-04-03 19:36:00,CUST0049,Baby Wipes,2
T1547,2024-04-03 19:36:00,CUST0049,Lettuce,2
T1547,2024-04-03 19:36:00,CUST0049,Toilet Paper,2
T1547,2024-04-03 19:36:00,CUST0049,Chocolate,2
T1547,2024-04-03 19:36:00,CUST0049,Sugar,2
T1547,2024-04-03 19:36:00,CUST0049,Beer,2
T1547,2024-04-03 19:36:00,CUST0049,Toothpaste,2
T1547,2024-04-03 19:36:00,CUST0049,  fish fillet ,2
T1547,2024-04-03 19:36:00,CUST0049,Tissues,2
T1548,2024-06-15 14:28:00,CUST0085,Peanut Butter,2
T1548,2024-06-15 14:28:00,CUST0085,Bread,2
T1548,2024-06-15 14:28:00,CUST0085,Cream,2
T1548,,CUST0085,Dish Soap,2
T1548,2024-06-15 14:28:00,CUST0085,Coffee,2
T1548,2024-06-15 14:28:00,CUST0085,Frozen Vegetables,2
T1548,2024-06-15 14:28:00,CUST0085,Eggs,2
T1548,2024-06-15 14:28:00,CUST0085,Sausages,2
T1548,2024-06-15 14:28:00,CUST0085,Soap,2
T1548,2024-06-15 14:28:00,CUST0085,Apples,2
T1549,2024-07-23 21:12:00,CUST0204,Toothbrush,2
T1549,2024-07-23 21:12:00,CUST0204,Beer,2
T1549,2024-07-23 21:12:00,CUST0204,Toothpaste,2
T1550,2024-05-04 19:28:00,CUST0072,Frozen Pizza,2
T1550,2024-05-04 19:28:00,CUST0072,Cream,2
T1550,2024-05-04 19:28:00,CUST0072,Rice,2
T1550,2024-05-04 19:28:00,CUST0072,Jam,2
T1550,2024-05-04 19:28:00,CUST0072,Beer,2
T1551,2024-02-21 10:18:00,CUST0064,Sugar,2
T1551,2024-02-21 10:18:00,CUST0064,Coffee,2
T1552,2024-04-20 15:44:00,CUST0025,Baby Wipes,2
T1552,2024-04-20 15:44:00,CUST0025,Baby Food,2
T1552,2024-04-20 15:44:00,CUST0025,Ground Beef,2
T1552,2024-04-20 15:44:00,CUST0025,Diapers,2
T1552,2024-04-20 15:44:00,CUST0025,Onions,2
T1553,2024-01-08 13:52:00,CUST0099,Lettuce,2
T1553,2024-01-08 13:52:00,CUST0099,Cheese,2
T1553,2024-01-08 13:52:00,CUST0099,Bread,2
T1553,,CUST0099,Oats,2
T1553,2024-01-08 13:52:00,CUST0099,Rice,2
T1553,2024-01-08 13:52:00,CUST0099,Dish Soap,2
T1553,2024-01-08 13:52:00,CUST0099,Potatoes,2
T1553,2024-01-08 13:52:00,CUST0099,Toothpaste,2
T1553,2024-01-08 13:52:00,CUST0099,Toothbrush,2
T1553,2024-01-08 13:52:00,CUST0099,Paper Towels,2
T1554,2024-07-21 14:07:00,CUST0119,Salsa,2
T1554,2024-07-21 14:07:00,CUST0119,Peanut Butter,2
T1554,2024-07-21 14:07:00,CUST0119,Soda,2
T1554,2024-07-21 14:07:00,CUST0119,Chips,2
T1554,2024-07-21 14:07:00,CUST0119,Rice,2
T1554,2024-07-21 14:07:00,CUST0119,Pasta Sauce,2
T1554,,CUST0119,Popcorn,2
T1554,2024-07-21 14:07:00,CUST0119,Pasta,2
T1555,2024-05-22 18:39:00,CUST0189,Baby Wipes,2
T1555,2024-05-22 18:39:00,CUST0189,Trash Bags,2
T1555,2024-05-22 18:39:00,CUST0189,Cooking Oil,2
T1555,2024-05-22 18:39:00,,Chicken Breast,2
T1555,2024-05-22 18:39:00,CUST0189,Onions,2
T1555,2024-05-22 18:39:00,CUST0189,Bagels,2
T1555,,CUST0189,Apples,2
T1556,2024-02-18 17:20:00,CUST0324,Peanut Butter,2
T1556,2024-02-18 17:20:00,CUST0324,Chips,2
T1556,2024-02-18 17:20:00,CUST0324,Frozen Vegetables,2
T1556,2024-02-18 17:20:00,CUST0324,Soap,2
T1556,2024-02-18 17:20:00,CUST0324,Fish Fillet,2
T1557,2024-03-04 12:15:00,CUST0378,Baby Food,2
T1557,2024-03-04 12:15:00,,Tomatoes,2
T1557,2024-03-04 12:15:00,CUST0378,Cream,2
T1557,2024-03-04 12:15:00,CUST0378,Croissant,2
T1557,2024-03-04 12:15:00,CUST0378,Chips,2
T1557,2024-03-04 12:15:00,CUST0378,Cooking Oil,2
T1557,2024-03-04 12:15:00,CUST0378,Onions,2
T1557,2024-03-04 12:15:00,CUST0378,Bagels,2
T1557,2024-03-04 12:15:00,CUST0378,Paper Towels,2
T1558,2024-08-15 19:56:00,CUST0169,Salsa,2
T1558,2024-08-15 19:56:00,CUST0169,Milk,2
T1558,2024-08-15 19:56:00,CUST0169,Soda,2
T1558,2024-08-15 19:56:00,CUST0169,Chips,2
T1558,2024-08-15 19:56:00,CUST0169,Potatoes,2
T1558,2024-08-15 19:56:00,CUST0169,  sausages ,2
T1558,2024-08-15 19:56:00,CUST0169,Paper Towels,2
T1558,2024-08-15 19:56:00,CUST0169,Bottled Water,2
T1558,2024-08-15 19:56:00,CUST0169,Bananas,2
T1559,2024-01-28 18:15:00,,Cereal,2
T1559,2024-01-28 18:15:00,CUST0411,Milk,2
T1559,2024-01-28 18:15:00,CUST0411,Lettuce,2
T1559,2024-01-28 18:15:00,CUST0411,Muffins,2
T1559,2024-01-28 18:15:00,CUST0411,Cooking Oil,2
T1559,2024-01-28 18:15:00,CUST0411,Bacon,2
T1559,2024-01-28 18:15:00,CUST0411,Flour,2
T1559,2024-01-28 18:15:00,CUST0411,Onions,2
T1560,2024-04-14 11:32:00,CUST0041,Tea,2
T1560,2024-04-14 11:32:00,CUST0041,Cheese,2
T1560,2024-04-14 11:32:00,CUST0041,Soda,2
T1560,2024-04-14 11:32:00,CUST0041,Cream,2
T1560,2024-04-14 11:32:00,CUST0041,Oats,2
T1560,2024-04-14 11:32:00,CUST0041,Chips,2
T1560,2034-04-12 11:32:00,CUST0041,Chocolate,2
T1560,2024-04-14 11:32:00, CUST0041 ,Popcorn,2
T1560,2024-04-14 11:32:00,CUST0041,Bananas,2
T1561,2024-06-04 12:36:00,CUST0230,Lettuce,2
T1561,2024-06-04 12:36:00,CUST0230,Chips,2
T1561,2024-06-04 12:36:00,CUST0230,Chocolate,2
T1561,2024-06-04 12:36:00,CUST0230,Beer,2
T1561,2024-06-04 12:36:00,CUST0230,Toothbrush,2
T1562,2024-08-06 21:05:00,CUST0389,Baby Wipes,2
T1562,2024-08-06 21:05:00,CUST0389,Baby Food,2
T1562,2024-08-06 21:05:00,,Soda,2
T1562,2024-08-06 21:05:00,CUST0389,Croissant,2
T1562,2024-08-06 21:05:00,CUST0389,Chips,2
T1562,2024-08-06 21:05:00,CUST0389,Coffee,2
T1562,2024-08-06 21:05:00,CUST0389,Ice Cream,2
T1562,2024-08-06 21:05:00,CUST0389,Sugar,2
T1562,2024-08-06 21:05:00,CUST0389,Diapers,2
T1562,2024-08-06 21:05:00,CUST0389,Tissues,2
T1562,2024-08-06 21:05:00,CUST0389,Bottled Water,2
T1563,2024-09-03 09:21:00,CUST0070,Tea,2
T1563,2024-09-03 09:21:00,CUST0070,Frozen Pizza,2
T1563,2024-09-03 09:21:00,CUST0070,Soda,2
T1563,2024-09-03 09:21:00,CUST0070,Detergent,2
T1563,2024-09-03 09:21:00,CUST0070,Dish Soap,2
T1563,2024-09-03 09:21:00,CUST0070,Paper Towels,2
T1564,2024-02-06 14:56:00,CUST0020,Frozen Pizza,2
T1564,2024-02-06 14:56:00,CUST0020,Soda,2
T1564,2024-02-06 14:56:00,CUST0020,Toilet Paper,2
T1564,2024-02-06 14:56:00,CUST0020,Trash Bags,2
T1564,2024-02-06 14:56:00,CUST0020,Dish Soap,2
T1564,2024-02-06 14:56:00,CUST0020,Chips,2
T1564,2024-02-06 14:56:00,CUST0020,Beer,2
T1564,2024-02-06 14:56:00,CUST0020,Pasta,2
T1565,2024-01-18 21:23:00,CUST0324,Lettuce,2
T1565,2024-01-18 21:23:00,CUST0324,  cheese ,2
T1565,2024-01-18 21:23:00,CUST0324,Trash Bags,2
T1565,2024-01-18 21:23:00, CUST0324 ,Dish Soap,2
T1565,2024-01-18 21:23:00,CUST0324,Chips,2
T1565,2024-01-18 21:23:00,CUST0324,Yogurt,2
T1565,2024-01-18 21:23:00,CUST0324,Pasta Sauce,2
T1565,2024-01-18 21:23:00,CUST0324,Toothbrush,2
T1565,2024-01-18 21:23:00,CUST0324,Pasta,2
T1566,2024-03-23 08:07:00,CUST0395,Eggs,2
T1566,2024-03-23 08:07:00,CUST0395,Avocado,2
T1566,2024-03-23 08:07:00,CUST0395,Butter,2
T1566,2024-03-23 08:07:00,CUST0395,Bread,2
T1567,2024-02-15 09:40:00,CUST0294,Cereal,2
T1567,2024-02-15 09:40:00,CUST0294,Avocado,2
T1567,2024-02-15 09:40:00,CUST0294,Chips,2
T1567,2024-02-15 09:40:00,CUST0294,Eggs,2
T1567,2024-02-15 09:40:00,CUST0294,Bacon,2
T1567,2024-02-15 09:40:00,CUST0294,Soap,2
T1567,2024-02-15 09:40:00,CUST0294,Popcorn,2
T1567,2024-02-15 09:40:00,CUST0294,Fish Fillet,2
T1567,2024-02-15 09:40:00,CUST0294,Toothbrush,2
T1567,2024-02-15 09:40:00,CUST0294,Pasta,2
T1567,2024-02-15 09:40:00,CUST0294,Paper Towels,2
T1568,2024-09-08 08:06:00,CUST0036,Cooking Oil,2
T1568,2024-09-08 08:06:00,CUST0036,Trash Bags,2
T1568,2024-09-08 08:06:00,CUST0036,Chicken Breast,2
T1568,2024-09-08 08:06:00,CUST0036,Onions,2
T1569,2024-02-26 15:36:00,CUST0417,Salsa,2
T1569,2024-02-26 15:36:00,CUST0417,Frozen Pizza,2
T1569,2024-02-26 15:36:00,CUST0417,Cheese,2
T1569,2024-02-26 15:36:00,CUST0417,Toothpaste,2
T1569,2024-02-26 15:36:00,CUST0417,Toothbrush,2
T1569,2024-02-26 15:36:00,CUST0417,Orange Juice,2
T1569,2024-02-26 15:36:00,CUST0417,Cookies,2
T1570,2024-03-26 09:18:00,CUST0044,Lemons,2
T1570,2024-03-26 09:18:00,CUST0044,Peanut Butter,2
T1570,2024-03-26 09:18:00,CUST0044,Chips,2
T1570,2024-03-26 09:18:00,CUST0044,Diapers,2
T1570,2024-03-26 09:18:00,CUST0044,Soap,2
T1571,2024-01-04 14:38:00,CUST0267,Frozen Pizza,2
T1571,2024-01-04 14:38:00,CUST0267,Butter,2
T1571,2024-01-04 14:38:00,CUST0267,Bread,2
T1571,2024-01-04 14:38:00,CUST0267,Coffee,2
T1571,2024-01-04 14:38:00,CUST0267,Ice Cream,2
T1571,2024-01-04 14:38:00,CUST0267,Chicken Breast,2
T1571,2024-01-04 14:38:00,CUST0267,Yogurt,2
T1571,2024-01-04 14:38:00,CUST0267,Sugar,2
T1571,2024-01-04 14:38:00,CUST0267,Honey,2
T1571,2024-01-04 14:38:00,CUST0267,Potatoes,2
T1572,2024-01-30 13:55:00,CUST0170,Croissant,2
T1572,2024-01-30 13:55:00,CUST0170,Detergent,2
T1572,2024-01-30 13:55:00,CUST0170,Chips,2
T1572,2024-01-30 13:55:00,CUST0170,Sugar,2
T1572,2024-01-30 13:55:00,CUST0170,Pasta Sauce,2
T1572,2024-01-30 13:55:00,CUST0170,Shampoo,2
T1572,2024-01-30 13:55:00,,Potatoes,2
T1573,2024-05-23 19:48:00,CUST0418,Chips,2
T1573,2024-05-23 19:48:00,CUST0418,Butter,2
T1573,2024-05-23 19:48:00,CUST0418,Beer,2
T1573,2024-05-23 19:48:00,CUST0418,Bread,2
T1574,2024-06-15 18:28:00,CUST0120,Bread,2
T1574,2024-06-15 18:28:00,CUST0120,Croissant,2
T1574,2024-06-15 18:28:00,CUST0120,Detergent,2
T1574,2024-06-15 18:28:00,CUST0120,Chips,2
T1574,2024-06-15 18:28:00,CUST0120,Rice,2
T1575,2024-05-30 17:12:00,CUST0365,Cream,2
T1575,2024-05-30 17:12:00,CUST0365,Pasta Sauce,2
T1575,2024-05-30 17:12:00,CUST0365,Onions,2
T1576,,CUST0229,Fish Fillet,2
T1576,2024-08-27 10:57:00,CUST0229,Toothbrush,2
T1576,2024-08-27 10:57:00,CUST0229,Toothpaste,2
T1577,2024-06-16 14:49:00,CUST0144,Tomatoes,2
T1577,2024-06-16 14:49:00,CUST0144,Detergent,2
T1577,2024-06-16 14:49:00,CUST0144,Dish Soap,2
T1577,2024-06-16 14:49:00,CUST0144,Soap,2
T1577,2024-06-16 14:49:00,CUST0144,Shampoo,2
T1578,2024-06-19 21:14:00,CUST0295,Frozen Pizza,2
T1578,2024-06-19 21:14:00,CUST0295,Sugar,2
T1579,2024-06-23 19:37:00,CUST0097,Lemons,2
T1579,2024-06-23 19:37:00,CUST0097,Soda,2
T1579,2024-06-23 19:37:00,CUST0097,Tomatoes,2
T1579,2024-06-23 19:37:00,CUST0097,Jam,2
T1579,2024-06-23 19:37:00,CUST0097,Sausages,2
T1579,2024-06-23 19:37:00,CUST0097,Pasta Sauce,2
T1579,2024-06-23 19:37:00,CUST0097,Onions,2
T1579,2024-06-23 19:37:00,CUST0097,Tissues,2
T1579,2024-06-23 19:37:00,CUST0097,Pasta,2
T1580,2024-04-07 21:24:00,CUST0217,Pasta,2
T1580,2024-04-07 21:24:00,CUST0217,Pasta Sauce,2
T1580,2024-04-07 21:24:00,CUST0217,Cheese,2
T1580,2024-04-07 21:24:00,CUST0217,Chocolate,2
T1581,2024-03-16 17:18:00,CUST0075,Peanut Butter,2
T1581,2024-03-16 17:18:00,CUST0075,Baby Wipes,2
T1581,2024-03-16 17:18:00,CUST0075,Tomatoes,2
T1581,2024-03-16 17:18:00,CUST0075,Soda,2
T1581,,CUST0075,Toilet Paper,2
T1581,2024-03-16 17:18:00,CUST0075,Cooking Oil,2
T1581,2024-03-16 17:18:00,CUST0075,Frozen Vegetables,2
T1581,2024-03-16 17:18:00,CUST0075,Sausages,2
T1581,2024-03-16 17:18:00,CUST0075,Pasta Sauce,2
T1581,2024-03-16 17:18:00,CUST0075,Onions,2
T1581,2024-03-16 17:18:00,CUST0075,Bagels,2
T1582,2024-06-19 10:52:00,,Baby Wipes,2
T1582,2024-06-19 10:52:00,CUST0367,Baby Food,2
T1582,2024-06-19 10:52:00,CUST0367,Rice,2
T1582,2024-06-19 10:52:00,CUST0367,Chicken Breast,2
T1582,2024-06-19 10:52:00,CUST0367,Ice Cream,2
T1582,2024-06-19 10:52:00,CUST0367,Frozen Vegetables,2
T1582,2024-06-19 10:52:00,CUST0367,Yogurt,2
T1582,2024-06-19 10:52:00,CUST0367,Sausages,2
T1582,2034-06-17 10:52:00,CUST0367,Diapers,2
T1582,2024-06-19 10:52:00,CUST0367,Paper Towels,2
T1582,2024-06-19 10:52:00,CUST0367,Apples,2
T1583,2024-09-06 19:25:00,CUST0154,  bagels ,2
T1583,2024-09-06 19:25:00,CUST0154,Chocolate,2
T1584,2024-06-04 15:41:00,CUST0084,Tomatoes,2
T1584,2024-06-04 15:41:00,CUST0084,Toilet Paper,2
T1584,2024-06-04 15:41:00,CUST0084,Chips,2
T1584,2024-06-04 15:41:00,CUST0084,Eggs,2
T1584,2024-06-04 15:41:00,CUST0084,Bacon,2
T1584,2024-06-04 15:41:00,CUST0084,Popcorn,2
T1584,2024-06-04 15:41:00,CUST0084,Honey,2
T1585,2024-02-22 18:50:00,CUST0076,Chips,2
T1585,2024-02-22 18:50:00,CUST0076,Bacon,2
T1585,2024-02-22 18:50:00,CUST0076,Eggs,2
T1585,2024-02-22 18:50:00,CUST0076,Beer,2
T1585,2024-02-22 18:50:00,CUST0076,Bagels,2
T1586,2024-03-01 16:41:00,CUST0174,Wine,2
T1586,2024-03-01 16:41:00,CUST0174,Salt,2
T1586,2024-03-01 16:41:00,CUST0174,Chocolate,2
T1587,2024-08-15 13:00:00,CUST0062,Ground Beef,2
T1587,2024-08-15 13:00:00,CUST0062,Oats,2
T1587,2024-08-15 13:00:00,CUST0062,Chocolate,2
T1587,2024-08-15 13:00:00,CUST0062,Beer,2
T1587,2024-08-15 13:00:00,CUST0062,Diapers,2
T1587,2024-08-15 13:00:00,CUST0062,Paper Towels,2
T1587,2024-08-15 13:00:00,CUST0062,Fish Fillet,2
T1587,2024-08-15 13:00:00,CUST0062,Apples,2
T1587,2024-08-15 13:00:00,CUST0062,Bananas,2
T1588,2024-04-02 14:30:00,CUST0331,Ground Beef,2
T1588,2024-04-02 14:30:00,CUST0331,Croissant,2
T1588,2024-04-02 14:30:00,CUST0331,Ice Cream,2
T1588,2024-04-02 14:30:00,CUST0331,Pasta Sauce,2
T1588,2024-04-02 14:30:00,CUST0331,Honey,2
T1589,2024-04-16 18:57:00,CUST0061,Tea,2
T1589,2024-04-16 18:57:00,CUST0061,Frozen Pizza,2
T1589,2024-04-16 18:57:00,CUST0061,Croissant,2
T1589,2024-04-16 18:57:00,CUST0061,Toilet Paper,2
T1589,2024-04-16 18:57:00,CUST0061,Cream,2
T1589,2024-04-16 18:57:00,CUST0061,Coffee,2
T1589,2024-04-16 18:57:00,CUST0061,Ice Cream,2
T1589,2024-04-16 18:57:00,CUST0061,Shampoo,2
T1589,2024-04-16 18:57:00,CUST0061,Honey,2
T1589,2024-04-16 18:57:00,CUST0061,Cookies,2
T1590,2024-01-18 09:07:00,CUST0260,Frozen Pizza,2
T1590,2024-01-18 09:07:00,CUST0260,Butter,2
T1590,2024-01-18 09:07:00,CUST0260,Tea,2
T1590,2024-01-18 09:07:00,CUST0260,Soda,2
T1590,2024-01-18 09:07:00,CUST0260,Energy Drink,2
T1590,2024-01-18 09:07:00,CUST0260,Oats,2
T1590,2024-01-18 09:07:00,CUST0260,Coffee,2
T1590,2024-01-18 09:07:00,,Pasta Sauce,2
T1590,2024-01-18 09:07:00,CUST0260,Bananas,2
T1591,2024-05-07 12:02:00,CUST0266,Detergent,2
T1591,2024-05-07 12:02:00,CUST0266,Dish Soap,2
T1592,2024-04-20 10:38:00,CUST0283,Tea,2
T1592,2024-04-20 10:38:00,CUST0283,Butter,2
T1592,2024-04-20 10:38:00,CUST0283,Milk,2
T1592,2024-04-20 10:38:00,CUST0283,Soda,2
T1592,2024-04-20 10:38:00,CUST0283,Dish Soap,2
T1592,2024-04-20 10:38:00,CUST0283,Potatoes,2
T1592,2024-04-20 10:38:00,CUST0283,Popcorn,2
T1592,2024-04-20 10:38:00,CUST0283,Onions,2
T1592,2024-04-20 10:38:00,CUST0283,Honey,2
T1592,2024-04-20 10:38:00,CUST0283,Bananas,2
T1593,2024-03-24 14:29:00,CUST0043,Avocado,2
T1593,2024-03-24 14:29:00,CUST0043,Cooking Oil,2
T1593,2024-03-24 14:29:00,CUST0043,Chicken Breast,2
T1594,2024-05-06 09:17:00,CUST0064,Cheese,2
T1594,2024-05-06 09:17:00,CUST0064,Tomatoes,2
T1594,2024-05-06 09:17:00,CUST0064,Energy Drink,2
T1594,2024-05-06 09:17:00,CUST0064,Cooking Oil,2
T1594,2024-05-06 09:17:00,CUST0064,Muffins,2
T1594,2024-05-06 09:17:00,CUST0064,Bacon,2
T1594,2024-05-06 09:17:00,CUST0064,Pasta Sauce,2
T1594,2024-05-06 09:17:00,CUST0064,Toothpaste,2
T1594,2024-05-06 09:17:00,CUST0064,Tissues,2
T1594,2024-05-06 09:17:00,CUST0064,Bottled Water,2
T1594,2024-05-06 09:17:00,CUST0064,Paper Towels,2
T1595,2024-07-12 09:50:00,CUST0064,Tomatoes,2
T1595,2024-07-12 09:50:00,CUST0064,Soda,2
T1595,2024-07-12 09:50:00,CUST0064,Dish Soap,2
T1595,2024-07-12 09:50:00,CUST0064,Onions,2
T1595,2024-07-12 09:50:00,CUST0064,Bagels,2
T1596,2024-07-25 15:37:00,CUST0066,Cheese,2
T1596,2024-07-25 15:37:00,CUST0066,Cream,2
T1596,2024-07-25 15:37:00,CUST0066,Trash Bags,2
T1596,2024-07-25 15:37:00,CUST0066,Chips,2
T1596,2024-07-25 15:37:00,CUST0066,Chicken Breast,2
T1596,2024-07-25 15:37:00,CUST0066,Bacon,2
T1596,2024-07-25 15:37:00,CUST0066,Sugar,2
T1596,2024-07-25 15:37:00,CUST0066,Pasta Sauce,2
T1596,2024-07-25 15:37:00,CUST0066,Honey,2
T1597,2024-07-08 19:49:00,CUST0128,Chicken Breast,2
T1597,2024-07-08 19:49:00,CUST0128,Cheese,2
T1597,2024-07-08 19:49:00,CUST0128,Cooking Oil,2
T1597,2024-07-08 19:49:00,CUST0128,Paper Towels,2
T1598,2024-02-16 18:05:00,CUST0040,Cheese,2
T1598,2024-02-16 18:05:00,CUST0040,Ground Beef,2
T1598,2024-02-16 18:05:00,CUST0040,Oats,2
T1598,2024-02-16 18:05:00,CUST0040,Bacon,2
T1598,2024-02-16 18:05:00,CUST0040,Eggs,2
T1598,2024-02-16 18:05:00,CUST0040,Soap,2
T1598,2024-02-16 18:05:00,CUST0040,Onions,2
T1598,,CUST0040,Wine,2
T1598,2024-02-16 18:05:00,CUST0040,Toothbrush,2
T1598,2024-02-16 18:05:00,CUST0040,Pasta,2
T1599,2024-08-05 18:32:00,CUST0375,Baby Wipes,2
T1599,2024-08-05 18:32:00,CUST0375,Baby Food,2
T1599,2024-08-05 18:32:00,CUST0375,Diapers,2
T1599,2024-08-05 18:32:00,CUST0375,Pasta Sauce,2
T1599,2024-08-05 18:32:00,CUST0375,Pasta,2
T1600,2024-07-06 21:08:00,CUST0264,Butter,2
T1600,2024-07-06 21:08:00,CUST0264,Lettuce,2
T1600,2024-07-06 21:08:00,CUST0264,Baby Food,2
T1600,2024-07-06 21:08:00,CUST0264,Bread,2
T1600,2024-07-06 21:08:00,CUST0264,Tomatoes,2
T1600,2024-07-06 21:08:00,CUST0264,Chips,2
T1600,2024-07-06 21:08:00,CUST0264,Sugar,2
T1600,2024-07-06 21:08:00,CUST0264,Soap,2
T1600,2024-07-06 21:08:00,CUST0264,Popcorn,2
T1600,2024-07-06 21:08:00,CUST0264,Toothbrush,2
T1600,2024-07-06 21:08:00,CUST0264,Shampoo,2
T1601,2024-05-07 21:34:00,CUST0393,Eggs,2
T1601,2024-05-07 21:34:00,CUST0393,Milk,2
T1601,2024-05-07 21:34:00,CUST0393,Bread,2
T1602,2024-06-17 12:22:00,CUST0055,Tea,2
T1602,2024-06-17 12:22:00,CUST0055,Apples,2
T1602,2024-06-17 12:22:00,CUST0055,Milk,2
T1602,2024-06-17 12:22:00,CUST0055,Pasta,2
T1602,2024-06-17 12:22:00,CUST0055,Frozen Pizza,2
T1602,2024-06-17 12:22:00,CUST0055,Toilet Paper,2
T1602,2024-06-17 12:22:00,CUST0055,Salt,2
T1602,2024-06-17 12:22:00,CUST0055,Beer,2
T1602,2024-06-17 12:22:00,CUST0055,Shampoo,2
T1602,2024-06-17 12:22:00,CUST0055,Honey,2
T1603,2024-04-11 09:33:00,CUST0264,Bagels,2
T1603,2024-04-11 09:33:00,CUST0264,Shampoo,2
T1603,2024-04-11 09:33:00,CUST0264,Salt,2
T1603,2024-04-11 09:33:00,CUST0264,Honey,2
T1604,2024-08-12 10:08:00,CUST0182,Cheese,2
T1604,2024-08-12 10:08:00,CUST0182,Energy Drink,2
T1604,2024-08-12 10:08:00,CUST0182,Chips,2
T1604,2024-08-12 10:08:00,CUST0182,Chicken Breast,2
T1604,2024-08-12 10:08:00,CUST0182,Pasta Sauce,2
T1604,2024-08-12 10:08:00,CUST0182,Wine,2
T1604,2024-08-12 10:08:00,CUST0182,  pasta ,2
T1605,2024-09-02 18:17:00,CUST0061,Butter,2
T1605,2024-09-02 18:17:00,CUST0061,Milk,2
T1605,2024-09-02 18:17:00,CUST0061,Bread,2
T1605,2024-09-02 18:17:00,CUST0061,Energy Drink,2
T1605,2024-09-02 18:17:00,CUST0061,Chicken Breast,2
T1605,2024-09-02 18:17:00,CUST0061,Cooking Oil,2
T1605,2024-09-02 18:17:00,CUST0061,Onions,2
T1606,2024-01-11 10:09:00,CUST0177,Shampoo,2
T1606,2024-01-11 10:09:00,CUST0177,Dish Soap,2
T1606,2024-01-11 10:09:00,CUST0177,Rice,2
T1607,2024-02-12 20:27:00,CUST0127,Croissant,2
T1607,2024-02-12 20:27:00,CUST0127,Bagels,2
T1607,2024-02-12 20:27:00,CUST0127,Ice Cream,2
T1607,2024-02-12 20:27:00,CUST0127,Sausages,2
T1607,2024-02-12 20:27:00,CUST0127,Toothbrush,2
T1607,2024-02-12 20:27:00,CUST0127,Tissues,2
T1607,2024-02-12 20:27:00,CUST0127,Orange Juice,2
T1608,2024-02-22 19:46:00,CUST0258,Salsa,2
T1608,2024-02-22 19:46:00,CUST0258,Cream,2
T1608,2024-02-22 19:46:00,CUST0258,Toothpaste,2
T1608,2024-02-22 19:46:00,,Bagels,2
T1608,2034-02-19 19:46:00,CUST0258,Toothbrush,2
T1609,2024-08-06 08:39:00,CUST0103,Baby Wipes,2
T1609,2024-08-06 08:39:00,CUST0103,Baby Food,2
T1609,2024-08-06 08:39:00,CUST0103,  soda ,2
T1609,2024-08-06 08:39:00,CUST0103,Chips,2
T1609,2024-08-06 08:39:00,CUST0103,Diapers,2
T1610,2024-02-01 16:27:00,CUST0330,Milk,2
T1610,2024-02-01 16:27:00,CUST0330,Tomatoes,2
T1610,2024-02-01 16:27:00,CUST0330,Bread,2
T1610,2024-02-01 16:27:00,CUST0330,Eggs,2
T1610,2024-02-01 16:27:00,CUST0330,Flour,2
T1611,2024-08-02 11:20:00,CUST0025,Ground Beef,2
T1611,2024-08-02 11:20:00,CUST0025,Detergent,2
T1611,2024-08-02 11:20:00,CUST0025,Chicken Breast,2
T1612,2024-05-09 15:23:00,CUST0172,Butter,2
T1612,2024-05-09 15:23:00,CUST0172,Bread,2
T1612,2024-05-09 15:23:00,CUST0172,Ground Beef,2
T1612,2024-05-09 15:23:00,CUST0172,Bacon,2
T1612,2024-05-09 15:23:00,CUST0172,Wine,2
T1612,2024-05-09 15:23:00,CUST0172,Apples,2
T1612,2024-05-09 15:23:00,CUST0172,Honey,2
T1613,2024-07-04 19:49:00,CUST0302,Cooking Oil,2
T1613,2024-07-04 19:49:00,CUST0302,Detergent,2
T1613,2024-07-04 19:49:00,CUST0302,Pasta,2
T1613,2024-07-04 19:49:00,CUST0302,Cheese,2
T1614,2024-08-16 09:04:00,CUST0280,Peanut Butter,2
T1614,2024-08-16 09:04:00,CUST0280,Tea,2
T1614,2024-08-16 09:04:00,CUST0280,Butter,2
T1614,2024-08-16 09:04:00,CUST0280,Oats,2
T1614,2024-08-16 09:04:00,CUST0280,Chicken Breast,2
T1614,,CUST0280,Coffee,2
T1614,2024-08-16 09:04:00,CUST0280,Popcorn,2
T1614,2024-08-16 09:04:00,CUST0280,Onions,2
T1615,,CUST0287,Bagels,2
T1615,2024-05-09 20:54:00,CUST0287,Tea,2
T1615,2024-05-09 20:54:00,CUST0287,Butter,2
T1615,2024-05-09 20:54:00,CUST0287,Honey,2
T1616,2024-02-01 20:44:00,CUST0098,Tea,2
T1616,2024-02-01 20:44:00,CUST0098,Avocado,2
T1616,2024-02-01 20:44:00,CUST0098,Chips,2
T1616,2024-02-01 20:44:00,CUST0098,Chicken Breast,2
T1616,2024-02-01 20:44:00,CUST0098,Cooking Oil,2
T1616,,CUST0098,Beer,2
T1617,2024-01-05 20:32:00,CUST0234,Apples,2
T1617,2024-01-05 20:32:00,CUST0234,Bread,2
T1617,2024-01-05 20:32:00,,Cookies,2
T1617,2024-01-05 20:32:00,CUST0234,Energy Drink,2
T1617,2024-01-05 20:32:00,CUST0234,Trash Bags,2
T1617,2024-01-05 20:32:00,CUST0234,Chicken Breast,2
T1617,2024-01-05 20:32:00,CUST0234,Soap,2
T1617,2024-01-05 20:32:00,CUST0234,Onions,2
T1617,2024-01-05 20:32:00,CUST0234,Shampoo,2
T1617,2024-01-05 20:32:00,CUST0234,Bananas,2
T1618,2024-01-24 16:15:00,CUST0150,Cream,2
T1618,2024-01-24 16:15:00,CUST0150,Coffee,2
T1618,2024-01-24 16:15:00,CUST0150,Chicken Breast,2
T1618,2024-01-24 16:15:00,CUST0150,Sausages,2
T1618,,CUST0150,Bagels,2
T1619,2024-05-07 21:13:00,CUST0274,  ground beef ,2
T1619,2024-05-07 21:13:00,CUST0274,Cheese,2
T1619,2024-05-07 21:13:00,CUST0274,Orange Juice,2
T1619,2024-05-07 21:13:00,CUST0274,Chicken Breast,2
T1620,2024-01-30 18:52:00,CUST0006,Lemons,2
T1620,2024-01-30 18:52:00,CUST0006,  rice ,2
T1620,2024-01-30 18:52:00,CUST0006,Sausages,2
T1620,2024-01-30 18:52:00,CUST0006,Soap,2
T1620,2024-01-30 18:52:00,,Cereal,2
T1620,2024-01-30 18:52:00,CUST0006,Apples,2
T1620,2024-01-30 18:52:00,CUST0006,Orange Juice,2
T1621,2024-07-21 10:28:00,CUST0119,Salsa,2
T1621,2024-07-21 10:28:00,CUST0119,Tomatoes,2
T1621,2024-07-21 10:28:00,CUST0119,Avocado,2
T1621,2024-07-21 10:28:00,CUST0119,Chips,2
T1621,2024-07-21 10:28:00,CUST0119,Rice,2
T1621,2024-07-21 10:28:00,CUST0119,Diapers,2
T1621,2024-07-21 10:28:00,CUST0119,Bagels,2
T1621,2024-07-21 10:28:00,CUST0119,Bananas,2
T1622,2024-09-08 19:11:00,CUST0332,Wine,2
T1622,2024-09-08 19:11:00,CUST0332,Onions,2
T1622,2024-09-08 19:11:00,CUST0332,Chicken Breast,2
T1622,2024-09-08 19:11:00,CUST0332,Cooking Oil,2
T1623,2024-07-25 09:46:00,CUST0270,Tea,2
T1623,2024-07-25 09:46:00,CUST0270,Baby Wipes,2
T1623,2024-07-25 09:46:00,CUST0270,Lettuce,2
T1623,2024-07-25 09:46:00,CUST0270,Soda,2
T1623,2024-07-25 09:46:00,CUST0270,Cream,2
T1623,2024-07-25 09:46:00,CUST0270,Eggs,2
T1623,2024-07-25 09:46:00,CUST0270,  popcorn ,2
T1623,2024-07-25 09:46:00,CUST0270,Toothbrush,2
T1624,2024-05-17 10:40:00,CUST0308,Tea,2
T1624,2024-05-17 10:40:00,CUST0308,Butter,2
T1624,2024-05-17 10:40:00,CUST0308,Lettuce,2
T1624,2024-05-17 10:40:00,CUST0308,Croissant,2
T1624,2024-05-17 10:40:00,CUST0308,Trash Bags,2
T1624,2024-05-17 10:40:00,CUST0308,Jam,2
T1624,2024-05-17 10:40:00,CUST0308,Bagels,2
T1624,2024-05-17 10:40:00,CUST0308,Orange Juice,2
T1625,2024-02-13 11:08:00,CUST0246,Peanut Butter,2
T1625,2024-02-13 11:08:00,CUST0246,Flour,2
T1626,2024-02-22 16:18:00,CUST0053,Lettuce,2
T1626,2024-02-22 16:18:00, CUST0053 ,Tomatoes,2
T1626,2024-02-22 16:18:00,CUST0053,Croissant,2
T1626,2024-02-22 16:18:00,CUST0053,Chips,2
T1626,2024-02-22 16:18:00,CUST0053,Coffee,2
T1626,2024-02-22 16:18:00,CUST0053,Beer,2
T1627,2024-06-29 18:18:00,CUST0116,Trash Bags,2
T1627,2024-06-29 18:18:00,CUST0116,Muffins,2
T1627,2024-06-29 18:18:00,CUST0116,Onions,2
T1627,2024-06-29 18:18:00,CUST0116,Toothbrush,2
T1627,2024-06-29 18:18:00,CUST0116,Paper Towels,2
T1628,2024-02-13 08:38:00,CUST0078,Lettuce,2
T1628,2024-02-13 08:38:00,CUST0078,Tomatoes,2
T1628,2024-02-13 08:38:00,,Ground Beef,2
T1628,2024-02-13 08:38:00, CUST0078 ,Cooking Oil,2
T1628,2024-02-13 08:38:00,CUST0078,Onions,2
T1629,2024-07-07 12:51:00,CUST0365,Peanut Butter,2
T1629,2024-07-07 12:51:00,CUST0365,Chicken Breast,2
T1629,2024-07-07 12:51:00,CUST0365,Bacon,2
T1629,2024-07-07 12:51:00,CUST0365,Sugar,2
T1629,2024-07-07 12:51:00,CUST0365,Toothpaste,2
T1629,2024-07-07 12:51:00,CUST0365,Fish Fillet,2
T1629,2024-07-07 12:51:00,CUST0365,Toothbrush,2
T1629,2024-07-07 12:51:00,CUST0365,Bottled Water,2
T1630,2024-05-22 10:05:00,CUST0166,Butter,2
T1630,2024-05-22 10:05:00,CUST0166,Baby Food,2
T1630,2024-05-22 10:05:00,CUST0166,Bread,2
T1630,2024-05-22 10:05:00,CUST0166,Cream,2
T1630,2024-05-22 10:05:00,CUST0166,Rice,2
T1630,2024-05-22 10:05:00,CUST0166,Ice Cream,2
T1630,2024-05-22 10:05:00,CUST0166,Jam,2
T1630,2024-05-22 10:05:00,CUST0166,Toothbrush,2
T1631,2024-09-11 16:34:00,CUST0253,Baby Wipes,2
T1631,2024-09-11 16:34:00,CUST0253,Baby Food,2
T1631,2024-09-11 16:34:00,CUST0253,Ground Beef,2
T1631,2024-09-11 16:34:00,CUST0253,Croissant,2
T1631,2024-09-11 16:34:00,CUST0253,Diapers,2
T1631,2024-09-11 16:34:00,CUST0253,Onions,2
T1632,2024-04-14 21:01:00,CUST0186,Soda,2
T1632,2024-04-14 21:01:00,CUST0186,  oats ,2
T1632,2024-04-14 21:01:00,CUST0186,Trash Bags,2
T1632,2024-04-14 21:01:00,,Paper Towels,2
T1632,2024-04-14 21:01:00, CUST0186 ,Potatoes,2
T1633,2024-08-03 11:13:00,CUST0115,Sausages,2
T1633,,CUST0115,Beer,2
T1633,2024-08-03 11:13:00,CUST0115,Diapers,2
T1633,2024-08-03 11:13:00,CUST0115,Chips,2
T1634,2024-08-05 13:03:00,CUST0360,Muffins,2
T1634,2024-08-05 13:03:00,CUST0360,Paper Towels,2
T1634,2024-08-05 13:03:00,CUST0360,Coffee,2
T1634,2024-08-05 13:03:00,CUST0360,Soda,2
T1635,2024-08-28 19:08:00,CUST0384,Lettuce,2
T1635,2024-08-28 19:08:00,CUST0384,Toothpaste,2
T1635,2024-08-28 19:08:00,CUST0384,Soda,2
T1635,2024-08-28 19:08:00,CUST0384,Energy Drink,2
T1635,2024-08-28 19:08:00,CUST0384,Detergent,2
T1635,2024-08-28 19:08:00,CUST0384,Muffins,2
T1635,2024-08-28 19:08:00,CUST0384,  ice cream ,2
T1635,2024-08-28 19:08:00, CUST0384 ,Eggs,2
T1635,2024-08-28 19:08:00,CUST0384,Cereal,2
T1635,2024-08-28 19:08:00,CUST0384,Bagels,2
T1635,2024-08-28 19:08:00,CUST0384,Bottled Water,2
T1636,2024-01-17 17:48:00,CUST0089,Tea,2
T1636,2024-01-17 17:48:00,CUST0089,Bacon,2
T1636,2024-01-17 17:48:00,CUST0089,Jam,2
T1636,2024-01-17 17:48:00,CUST0089,Diapers,2
T1636,2024-01-17 17:48:00,CUST0089,Bagels,2
T1636,2024-01-17 17:48:00,CUST0089,Honey,2
T1637,2024-03-05 19:13:00,CUST0206,Lemons,2
T1637,2024-03-05 19:13:00,CUST0206,Butter,2
T1637,2024-03-05 19:13:00,CUST0206,Energy Drink,2
T1637,2024-03-05 19:13:00,CUST0206,Oats,2
T1637,2024-03-05 19:13:00,CUST0206,Chicken Breast,2
T1637,2024-03-05 19:13:00,CUST0206,Onions,2
T1637,2024-03-05 19:13:00,CUST0206,Toothbrush,2
T1637,2024-03-05 19:13:00,CUST0206,Pasta,2
T1637,2024-03-05 19:13:00,,Paper Towels,2
T1638,2024-02-25 09:04:00,CUST0186,Cheese,2
T1638,2024-02-25 09:04:00,CUST0186,Chips,2
T1638,2024-02-25 09:04:00,CUST0186,Dish Soap,2
T1638,2024-02-25 09:04:00,CUST0186,Ice Cream,2
T1638,2024-02-25 09:04:00,CUST0186,Pasta Sauce,2
T1638,2024-02-25 09:04:00,CUST0186,Onions,2
T1638,2024-02-25 09:04:00,CUST0186,Toothbrush,2
T1638,2024-02-25 09:04:00,CUST0186,Shampoo,2
T1638,2024-02-25 09:04:00,CUST0186,Paper Towels,2
T1639,2024-01-23 17:50:00,CUST0248,Salsa,2
T1639,2024-01-23 17:50:00,CUST0248,Baby Wipes,2
T1639,2024-01-23 17:50:00,CUST0248,Milk,2
T1639,2024-01-23 17:50:00,CUST0248,Baby Food,2
T1639,2024-01-23 17:50:00,CUST0248,Chicken Breast,2
T1639,2024-01-23 17:50:00,CUST0248,Diapers,2
T1639,2024-01-23 17:50:00,CUST0248,Popcorn,2
T1639,2024-01-23 17:50:00,CUST0248,Cereal,2
T1639,2024-01-23 17:50:00,CUST0248,Bagels,2
T1639,2024-01-23 17:50:00,CUST0248,Potatoes,2
T1640,2024-07-19 19:22:00,CUST0067,Oats,2
T1640,2024-07-19 19:22:00,CUST0067,Toilet Paper,2
T1640,2024-07-19 19:22:00,CUST0067,Salt,2
T1640,2024-07-19 19:22:00,CUST0067,Bacon,2
T1640,2024-07-19 19:22:00,CUST0067,Popcorn,2
T1640,2024-07-19 19:22:00,CUST0067,Bagels,2
T1640,2024-07-19 19:22:00,CUST0067,Pasta,2
T1641,2024-04-28 11:51:00,CUST0349,Milk,2
T1641,2024-04-28 11:51:00,CUST0349,Ice Cream,2
T1641,2024-04-28 11:51:00,CUST0349,Sausages,2
T1641,2024-04-28 11:51:00,CUST0349,Beer,2
T1641,2024-04-28 11:51:00,CUST0349,Pasta Sauce,2
T1641,2024-04-28 11:51:00,CUST0349,Cereal,2
T1641,2024-04-28 11:51:00,CUST0349,Bottled Water,2
T1642,2024-08-08 08:57:00,CUST0365,Eggs,2
T1642,2024-08-08 08:57:00,CUST0365,Bacon,2
T1642,2024-08-08 08:57:00,CUST0365,Orange Juice,2
T1642,2024-08-08 08:57:00,CUST0365,Flour,2
T1643,2024-02-14 15:06:00,CUST0233,Ground Beef,2
T1643,2024-02-14 15:06:00,CUST0233,Chips,2
T1644,2024-08-23 12:30:00,CUST0132,Energy Drink,2
T1644,2024-08-23 12:30:00,CUST0132,Oats,2
T1644,2024-08-23 12:30:00,CUST0132,Detergent,2
T1644,2024-08-23 12:30:00,CUST0132,Salt,2
T1644,2024-08-23 12:30:00,CUST0132,Chips,2
T1644,2024-08-23 12:30:00,CUST0132,Eggs,2
T1645,,CUST0161,Tea,2
T1645,2024-09-19 21:39:00,CUST0161,Beer,2
T1645,2024-09-19 21:39:00,CUST0161,Soap,2
T1645,2024-09-19 21:39:00,CUST0161,Apples,2
T1645,2024-09-19 21:39:00,CUST0161,Shampoo,2
T1645,2024-09-19 21:39:00,CUST0161,Bananas,2
T1646,2024-01-30 19:50:00,CUST0126,Cooking Oil,2
T1646,2024-01-30 19:50:00,,Onions,2
T1647,2024-07-22 20:27:00,CUST0103,Peanut Butter,2
T1647,2024-07-22 20:27:00,CUST0103,Bread,2
T1647,2024-07-22 20:27:00,CUST0103,Tomatoes,2
T1647,2024-07-22 20:27:00,CUST0103,Oats,2
T1647,2024-07-22 20:27:00,CUST0103,Detergent,2
T1647,2024-07-22 20:27:00,CUST0103,Trash Bags,2
T1647,2024-07-22 20:27:00,CUST0103,Eggs,2
T1647,2024-07-22 20:27:00,CUST0103,Beer,2
T1647,2024-07-22 20:27:00,CUST0103,Sugar,2
T1647,2024-07-22 20:27:00,CUST0103,Shampoo,2
T1648,2024-06-12 17:02:00,CUST0308,Frozen Pizza,2
T1648,2024-06-12 17:02:00,CUST0308,Baby Wipes,2
T1648,2024-06-12 17:02:00,CUST0308,Milk,2
T1648,2024-06-12 17:02:00,CUST0308,  pasta ,2
T1648,2024-06-12 17:02:00,CUST0308,Soda,2
T1648,2024-06-12 17:02:00,CUST0308,Ground Beef,2
T1648,2024-06-12 17:02:00,CUST0308,Jam,2
T1648,2024-06-12 17:02:00,CUST0308,Pasta Sauce,2
T1648,2024-06-12 17:02:00,CUST0308,Wine,2
T1648,2024-06-12 17:02:00,CUST0308,Bottled Water,2
T1648,2024-06-12 17:02:00,CUST0308,Apples,2
T1649,2024-08-04 12:16:00,CUST0326,Energy Drink,2
T1649,2024-08-04 12:16:00,CUST0326,Chips,2
T1649,2024-08-04 12:16:00,CUST0326,Milk,2
T1650,2024-08-19 21:26:00,CUST0269,Fish Fillet,2
T1650,2024-08-19 21:26:00,CUST0269,Beer,2
T1650,2024-08-19 21:26:00,CUST0269,Diapers,2
T1651,2024-09-03 15:34:00,CUST0353,Salsa,2
T1651,2024-09-03 15:34:00,CUST0353,Lettuce,2
T1651,2024-09-03 15:34:00,CUST0353,Tomatoes,2
T1651,2024-09-03 15:34:00,CUST0353,Avocado,2
T1651,2024-09-03 15:34:00,CUST0353,Chips,2
T1651,2024-09-03 15:34:00,CUST0353,Sugar,2
T1651,2024-09-03 15:34:00,CUST0353,Flour,2
T1651,2024-09-03 15:34:00,CUST0353,Fish Fillet,2
T1652,2024-02-28 20:43:00,CUST0209,Salsa,2
T1652,2024-02-28 20:43:00,CUST0209,Baby Wipes,2
T1652,2024-02-28 20:43:00,CUST0209,Cheese,2
T1652,2024-02-28 20:43:00,CUST0209,Soda,2
T1652,2024-02-28 20:43:00,CUST0209,Rice,2
T1652,2024-02-28 20:43:00,CUST0209,Frozen Vegetables,2
T1652,2024-02-28 20:43:00,CUST0209,Eggs,2
T1652,2024-02-28 20:43:00,CUST0209,Pasta Sauce,2
T1652,2024-02-28 20:43:00,CUST0209,Bagels,2
T1652,2024-02-28 20:43:00,CUST0209,Bottled Water,2
T1653,2024-04-06 14:44:00,CUST0280,Bagels,2
T1653,2024-04-06 14:44:00,CUST0280,Milk,2
T1653,2024-04-06 14:44:00,CUST0280,Baby Food,2
T1653,,CUST0280,Honey,2
T1654,2024-07-05 08:19:00,CUST0158,Ground Beef,2
T1654,2024-07-05 08:19:00,CUST0158,Frozen Pizza,2
T1654,,CUST0158,Soda,2
T1655,2024-03-24 16:27:00,CUST0196,Baby Wipes,2
T1655,2024-03-24 16:27:00,CUST0196,Baby Food,2
T1655,2024-03-24 16:27:00,CUST0196,Salt,2
T1655,2024-03-24 16:27:00,CUST0196,Cooking Oil,2
T1655,2024-03-24 16:27:00,CUST0196,Chocolate,2
T1655,2024-03-24 16:27:00,CUST0196,Dish Soap,2
T1655,2024-03-24 16:27:00,CUST0196,Jam,2
T1655,2024-03-24 16:27:00,CUST0196,Soap,2
T1655,2024-03-24 16:27:00,CUST0196,Toothbrush,2
T1656,2024-08-20 16:24:00,CUST0059,Peanut Butter,2
T1656,2024-08-20 16:24:00,CUST0059,Milk,2
T1656,2024-08-20 16:24:00,CUST0059,Oats,2
T1656,2024-08-20 16:24:00,CUST0059,Croissant,2
T1656,2024-08-20 16:24:00,CUST0059,  cooking oil ,2
T1656,,CUST0059,Frozen Vegetables,2
T1656,2024-08-20 16:24:00,CUST0059,Sausages,2
T1656,2024-08-20 16:24:00,CUST0059,Diapers,2
T1656,2024-08-20 16:24:00,CUST0059,Soap,2
T1656,,CUST0059,Toothpaste,2
T1656,2024-08-20 16:24:00,CUST0059,Honey,2
T1657,2024-07-31 18:15:00,CUST0003,Lemons,2
T1657,2024-07-31 18:15:00,CUST0003,Bread,2
T1657,2024-07-31 18:15:00,,Tomatoes,2
T1657,2024-07-31 18:15:00,CUST0003,Toilet Paper,2
T1657,2024-07-31 18:15:00,CUST0003,Dish Soap,2
T1657,2024-07-31 18:15:00,CUST0003,Chicken Breast,2
T1657,2024-07-31 18:15:00,CUST0003,Bacon,2
T1657,2024-07-31 18:15:00,CUST0003,Soap,2
T1657,2024-07-31 18:15:00,CUST0003,Shampoo,2
T1658,2024-07-18 19:11:00,CUST0207,Butter,2
T1658,2024-07-18 19:11:00,,Milk,2
T1658,2024-07-18 19:11:00,CUST0207,Cheese,2
T1658,,CUST0207,Bread,2
T1658,2024-07-18 19:11:00,CUST0207,Toilet Paper,2
T1658,2024-07-18 19:11:00,CUST0207,Eggs,2
T1658,,CUST0207,Popcorn,2
T1658,2024-07-18 19:11:00,CUST0207,Wine,2
T1658,2024-07-18 19:11:00,CUST0207,Toothbrush,2
T1658,2024-07-18 19:11:00,CUST0207,Tissues,2
T1659,2024-04-14 09:05:00,CUST0014,Baby Food,2
T1659,2024-04-14 09:05:00,CUST0014,Cheese,2
T1659,2024-04-14 09:05:00,CUST0014,Energy Drink,2
T1659,2024-04-14 09:05:00,CUST0014,Diapers,2
T1659,2024-04-14 09:05:00,CUST0014,Toothpaste,2
T1659,2024-04-14 09:05:00,CUST0014,Toothbrush,2
T1660,2024-04-23 12:12:00,CUST0275,Tea,2
T1660,2024-04-23 12:12:00,CUST0275,Baby Wipes,2
T1660,2024-04-23 12:12:00,CUST0275,Cookies,2
T1660,2024-04-23 12:12:00,CUST0275,Salt,2
T1660,2024-04-23 12:12:00,CUST0275,Muffins,2
T1660,2024-04-23 12:12:00,CUST0275,Bananas,2
T1660,2024-04-23 12:12:00,CUST0275,Potatoes,2
T1660,,CUST0275,Cereal,2
T1660,2024-04-23 12:12:00,CUST0275,Apples,2
T1660,2024-04-23 12:12:00,CUST0275,Paper Towels,2
T1661,,CUST0135,Peanut Butter,2
T1661,2024-02-24 10:18:00,CUST0135,Cream,2
T1661,2024-02-24 10:18:00,CUST0135,Orange Juice,2
T1662,2024-08-18 20:10:00,CUST0093,Baby Wipes,2
T1662,2024-08-18 20:10:00,CUST0093,Toothpaste,2
T1662,2024-08-18 20:10:00,CUST0093,Paper Towels,2
T1662,2024-08-18 20:10:00,CUST0093,Eggs,2
T1662,2024-08-18 20:10:00,CUST0093,Diapers,2
T1662,2024-08-18 20:10:00,CUST0093,Pasta Sauce,2
T1662,2024-08-18 20:10:00,CUST0093,Soap,2
T1662,2024-08-18 20:10:00,CUST0093,Shampoo,2
T1662,2024-08-18 20:10:00,CUST0093,Bananas,2
T1663,2024-06-24 13:30:00,CUST0315,Lettuce,2
T1663,2024-06-24 13:30:00,CUST0315,Coffee,2
T1664,2024-03-05 12:17:00,CUST0247,Baby Wipes,2
T1664,2024-03-05 12:17:00,CUST0247,Butter,2
T1664,2024-03-05 12:17:00,CUST0247,Detergent,2
T1664,2024-03-05 12:17:00,CUST0247,Rice,2
T1664,2024-03-05 12:17:00,CUST0247,Muffins,2
T1664,2024-03-05 12:17:00,CUST0247,Jam,2
T1664,2024-03-05 12:17:00,CUST0247,Diapers,2
T1664,2024-03-05 12:17:00,CUST0247,Bottled Water,2
T1664,2024-03-05 12:17:00,CUST0247,Apples,2
T1664,2024-03-05 12:17:00,CUST0247,Orange Juice,2
T1665,2024-05-08 10:12:00,CUST0352,Frozen Vegetables,2
T1665,2024-05-08 10:12:00,CUST0352,Beer,2
T1665,,CUST0352,Pasta Sauce,2
T1665,2024-05-08 10:12:00,CUST0352,Tissues,2
T1665,2024-05-08 10:12:00,CUST0352,Pasta,2
T1665,2024-05-08 10:12:00,CUST0352,Shampoo,2
T1666,2024-08-16 14:38:00,CUST0383,Frozen Pizza,2
T1666,2024-08-16 14:38:00, CUST0383 ,Coffee,2
T1666,2024-08-16 14:38:00,CUST0383,Eggs,2
T1666,2024-08-16 14:38:00,CUST0383,Bacon,2
T1666,2024-08-16 14:38:00,CUST0383,Sugar,2
T1667,2024-09-18 12:37:00,CUST0210,Salsa,2
T1667,2024-09-18 12:37:00,CUST0210,Milk,2
T1667,2024-09-18 12:37:00,CUST0210,Baby Food,2
T1667,2024-09-18 12:37:00,CUST0210,Cream,2
T1667,2024-09-18 12:37:00,CUST0210,Dish Soap,2
T1667,2024-09-18 12:37:00,CUST0210,Salt,2
T1667,2024-09-18 12:37:00,CUST0210,Chips,2
T1667,2024-09-18 12:37:00,CUST0210,  cereal ,2
T1668,2024-08-07 20:11:00,CUST0184,Cookies,2
T1668,2024-08-07 20:11:00,CUST0184,Trash Bags,2
T1668,2024-08-07 20:11:00,CUST0184,Paper Towels,2
T1669,2024-06-13 11:35:00,CUST0034,Soda,2
T1669,2024-06-13 11:35:00,CUST0034,Chips,2
T1669,2024-06-13 11:35:00,CUST0034,Coffee,2
T1669,2024-06-13 11:35:00,CUST0034,Cooking Oil,2
T1669,2024-06-13 11:35:00,CUST0034,Pasta Sauce,2
T1669,2024-06-13 11:35:00,CUST0034,Bagels,2
T1669,2024-06-13 11:35:00,CUST0034,Apples,2
T1670,2024-08-03 18:48:00,CUST0223,Ground Beef,2
T1670,2024-08-03 18:48:00,CUST0223,Eggs,2
T1670,2024-08-03 18:48:00,CUST0223,Frozen Pizza,2
T1671,2024-07-15 11:36:00,CUST0011,Butter,2
T1671,2024-07-15 11:36:00,CUST0011,Milk,2
T1671,2024-07-15 11:36:00,CUST0011,Toothpaste,2
T1671,,CUST0011,Baby Food,2
T1671,2024-07-15 11:36:00,CUST0011,Ground Beef,2
T1671,2024-07-15 11:36:00,CUST0011,Chips,2
T1671,2024-07-15 11:36:00,CUST0011,Coffee,2
T1671,2024-07-15 11:36:00,CUST0011,Frozen Vegetables,2
T1671,2024-07-15 11:36:00,CUST0011,Cereal,2
T1672,,CUST0411,Tea,2
T1672,2024-02-05 15:06:00,CUST0411,Butter,2
T1672,2024-02-05 15:06:00,CUST0411,Milk,2
T1672,2024-02-05 15:06:00,CUST0411,Flour,2
T1672,2024-02-05 15:06:00,CUST0411,Shampoo,2
T1672,2024-02-05 15:06:00,CUST0411,Bananas,2
T1673,2024-08-20 15:54:00,CUST0329,Tea,2
T1673,2024-08-20 15:54:00,CUST0329,Cheese,2
T1673,2024-08-20 15:54:00,CUST0329,Frozen Vegetables,2
T1673,2024-08-20 15:54:00,CUST0329,Pasta Sauce,2
T1673,2024-08-20 15:54:00,CUST0329,  cereal ,2
T1673,2024-08-20 15:54:00,CUST0329,Shampoo,2
T1673,2024-08-20 15:54:00,CUST0329,Honey,2
T1674,2024-04-07 19:57:00,CUST0416,Cheese,2
T1674,2024-04-07 19:57:00,CUST0416,Trash Bags,2
T1674,2024-04-07 19:57:00,CUST0416,Cooking Oil,2
T1674,2024-04-07 19:57:00,CUST0416,Pasta Sauce,2
T1674,2024-04-07 19:57:00,CUST0416,Paper Towels,2
T1674,2024-04-07 19:57:00,CUST0416,Pasta,2
T1675,2024-01-23 09:03:00,CUST0156,Avocado,2
T1675,2024-01-23 09:03:00,CUST0156,Lemons,2
T1676,2024-03-16 20:37:00,CUST0212,Tea,2
T1676,2024-03-16 20:37:00,CUST0212,Baby Wipes,2
T1676,2024-03-16 20:37:00,CUST0212,Chips,2
T1676,2024-03-16 20:37:00,CUST0212,Chicken Breast,2
T1676,2024-03-16 20:37:00,CUST0212,Coffee,2
T1676,2024-03-16 20:37:00,CUST0212,Paper Towels,2
T1676,2024-03-16 20:37:00, CUST0212 ,Orange Juice,2
T1677,, CUST0377 ,Lemons,2
T1677,2024-05-04 18:41:00,CUST0377,Cheese,2
T1677,2024-05-04 18:41:00,CUST0377,Tomatoes,2
T1677,2024-05-04 18:41:00,CUST0377,Oats,2
T1677,2024-05-04 18:41:00,CUST0377,Cooking Oil,2
T1677,2024-05-04 18:41:00,CUST0377,Sausages,2
T1677,2024-05-04 18:41:00,CUST0377,Pasta Sauce,2
T1677,2024-05-04 18:41:00,CUST0377,Cereal,2
T1677,2024-05-04 18:41:00,CUST0377,Pasta,2
T1678,2024-02-23 13:13:00,CUST0417,Trash Bags,2
T1678,2024-02-23 13:13:00,CUST0417,Bacon,2
T1678,2024-02-23 13:13:00,CUST0417,Beer,2
T1678,2024-02-23 13:13:00,CUST0417,Pasta Sauce,2
T1678,2024-02-23 13:13:00,CUST0417,Pasta,2
T1679,2024-05-22 14:10:00,CUST0352,Salsa,2
T1679,2024-05-22 14:10:00,CUST0352,Peanut Butter,2
T1679,2024-05-22 14:10:00,CUST0352,Tea,2
T1679,2024-05-22 14:10:00,CUST0352,Baby Wipes,2
T1679,2024-05-22 14:10:00,CUST0352,Baby Food,2
T1679,2024-05-22 14:10:00,CUST0352,Tomatoes,2
T1679,2024-05-22 14:10:00,,Detergent,2
T1679,2024-05-22 14:10:00,CUST0352,Trash Bags,2
T1679,2024-05-22 14:10:00,CUST0352,Toothbrush,2
T1679,,CUST0352,Shampoo,2
T1680,2024-08-23 10:17:00,CUST0015,Jam,2
T1680,2024-08-23 10:17:00,CUST0015,Baby Wipes,2
T1680,2024-08-23 10:17:00,CUST0015,Diapers,2
T1681,2024-04-18 10:25:00,CUST0258,Cereal,2
T1681,2024-04-18 10:25:00,CUST0258,Toothbrush,2
T1681,2024-04-18 10:25:00,CUST0258,Toothpaste,2
T1682,2024-07-25 10:38:00,CUST0142,Cereal,2
T1682,2024-07-25 10:38:00,CUST0142,Milk,2
T1682,2024-07-25 10:38:00,CUST0142,Cheese,2
T1682,2024-07-25 10:38:00,CUST0142,Popcorn,2
T1682,2024-07-25 10:38:00,CUST0142,Paper Towels,2
T1682,2024-07-25 10:38:00,CUST0142,Toothbrush,2
T1682,2024-07-25 10:38:00,CUST0142,Honey,2
T1683,2024-05-07 09:14:00,CUST0059,Shampoo,2
T1683,2024-05-07 09:14:00,CUST0059,Soap,2
T1684,2024-02-03 16:06:00,CUST0142,Chicken Breast,2
T1684,2024-02-03 16:06:00,CUST0142,Potatoes,2
T1685,2024-05-17 15:13:00,CUST0088,Frozen Pizza,2
T1685,2024-05-17 15:13:00,CUST0088,Tomatoes,2
T1685,2024-05-17 15:13:00,CUST0088,Soda,2
T1686,,CUST0007,Pasta,2
T1686,2024-06-19 15:09:00,CUST0007,Cream,2
T1686,2024-06-19 15:09:00,CUST0007,Chips,2
T1686,2024-06-19 15:09:00,CUST0007,Cooking Oil,2
T1686,2024-06-19 15:09:00,CUST0007,Ice Cream,2
T1686,2024-06-19 15:09:00,CUST0007,Potatoes,2
T1686,2024-06-19 15:09:00,CUST0007,Pasta Sauce,2
T1686,2024-06-19 15:09:00,,Onions,2
T1686,2024-06-19 15:09:00,CUST0007,Apples,2
T1686,2024-06-19 15:09:00,CUST0007,Bananas,2
T1687,2024-08-30 17:00:00,CUST0251,Wine,2
T1687,2024-08-30 17:00:00,CUST0251,Bagels,2
T1687,2024-08-30 17:00:00,CUST0251,Milk,2
T1687,2024-08-30 17:00:00,CUST0251,Cheese,2
T1688,2024-02-21 12:51:00,CUST0377,Cheese,2
T1688,2024-02-21 12:51:00,CUST0377,Soda,2
T1688,2024-02-21 12:51:00,CUST0377,Chips,2
T1688,2024-02-21 12:51:00,CUST0377,Pasta Sauce,2
T1688,2024-02-21 12:51:00,CUST0377,Shampoo,2
T1689,2024-06-03 19:21:00,CUST0266,Frozen Pizza,2
T1689,2024-06-03 19:21:00,CUST0266,Baby Wipes,2
T1689,2024-06-03 19:21:00,CUST0266,Avocado,2
T1689,2024-06-03 19:21:00,CUST0266,Detergent,2
T1689,2024-06-03 19:21:00,CUST0266,Soap,2
T1689,2024-06-03 19:21:00,CUST0266,Bagels,2
T1690,2024-07-03 11:47:00,CUST0046,Baby Wipes,2
T1690,2024-07-03 11:47:00,CUST0046,Baby Food,2
T1690,2024-07-03 11:47:00,CUST0046,Tomatoes,2
T1690,2024-07-03 11:47:00,CUST0046,Avocado,2
T1690,2024-07-03 11:47:00,CUST0046,Soda,2
T1690,2024-07-03 11:47:00,CUST0046,Salt,2
T1690,2024-07-03 11:47:00,CUST0046,Diapers,2
T1691,2024-05-21 12:12:00,CUST0022,Lemons,2
T1691,2024-05-21 12:12:00,CUST0022,Baby Food,2
T1691,2024-05-21 12:12:00,CUST0022,Toothpaste,2
T1691,2024-05-21 12:12:00,CUST0022,Ground Beef,2
T1691,2024-05-21 12:12:00,CUST0022,Toilet Paper,2
T1691,2024-05-21 12:12:00,CUST0022,Cooking Oil,2
T1691,2024-05-21 12:12:00,CUST0022,Chocolate,2
T1691,2024-05-21 12:12:00,CUST0022,Sugar,2
T1691,2024-05-21 12:12:00,CUST0022,Pasta Sauce,2
T1691,2024-05-21 12:12:00,CUST0022,Onions,2
T1692,2024-03-16 15:43:00,CUST0077,Milk,2
T1692,2024-03-16 15:43:00,CUST0077,Frozen Vegetables,2
T1692,2024-03-16 15:43:00,CUST0077,Bacon,2
T1692,2024-03-16 15:43:00,CUST0077,Eggs,2
T1692,2024-03-16 15:43:00,CUST0077,Jam,2
T1692,2024-03-16 15:43:00,CUST0077,Cereal,2
T1692,,CUST0077,Bagels,2
T1693,2024-03-04 08:31:00,CUST0157,Tea,2
T1693,2024-03-04 08:31:00,CUST0157,  baby wipes ,2
T1693,2024-03-04 08:31:00,CUST0157,Sausages,2
T1693,2024-03-04 08:31:00,CUST0157,  bagels ,2
T1693,2024-03-04 08:31:00,CUST0157,Honey,2
T1694,2024-05-18 10:46:00,CUST0101,Cheese,2
T1694,2024-05-18 10:46:00,CUST0101,Bread,2
T1694,2024-05-18 10:46:00,CUST0101,Avocado,2
T1694,2024-05-18 10:46:00,CUST0101,Bacon,2
T1694,2024-05-18 10:46:00,CUST0101,Sugar,2
T1694,2024-05-18 10:46:00,CUST0101,Bottled Water,2
T1694,2024-05-18 10:46:00,CUST0101,Orange Juice,2
T1695,2024-08-30 13:15:00,CUST0416,Energy Drink,2
T1695,2024-08-30 13:15:00,CUST0416,Chips,2
T1696,2024-06-03 12:05:00,CUST0153,Salsa,2
T1696,2024-06-03 12:05:00,CUST0153,Toothpaste,2
T1696,2024-06-03 12:05:00,CUST0153,Cheese,2
T1696,2024-06-03 12:05:00,CUST0153,Avocado,2
T1696,,CUST0153,Rice,2
T1696,,CUST0153,Chocolate,2
T1696,2024-06-03 12:05:00,CUST0153,Pasta Sauce,2
T1696,2024-06-03 12:05:00,CUST0153,Onions,2
T1696,2024-06-03 12:05:00,CUST0153,Tissues,2
T1696,2024-06-03 12:05:00,CUST0153,Pasta,2
T1696,2024-06-03 12:05:00,CUST0153,Orange Juice,2
T1697,2024-01-14 20:26:00,CUST0046,Chips,2
T1697,,CUST0046,Salt,2
T1697,2024-01-14 20:26:00,CUST0046,Beer,2
T1697,2024-01-14 20:26:00,CUST0046,Diapers,2
T1697,2024-01-14 20:26:00,CUST0046,Pasta Sauce,2
T1697,2024-01-14 20:26:00,CUST0046,Toothpaste,2
T1697,2024-01-14 20:26:00,CUST0046,Soap,2
T1697,2024-01-14 20:26:00,CUST0046,Toothbrush,2
T1697,2024-01-14 20:26:00,CUST0046,Apples,2
T1697,2024-01-14 20:26:00,CUST0046,Bananas,2
T1698,2024-09-22 15:53:00,CUST0028,Tea,2
T1698,2024-09-22 15:53:00,CUST0028,Cheese,2
T1698,2024-09-22 15:53:00,CUST0028,Soda,2
T1698,2024-09-22 15:53:00,CUST0028,Bread,2
T1698,2024-09-22 15:53:00,CUST0028,Energy Drink,2
T1698,2024-09-22 15:53:00,CUST0028,Toilet Paper,2
T1698,2024-09-22 15:53:00,CUST0028,Chips,2
T1698,2024-09-22 15:53:00, CUST0028 ,Sausages,2
T1698,2024-09-22 15:53:00,CUST0028,Beer,2
T1698,2024-09-22 15:53:00,CUST0028,  shampoo ,2
T1699,2024-06-18 21:03:00,CUST0063,Sausages,2
T1699,2024-06-18 21:03:00,CUST0063,Sugar,2
T1699,,CUST0063,Coffee,2
T1700,2024-04-12 09:04:00,CUST0001,Tomatoes,2
T1700,2024-04-12 09:04:00,CUST0001,Bread,2
T1700,2024-04-12 09:04:00,CUST0001,Cooking Oil,2
T1700,2024-04-12 09:04:00,CUST0001,Toothpaste,2
T1700,2024-04-12 09:04:00,CUST0001,Fish Fillet,2
T1700,2024-04-12 09:04:00,CUST0001,Toothbrush,2
T1700,2024-04-12 09:04:00,CUST0001,Bottled Water,2
T1700,2024-04-12 09:04:00,CUST0001,Pasta,2
T1700,,,Orange Juice,2
T1701,2024-08-15 14:03:00,CUST0063,Avocado,2
T1701,2024-08-15 14:03:00,CUST0063,Wine,2
T1702,2024-04-12 15:30:00,CUST0149,Lemons,2
T1702,2024-04-12 15:30:00,CUST0149,Soda,2
T1702,2024-04-12 15:30:00,CUST0149,Croissant,2
T1702,2024-04-12 15:30:00,CUST0149,Chips,2
T1702,2024-04-12 15:30:00,,Coffee,2
T1702,2024-04-12 15:30:00,CUST0149,Potatoes,2
T1702,2024-04-12 15:30:00,CUST0149,Diapers,2
T1702,2024-04-12 15:30:00,CUST0149,Tissues,2
T1702,2024-04-12 15:30:00,CUST0149,Shampoo,2
T1702,2024-04-12 15:30:00,CUST0149,Cookies,2
T1703,2024-03-02 17:24:00,CUST0006,Peanut Butter,2
T1703,2024-03-02 17:24:00,CUST0006,Cheese,2
T1703,2024-03-02 17:24:00,CUST0006,Soda,2
T1703,2024-03-02 17:24:00,CUST0006,Trash Bags,2
T1703,2024-03-02 17:24:00,CUST0006,Beer,2
T1703,2024-03-02 17:24:00,CUST0006,Toothpaste,2
T1703,2024-03-02 17:24:00,CUST0006,Toothbrush,2
T1704,2024-07-02 16:54:00,CUST0258,Baby Wipes,2
T1704,2024-07-02 16:54:00,CUST0258,Ground Beef,2
T1704,2024-07-02 16:54:00,CUST0258,Eggs,2
T1704,2024-07-02 16:54:00,CUST0258,Beer,2
T1704,2024-07-02 16:54:00,CUST0258,Bagels,2
T1704,2024-07-02 16:54:00,CUST0258,Orange Juice,2
T1704,,CUST0258,Bananas,2
T1705,2024-03-12 12:50:00,CUST0391,Avocado,2
T1705,2024-03-12 12:50:00,CUST0391,Bottled Water,2
T1705,2024-03-12 12:50:00,CUST0391,Salt,2
T1705,2024-03-12 12:50:00,CUST0391,Flour,2
T1706,2024-03-22 11:06:00,CUST0341,Lemons,2
T1706,2024-03-22 11:06:00,CUST0341,Tea,2
T1706,2024-03-22 11:06:00,CUST0341,Butter,2
T1706,2024-03-22 11:06:00,CUST0341,Energy Drink,2
T1706,2024-03-22 11:06:00,CUST0341,Cream,2
T1706,2024-03-22 11:06:00,CUST0341,Rice,2
T1706,2024-03-22 11:06:00,CUST0341,Muffins,2
T1706,2024-03-22 11:06:00,CUST0341,Sugar,2
T1706,,CUST0341,Onions,2
T1706,2024-03-22 11:06:00,CUST0341,Shampoo,2
T1706,2024-03-22 11:06:00,CUST0341,Cookies,2
T1707,2024-07-15 20:26:00,CUST0033,Peanut Butter,2
T1707,2024-07-15 20:26:00,CUST0033,Energy Drink,2
T1707,2024-07-15 20:26:00,CUST0033,Chips,2
T1707,2024-07-15 20:26:00, CUST0033 ,Chocolate,2
T1707,2024-07-15 20:26:00,CUST0033,Potatoes,2
T1708,2024-06-13 09:44:00,CUST0231,Milk,2
T1708,2024-06-13 09:44:00,CUST0231,Dish Soap,2
T1708,2024-06-13 09:44:00,CUST0231,Muffins,2
T1708,2024-06-13 09:44:00,CUST0231,Eggs,2
T1708,2024-06-13 09:44:00,CUST0231,Jam,2
T1708,2024-06-13 09:44:00,CUST0231,Diapers,2
T1709,2024-02-19 11:02:00,CUST0415,Tomatoes,2
T1709,2024-02-19 11:02:00,CUST0415,Energy Drink,2
T1709,2024-02-19 11:02:00,CUST0415,Bacon,2
T1709,2024-02-19 11:02:00,CUST0415,Diapers,2
T1709,2024-02-19 11:02:00,CUST0415,Popcorn,2
T1709,2024-02-19 11:02:00,CUST0415,Tissues,2
T1709,2024-02-19 11:02:00,CUST0415,Apples,2
T1709,2024-02-19 11:02:00,CUST0415,Bananas,2
T1710,2024-08-12 14:40:00,CUST0193,Butter,2
T1710,2024-08-12 14:40:00,CUST0193,Bread,2
T1710,2024-08-12 14:40:00,CUST0193,Salt,2
T1710,,CUST0193,Bananas,2
T1710,2024-08-12 14:40:00,CUST0193,Frozen Vegetables,2
T1710,,CUST0193,Eggs,2
T1710,2024-08-12 14:40:00,CUST0193,Popcorn,2
T1710,2024-08-12 14:40:00,CUST0193,Flour,2
T1710,2024-08-12 14:40:00,CUST0193,Wine,2
T1710,2024-08-12 14:40:00,CUST0193,Orange Juice,2
T1710,2024-08-12 14:40:00,CUST0193,Cookies,2
T1711,2024-05-08 14:45:00,CUST0184,Cheese,2
T1711,2024-05-08 14:45:00,CUST0184,Tomatoes,2
T1711,2024-05-08 14:45:00,CUST0184,Croissant,2
T1711,2024-05-08 14:45:00,CUST0184,Cooking Oil,2
T1711,2024-05-08 14:45:00,CUST0184,Ice Cream,2
T1711,2024-05-08 14:45:00,CUST0184,Sausages,2
T1711,2024-05-08 14:45:00,CUST0184,Pasta Sauce,2
T1711,2024-05-08 14:45:00,CUST0184,Onions,2
T1711,2024-05-08 14:45:00,CUST0184,Pasta,2
T1712,2024-01-30 16:44:00,CUST0057,Bacon,2
T1712,2024-01-30 16:44:00,CUST0057,Eggs,2
T1712,2024-01-30 16:44:00,CUST0057,Pasta,2
T1712,2024-01-30 16:44:00,CUST0057,Potatoes,2
T1713,2024-06-17 20:42:00,CUST0032,Energy Drink,2
T1713,2024-06-17 20:42:00,,Chips,2
T1713,2024-06-17 20:42:00,CUST0032,Coffee,2
T1713,,CUST0032,Yogurt,2
T1713,2024-06-17 20:42:00,CUST0032,Sugar,2
T1713,2024-06-17 20:42:00,CUST0032,Orange Juice,2
T1713,2024-06-17 20:42:00,CUST0032,Bananas,2
T1714,2024-02-11 16:30:00,CUST0067,Pasta,2
T1714,2024-02-11 16:30:00,CUST0067,Pasta Sauce,2
T1714,2024-02-11 16:30:00,CUST0067,Toothpaste,2
T1715,2024-01-14 20:50:00,CUST0416,Bread,2
T1715,2024-01-14 20:50:00,CUST0416,Ice Cream,2
T1715,2024-01-14 20:50:00,CUST0416,Eggs,2
T1715,2024-01-14 20:50:00,CUST0416,Onions,2
T1715,2024-01-14 20:50:00,CUST0416,Fish Fillet,2
T1715,2024-01-14 20:50:00,CUST0416,Tissues,2
T1716,2024-01-27 14:49:00,CUST0194,Ice Cream,2
T1716,2024-01-27 14:49:00,CUST0194,Soda,2
T1717,2024-01-06 11:26:00,CUST0383,Cheese,2
T1717,2024-01-06 11:26:00,CUST0383,Dish Soap,2
T1717,2024-01-06 11:26:00,CUST0383,Salt,2
T1717,2024-01-06 11:26:00,CUST0383,Flour,2
T1717,2024-01-06 11:26:00,CUST0383,Bacon,2
T1717,2024-01-06 11:26:00,CUST0383,Eggs,2
T1717,2024-01-06 11:26:00,CUST0383,Yogurt,2
T1717,2024-01-06 11:26:00,CUST0383,Popcorn,2
T1717,2024-01-06 11:26:00,CUST0383,Wine,2
T1717,2024-01-06 11:26:00,CUST0383,  tissues ,2
T1717,2024-01-06 11:26:00,CUST0383,Potatoes,2
T1718,2024-05-24 08:20:00,CUST0180,Tea,2
T1718,2024-05-24 08:20:00,CUST0180,Detergent,2
T1718,2024-05-24 08:20:00,CUST0180,Rice,2
T1718,2024-05-24 08:20:00,CUST0180,Eggs,2
T1718,2024-05-24 08:20:00,CUST0180,Yogurt,2
T1719,2024-04-15 15:45:00,CUST0377,Salsa,2
T1719,2024-04-15 15:45:00,CUST0377,Lettuce,2
T1719,2024-04-15 15:45:00,CUST0377,Soda,2
T1719,2024-04-15 15:45:00,CUST0377,Avocado,2
T1719,2024-04-15 15:45:00,CUST0377,Tomatoes,2
T1719,2024-04-15 15:45:00,CUST0377,Chips,2
T1720,2024-09-14 09:03:00,CUST0178,Lettuce,2
T1720,2024-09-14 09:03:00,CUST0178,  tomatoes ,2
T1720,2024-09-14 09:03:00,CUST0178,Avocado,2
T1720,2024-09-14 09:03:00,CUST0178,Chips,2
T1720,2024-09-14 09:03:00,CUST0178,Chicken Breast,2
T1720,2024-09-14 09:03:00,CUST0178,Pasta Sauce,2
T1721,2024-08-13 18:48:00,CUST0233,Frozen Pizza,2
T1721,2024-08-13 18:48:00,CUST0233,Milk,2
T1721,2024-08-13 18:48:00,CUST0233,Soda,2
T1721,2024-08-13 18:48:00,CUST0233,Dish Soap,2
T1721,2024-08-13 18:48:00,CUST0233,Coffee,2
T1721,2024-08-13 18:48:00,CUST0233,Eggs,2
T1721,2024-08-13 18:48:00,CUST0233,Bacon,2
T1721,2024-08-13 18:48:00,CUST0233,Soap,2
T1721,2024-08-13 18:48:00,CUST0233,Shampoo,2
T1721,2024-08-13 18:48:00,CUST0233,Bananas,2
T1722,2024-08-08 16:03:00,CUST0339,Butter,2
T1722,2024-08-08 16:03:00,CUST0339,Bread,2
T1722,2024-08-08 16:03:00,CUST0339,Tomatoes,2
T1722,2024-08-08 16:03:00,CUST0339,Croissant,2
T1722,2024-08-08 16:03:00, CUST0339 ,Trash Bags,2
T1722,2024-08-08 16:03:00,CUST0339,Frozen Vegetables,2
T1722,2024-08-08 16:03:00,CUST0339,Diapers,2
T1722,2024-08-08 16:03:00,CUST0339,Soap,2
T1722,2024-08-08 16:03:00,CUST0339,Paper Towels,2
T1722,2024-08-08 16:03:00,CUST0339,Shampoo,2
T1722,2024-08-08 16:03:00,CUST0339,Bananas,2
T1723,2024-08-25 14:36:00,CUST0369,Lemons,2
T1723,2024-08-25 14:36:00,CUST0369,Peanut Butter,2
T1723,2024-08-25 14:36:00,CUST0369,Trash Bags,2
T1723,2024-08-25 14:36:00,CUST0369,Dish Soap,2
T1723,2024-08-25 14:36:00,CUST0369,Muffins,2
T1723,2024-08-25 14:36:00,CUST0369,  bacon ,2
T1723,2024-08-25 14:36:00,CUST0369,Yogurt,2
T1723,2024-08-25 14:36:00,,Flour,2
T1723,2024-08-25 14:36:00,CUST0369,Toothbrush,2
T1723,2024-08-25 14:36:00,CUST0369,Tissues,2
T1723,2024-08-25 14:36:00,CUST0369,Apples,2
T1724,2024-05-20 09:15:00,CUST0395,Tea,2
T1724,2024-05-20 09:15:00,CUST0395,Ground Beef,2
T1724,2024-05-20 09:15:00,CUST0395,Sugar,2
T1724,2024-05-20 09:15:00,CUST0395,Toothpaste,2
T1724,2024-05-20 09:15:00,CUST0395,Bagels,2
T1725,2024-06-13 21:16:00,CUST0092,Milk,2
T1725,2024-06-13 21:16:00,CUST0092,Coffee,2
T1725,2024-06-13 21:16:00,CUST0092,Chocolate,2
T1725,2034-06-11 21:16:00,CUST0092,Ice Cream,2
T1725,2024-06-13 21:16:00,CUST0092,Cereal,2
T1725,2024-06-13 21:16:00,CUST0092,Bagels,2
T1726,2024-07-02 15:40:00,CUST0285,Butter,2
T1726,2024-07-02 15:40:00,CUST0285,Bread,2
T1727,2024-03-16 21:39:00,CUST0336,Lemons,2
T1727,2024-03-16 21:39:00,CUST0336,Tea,2
T1727,2024-03-16 21:39:00,CUST0336,Milk,2
T1727,2024-03-16 21:39:00,CUST0336,Ground Beef,2
T1727,2024-03-16 21:39:00,CUST0336,Cream,2
T1727,2024-03-16 21:39:00,CUST0336,Frozen Vegetables,2
T1727,2024-03-16 21:39:00,CUST0336,Eggs,2
T1727,2024-03-16 21:39:00,CUST0336,Diapers,2
T1727,2024-03-16 21:39:00,CUST0336,Pasta Sauce,2
T1727,2024-03-16 21:39:00,CUST0336,Onions,2
T1727,2024-03-16 21:39:00,CUST0336,Cookies,2
T1728,2024-01-22 16:45:00,CUST0117,Diapers,2
T1728,2024-01-22 16:45:00,CUST0117,Milk,2
T1728,2024-01-22 16:45:00,CUST0117,Cookies,2
T1729,2024-08-15 09:32:00,CUST0040,Butter,2
T1729,2024-08-15 09:32:00,CUST0040,Avocado,2
T1729,2024-08-15 09:32:00,CUST0040,Croissant,2
T1729,2024-08-15 09:32:00,CUST0040,Salt,2
T1729,2024-08-15 09:32:00,CUST0040,Potatoes,2
T1730,2024-07-27 18:23:00,CUST0241,Milk,2
T1730,2024-07-27 18:23:00,CUST0241,Soda,2
T1730,2024-07-27 18:23:00,CUST0241,Detergent,2
T1730,2024-07-27 18:23:00,CUST0241,Rice,2
T1730,2024-07-27 18:23:00,,Muffins,2
T1730,2024-07-27 18:23:00,CUST0241,Eggs,2
T1730,2024-07-27 18:23:00,CUST0241,Bacon,2
T1730,2024-07-27 18:23:00,CUST0241,Toothbrush,2
T1731,2024-09-18 19:49:00,CUST0380,Tea,2
T1731,2024-09-18 19:49:00,CUST0380,Butter,2
T1731,2024-09-18 19:49:00,CUST0380,Bread,2
T1731,2024-09-18 19:49:00,CUST0380,Soda,2
T1731,2024-09-18 19:49:00,CUST0380,Honey,2
T1732,2024-03-03 21:56:00,CUST0271,Milk,2
T1732,2024-03-03 21:56:00,CUST0271,Toothpaste,2
T1732,2024-03-03 21:56:00,CUST0271,Tomatoes,2
T1732,2024-03-03 21:56:00,CUST0271,Chocolate,2
T1732,2024-03-03 21:56:00,CUST0271,Eggs,2
T1732,2024-03-03 21:56:00,CUST0271,Cereal,2
T1732,2024-03-03 21:56:00,CUST0271,Bottled Water,2
T1732,2024-03-03 21:56:00,CUST0271,Paper Towels,2
T1733,2024-06-10 19:07:00,CUST0355,Frozen Pizza,2
T1733,2024-06-10 19:07:00,CUST0355,Lettuce,2
T1733,2024-06-10 19:07:00,CUST0355,Soda,2
T1733,2024-06-10 19:07:00,CUST0355,Detergent,2
T1733,2024-06-10 19:07:00,CUST0355,Cooking Oil,2
T1733,2024-06-10 19:07:00,CUST0355,Shampoo,2
T1734,2024-04-27 17:52:00,CUST0065,Baby Food,2
T1734,2024-04-27 17:52:00,CUST0065,Cream,2
T1734,2024-04-27 17:52:00,CUST0065,Detergent,2
T1734,2024-04-27 17:52:00,CUST0065,Ice Cream,2
T1734,2024-04-27 17:52:00,CUST0065,Eggs,2
T1734,2024-04-27 17:52:00,CUST0065,Onions,2
T1734,2024-04-27 17:52:00,CUST0065,Bagels,2
T1735,2024-09-15 10:36:00,CUST0254,Salsa,2
T1735,2024-09-15 10:36:00,CUST0254,Energy Drink,2
T1735,2024-09-15 10:36:00,CUST0254,Croissant,2
T1735,2024-09-15 10:36:00,CUST0254,Chips,2
T1736,2024-01-13 19:10:00,CUST0038,Lemons,2
T1736,2024-01-13 19:10:00,CUST0038,Tea,2
T1736,2024-01-13 19:10:00,CUST0038,Milk,2
T1736,2024-01-13 19:10:00,CUST0038,Soda,2
T1736,2024-01-13 19:10:00,CUST0038,Chips,2
T1736,2024-01-13 19:10:00,CUST0038,Wine,2
T1736,2024-01-13 19:10:00,CUST0038,Orange Juice,2
T1736,2024-01-13 19:10:00,CUST0038,Honey,2
T1737,2024-06-21 17:38:00,CUST0316,Tea,2
T1737,2024-06-21 17:38:00,CUST0316,Coffee,2
T1737,2024-06-21 17:38:00,CUST0316,Sausages,2
T1737,2024-06-21 17:38:00,CUST0316,Diapers,2
T1737,2024-06-21 17:38:00,CUST0316,Flour,2
T1737,2024-06-21 17:38:00,CUST0316,Shampoo,2
T1737,2024-06-21 17:38:00,CUST0316,Potatoes,2
T1738,2024-04-03 19:49:00,CUST0302,Baby Food,2
T1738,2024-04-03 19:49:00,CUST0302,Cream,2
T1738,2024-04-03 19:49:00,CUST0302,Ice Cream,2
T1738,2024-04-03 19:49:00,CUST0302,Sausages,2
T1738,2024-04-03 19:49:00,CUST0302,Soap,2
T1738,2024-04-03 19:49:00,CUST0302,Bagels,2
T1738,2024-04-03 19:49:00,CUST0302,Tissues,2
T1739,2024-06-23 08:36:00,CUST0266,Onions,2
T1739,2024-06-23 08:36:00,CUST0266,Ground Beef,2
T1739,2024-06-23 08:36:00,CUST0266,Energy Drink,2
T1739,2024-06-23 08:36:00,CUST0266,Chocolate,2
T1739,2024-06-23 08:36:00,CUST0266,Pasta Sauce,2
T1739,2024-06-23 08:36:00,CUST0266,Toothpaste,2
T1739,2024-06-23 08:36:00,CUST0266,Toothbrush,2
T1739,2024-06-23 08:36:00,CUST0266,Pasta,2
T1739,2024-06-23 08:36:00,CUST0266,Honey,2
T1740,2024-05-22 17:56:00,CUST0316,Baby Food,2
T1740,2024-05-22 17:56:00,CUST0316,Ice Cream,2
T1740,2024-05-22 17:56:00,CUST0316,Chocolate,2
T1740,2024-05-22 17:56:00,CUST0316,Diapers,2
T1740,2024-05-22 17:56:00,CUST0316,Toothpaste,2
T1740,2024-05-22 17:56:00,CUST0316,Toothbrush,2
T1741,2024-05-22 10:06:00,CUST0106,Lemons,2
T1741,2024-05-22 10:06:00,CUST0106,Peanut Butter,2
T1741,2024-05-22 10:06:00,CUST0106,Tomatoes,2
T1741,2024-05-22 10:06:00,CUST0106,Chips,2
T1741,2024-05-22 10:06:00,CUST0106,Cooking Oil,2
T1741,2024-05-22 10:06:00,CUST0106,Chicken Breast,2
T1741,2024-05-22 10:06:00,CUST0106,Bacon,2
T1741,2024-05-22 10:06:00,CUST0106,Diapers,2
T1741,2024-05-22 10:06:00,CUST0106,Onions,2
T1742,2024-08-06 19:28:00,,Frozen Pizza,2
T1742,2024-08-06 19:28:00,CUST0267,Toothpaste,2
T1742,2024-08-06 19:28:00,CUST0267,Bread,2
T1742,2024-08-06 19:28:00,CUST0267,Dish Soap,2
T1742,2024-08-06 19:28:00,CUST0267,Muffins,2
T1742,2024-08-06 19:28:00,CUST0267,Bacon,2
T1742,2024-08-06 19:28:00,,Popcorn,2
T1742,2024-08-06 19:28:00,CUST0267,  toothbrush ,2
T1742,2024-08-06 19:28:00, CUST0267 ,Orange Juice,2
T1742,2024-08-06 19:28:00,CUST0267,Bananas,2
T1743,2024-02-14 21:08:00,CUST0143,Tissues,2
T1743,2024-02-14 21:08:00,CUST0143,Diapers,2
T1743,2024-02-14 21:08:00,CUST0143,Chips,2
T1744,,CUST0052,Baby Wipes,2
T1744,2024-06-10 08:27:00,CUST0052,Cheese,2
T1744,2024-06-10 08:27:00,CUST0052,Cooking Oil,2
T1744,2024-06-10 08:27:00,CUST0052,Chicken Breast,2
T1744,2024-06-10 08:27:00,CUST0052,Eggs,2
T1744,2024-06-10 08:27:00,CUST0052,Pasta,2
T1745,2024-09-11 12:08:00,CUST0102,Salsa,2
T1745,2024-09-11 12:08:00,CUST0102,Lemons,2
T1745,,CUST0102,Frozen Pizza,2
T1745,2024-09-11 12:08:00,CUST0102,Milk,2
T1745,2024-09-11 12:08:00,CUST0102,Toothpaste,2
T1745,2024-09-11 12:08:00,CUST0102,Tomatoes,2
T1745,2024-09-11 12:08:00,CUST0102,Rice,2
T1745,2024-09-11 12:08:00,CUST0102,Cereal,2
T1745,2024-09-11 12:08:00,CUST0102,Wine,2
T1745,2024-09-11 12:08:00,CUST0102,Bottled Water,2
T1745,2024-09-11 12:08:00,CUST0102,Paper Towels,2
T1746,2024-04-02 12:53:00,CUST0119,Lemons,2
T1746,2024-04-02 12:53:00,CUST0119,Milk,2
T1746,2024-04-02 12:53:00,CUST0119,Paper Towels,2
T1746,2024-04-02 12:53:00,CUST0119,Chocolate,2
T1746,2024-04-02 12:53:00,CUST0119,Potatoes,2
T1746,2024-04-02 12:53:00,CUST0119,Sugar,2
T1746,2024-04-02 12:53:00,CUST0119,Pasta Sauce,2
T1746,2024-04-02 12:53:00,CUST0119,Toothpaste,2
T1746,2024-04-02 12:53:00,CUST0119,Toothbrush,2
T1746,2024-04-02 12:53:00,CUST0119,Pasta,2
T1746,2024-04-02 12:53:00,CUST0119,Bananas,2
T1747,2024-08-02 15:20:00,CUST0127,Tomatoes,2
T1747,2024-08-02 15:20:00,CUST0127,Cooking Oil,2
T1747,2024-08-02 15:20:00,CUST0127,Onions,2
T1747,2024-08-02 15:20:00,CUST0127,Shampoo,2
T1747,2024-08-02 15:20:00,CUST0127,Honey,2
T1748,2024-07-28 08:35:00,CUST0396,Frozen Pizza,2
T1748,2024-07-28 08:35:00,CUST0396,Baby Food,2
T1748,2024-07-28 08:35:00,CUST0396,Muffins,2
T1748,2024-07-28 08:35:00,CUST0396,Chicken Breast,2
T1748,2024-07-28 08:35:00,CUST0396,Sausages,2
T1748,2024-07-28 08:35:00,CUST0396,Pasta Sauce,2
T1748,2024-07-28 08:35:00,CUST0396,Soap,2
T1748,,CUST0396,Apples,2
T1748,2024-07-28 08:35:00,CUST0396,Potatoes,2
T1749,2024-01-24 12:28:00,CUST0210,Lemons,2
T1749,2024-01-24 12:28:00,CUST0210,Frozen Pizza,2
T1749,,CUST0210,Cheese,2
T1749,2024-01-24 12:28:00,CUST0210,Tomatoes,2
T1749,2024-01-24 12:28:00,CUST0210,Chicken Breast,2
T1749,,CUST0210,Flour,2
T1749,2024-01-24 12:28:00,CUST0210,Onions,2
T1749,2024-01-24 12:28:00,CUST0210,Shampoo,2
T1750,2024-01-11 19:01:00,CUST0411,Tea,2
T1750,2024-01-11 19:01:00,CUST0411,Lettuce,2
T1750,2024-01-11 19:01:00,CUST0411,  cooking oil ,2
T1751,2024-07-10 13:26:00,CUST0111,Salsa,2
T1751,2024-07-10 13:26:00,CUST0111,Cheese,2
T1751,2024-07-10 13:26:00,CUST0111,Energy Drink,2
T1751,2024-07-10 13:26:00,CUST0111,Croissant,2
T1751,2024-07-10 13:26:00,CUST0111,Detergent,2
T1751,2024-07-10 13:26:00,CUST0111,Cream,2
T1751,,CUST0111,Toilet Paper,2
T1751,2024-07-10 13:26:00,CUST0111,Sausages,2
T1751,2024-07-10 13:26:00,CUST0111,Onions,2
T1751,2024-07-10 13:26:00,CUST0111,Bananas,2
T1752,2024-07-12 18:25:00,CUST0068,Butter,2
T1752,2024-07-12 18:25:00,CUST0068,Bread,2
T1752,2024-07-12 18:25:00,CUST0068,Energy Drink,2
T1752,2024-07-12 18:25:00,CUST0068,Chips,2
T1752,2024-07-12 18:25:00,CUST0068,Muffins,2
T1752,2024-07-12 18:25:00,CUST0068,Bacon,2
T1752,2024-07-12 18:25:00,CUST0068,Onions,2
T1752,2024-07-12 18:25:00,CUST0068,Fish Fillet,2
T1753,2024-01-12 12:17:00,CUST0235,Lettuce,2
T1753,2024-01-12 12:17:00,CUST0235,Tomatoes,2
T1753,2024-01-12 12:17:00,CUST0235,Toilet Paper,2
T1753,2024-01-12 12:17:00,CUST0235,Rice,2
T1753,2024-01-12 12:17:00,CUST0235,Coffee,2
T1753,2024-01-12 12:17:00,CUST0235,Sugar,2
T1753,2024-01-12 12:17:00,CUST0235,Popcorn,2
T1753,2024-01-12 12:17:00,CUST0235,Bottled Water,2
T1753,2024-01-12 12:17:00,CUST0235,Pasta,2
T1753,2024-01-12 12:17:00,CUST0235,Honey,2
T1754,2024-09-16 11:24:00,CUST0009,Tomatoes,2
T1754,2024-09-16 11:24:00,CUST0009,Ground Beef,2
T1754,2024-09-16 11:24:00,CUST0009,Oats,2
T1754,2024-09-16 11:24:00,CUST0009,Coffee,2
T1754,2024-09-16 11:24:00,CUST0009,Ice Cream,2
T1754,2024-09-16 11:24:00,CUST0009,Bacon,2
T1754,2024-09-16 11:24:00,CUST0009,Sugar,2
T1754,2024-09-16 11:24:00,CUST0009,Soap,2
T1755,2024-06-19 10:51:00,CUST0323,Cream,2
T1755,2024-06-19 10:51:00,CUST0323,Chicken Breast,2
T1755,2024-06-19 10:51:00,CUST0323,Cooking Oil,2
T1755,2024-06-19 10:51:00,CUST0323,Pasta Sauce,2
T1755,2024-06-19 10:51:00,CUST0323,Onions,2
T1755,,CUST0323,Bagels,2
T1756,2024-06-21 21:09:00,,Baby Wipes,2
T1756,2024-06-21 21:09:00,CUST0019,Baby Food,2
T1756,2024-06-21 21:09:00,CUST0019,Cheese,2
T1756,2024-06-21 21:09:00,CUST0019,Avocado,2
T1756,2024-06-21 21:09:00,CUST0019,Detergent,2
T1756,2024-06-21 21:09:00,CUST0019,Dish Soap,2
T1756,2024-06-21 21:09:00,CUST0019,Frozen Vegetables,2
T1756,2024-06-21 21:09:00,CUST0019,Yogurt,2
T1756,2024-06-21 21:09:00,CUST0019,Soap,2
T1756,2024-06-21 21:09:00,CUST0019,Onions,2
T1756,2024-06-21 21:09:00,CUST0019,Pasta,2
T1757,,CUST0379,Frozen Pizza,2
T1757,2024-09-04 16:35:00,CUST0379,Frozen Vegetables,2
T1757,2024-09-04 16:35:00,CUST0379,Chocolate,2
T1757,2024-09-04 16:35:00,CUST0379,Potatoes,2
T1757,2024-09-04 16:35:00,CUST0379,Pasta Sauce,2
T1757,2024-09-04 16:35:00,CUST0379,Bananas,2
T1758,2024-02-28 08:56:00,CUST0218,Energy Drink,2
T1758,2024-02-28 08:56:00,CUST0218,Pasta,2
T1758,2024-02-28 08:56:00,CUST0218,Pasta Sauce,2
T1758,2024-02-28 08:56:00,CUST0218,Chips,2
T1759,2024-07-09 17:41:00,CUST0085,Apples,2
T1759,2024-07-09 17:41:00,CUST0085,Rice,2
T1759,2024-07-09 17:41:00,CUST0085,Coffee,2
T1759,2024-07-09 17:41:00,CUST0085,Chicken Breast,2
T1759,2024-07-09 17:41:00,CUST0085,Sausages,2
T1759,2024-07-09 17:41:00,CUST0085,Toothpaste,2
T1759,2024-07-09 17:41:00,CUST0085,Bagels,2
T1759,,CUST0085,Tissues,2
T1759,2024-07-09 17:41:00,CUST0085,Shampoo,2
T1759,2024-07-09 17:41:00,CUST0085,Bananas,2
T1760,2024-08-30 08:20:00,CUST0214,Avocado,2
T1760,2024-08-30 08:20:00,CUST0214,Cooking Oil,2
T1760,2024-08-30 08:20:00,CUST0214,Beer,2
T1760,2024-08-30 08:20:00,CUST0214,Toothpaste,2
T1760,,CUST0214,Wine,2
T1760,2024-08-30 08:20:00,CUST0214,Orange Juice,2
T1760,2024-08-30 08:20:00,CUST0214,Bananas,2
T1761,2024-04-06 11:44:00,CUST0049,Shampoo,2
T1761,2024-04-06 11:44:00,CUST0049,Pasta,2
T1762,2024-08-06 17:46:00,CUST0157,Milk,2
T1762,2024-08-06 17:46:00,CUST0157,Cheese,2
T1762,2024-08-06 17:46:00,,Tomatoes,2
T1762,2024-08-06 17:46:00,CUST0157,Ground Beef,2
T1762,2024-08-06 17:46:00,,Sugar,2
T1762,2024-08-06 17:46:00,CUST0157,  pasta sauce ,2
T1762,2024-08-06 17:46:00,CUST0157,  popcorn ,2
T1762,2024-08-06 17:46:00,CUST0157,Cereal,2
T1762,2024-08-06 17:46:00,CUST0157,Bagels,2
T1762,2024-08-06 17:46:00,CUST0157,Pasta,2
T1763,2024-07-15 13:36:00,CUST0396,Salsa,2
T1763,2024-07-15 13:36:00,CUST0396,Lemons,2
T1763,2024-07-15 13:36:00,CUST0396,Peanut Butter,2
T1763,2024-07-15 13:36:00,CUST0396,Tea,2
T1763,2024-07-15 13:36:00,CUST0396,Ground Beef,2
T1763,2024-07-15 13:36:00,CUST0396,Croissant,2
T1763,2024-07-15 13:36:00,CUST0396,Chocolate,2
T1763,2024-07-15 13:36:00, CUST0396 ,Eggs,2
T1763,2024-07-15 13:36:00,CUST0396,  bottled water ,2
T1763,2024-07-15 13:36:00,CUST0396,Apples,2
T1764,2024-01-01 13:04:00,CUST0027,Frozen Pizza,2
T1764,2024-01-01 13:04:00,CUST0027,Soda,2
T1764,2024-01-01 13:04:00,CUST0027,Oats,2
T1764,2024-01-01 13:04:00,CUST0027,Chips,2
T1764,2024-01-01 13:04:00,CUST0027,Coffee,2
T1765,2024-09-24 13:33:00,CUST0041,Wine,2
T1765,2024-09-24 13:33:00,CUST0041,Toilet Paper,2
T1765,2024-09-24 13:33:00,CUST0041,Trash Bags,2
T1765,2024-09-24 13:33:00,CUST0041,Rice,2
T1765,2024-09-24 13:33:00,CUST0041,Coffee,2
T1765,2024-09-24 13:33:00,CUST0041,Chicken Breast,2
T1765,2024-09-24 13:33:00,CUST0041,Paper Towels,2
T1765,2024-09-24 13:33:00,CUST0041,Fish Fillet,2
T1765,2024-09-24 13:33:00,CUST0041,Potatoes,2
T1766,2024-08-10 18:22:00,CUST0092,Baby Wipes,2
T1766,2024-08-10 18:22:00,CUST0092,Baby Food,2
T1766,2024-08-10 18:22:00,CUST0092,Soda,2
T1766,2024-08-10 18:22:00,CUST0092,Trash Bags,2
T1766,2024-08-10 18:22:00,CUST0092,Chips,2
T1767,2024-01-06 11:28:00, CUST0185 ,Dish Soap,2
T1767,2024-01-06 11:28:00,CUST0185,Sugar,2
T1767,2024-01-06 11:28:00,CUST0185,Beer,2
T1767,2024-01-06 11:28:00,CUST0185,Popcorn,2
T1767,2024-01-06 11:28:00,CUST0185,Toothbrush,2
T1767,2024-01-06 11:28:00,CUST0185,Apples,2
T1767,2024-01-06 11:28:00,CUST0185,Paper Towels,2
T1768,2024-07-22 08:44:00,CUST0361,Butter,2
T1768,2024-07-22 08:44:00,CUST0361,Milk,2
T1768,2024-07-22 08:44:00,CUST0361,Bread,2
T1768,2024-07-22 08:44:00,CUST0361,Avocado,2
T1768,2024-07-22 08:44:00,CUST0361,Ground Beef,2
T1768,2024-07-22 08:44:00,CUST0361,Chicken Breast,2
T1768,2024-07-22 08:44:00,CUST0361,Bagels,2
T1769,2024-08-20 15:11:00,CUST0243,Wine,2
T1769,2024-08-20 15:11:00,CUST0243,Bananas,2
T1770,2024-03-08 09:26:00,CUST0062,Chocolate,2
T1770,2024-03-08 09:26:00,CUST0062,Apples,2
T1770,2024-03-08 09:26:00,CUST0062,Orange Juice,2
T1770,2024-03-08 09:26:00,CUST0062,Bananas,2
T1771,2024-05-22 21:12:00,CUST0336,Pasta Sauce,2
T1771,2024-05-22 21:12:00,CUST0336,Honey,2
T1772,2024-01-23 12:38:00,CUST0102,Butter,2
T1772,2024-01-23 12:38:00,CUST0102,Toothpaste,2
T1772,2024-01-23 12:38:00,CUST0102,Soda,2
T1772,2024-01-23 12:38:00,CUST0102,Cream,2
T1772,2024-01-23 12:38:00,CUST0102,Detergent,2
T1772,2024-01-23 12:38:00,CUST0102,Chicken Breast,2
T1772,2024-01-23 12:38:00,CUST0102,Yogurt,2
T1772,2024-01-23 12:38:00,,Cereal,2
T1772,2024-01-23 12:38:00,CUST0102,Bagels,2
T1772,2024-01-23 12:38:00,CUST0102,Shampoo,2
T1773,2024-01-06 11:40:00,CUST0192,Baby Wipes,2
T1773,2024-01-06 11:40:00,CUST0192,Baby Food,2
T1773,2024-01-06 11:40:00,CUST0192,Cheese,2
T1773,2024-01-06 11:40:00,CUST0192,Oats,2
T1773,2024-01-06 11:40:00,CUST0192,Croissant,2
T1773,2024-01-06 11:40:00,CUST0192,Jam,2
T1773,2024-01-06 11:40:00,CUST0192,Beer,2
T1773,2024-01-06 11:40:00,CUST0192,Diapers,2
T1773,2024-01-06 11:40:00,CUST0192,Pasta Sauce,2
T1773,2024-01-06 11:40:00,CUST0192,Wine,2
T1773,2024-01-06 11:40:00,,Cookies,2
T1774,2024-05-26 10:17:00,CUST0072,Tea,2
T1774,2024-05-26 10:17:00,CUST0072,Cheese,2
T1774,2024-05-26 10:17:00,CUST0072,Tomatoes,2
T1774,2024-05-26 10:17:00,CUST0072,Avocado,2
T1774,2024-05-26 10:17:00,CUST0072,Pasta,2
T1775,2024-06-27 20:41:00,CUST0268,Salsa,2
T1775,2024-06-27 20:41:00,CUST0268,Lemons,2
T1775,2024-06-27 20:41:00,CUST0268,Frozen Pizza,2
T1775,2024-06-27 20:41:00, CUST0268 ,Cheese,2
T1775,2024-06-27 20:41:00,CUST0268,  soda ,2
T1775,2024-06-27 20:41:00,CUST0268,Oats,2
T1775,2024-06-27 20:41:00,CUST0268,Chips,2
T1775,2024-06-27 20:41:00,CUST0268,Salt,2
T1775,2024-06-27 20:41:00,CUST0268,Wine,2
T1776,2024-05-13 08:59:00,CUST0060,Lemons,2
T1776,2024-05-13 08:59:00,CUST0060,Oats,2
T1776,2024-05-13 08:59:00,CUST0060,Trash Bags,2
T1776,2024-05-13 08:59:00,CUST0060,Chicken Breast,2
T1776,2024-05-13 08:59:00,CUST0060,Bacon,2
T1776,2024-05-13 08:59:00,CUST0060,Sugar,2
T1776,2024-05-13 08:59:00,CUST0060,Flour,2
T1776,2024-05-13 08:59:00,CUST0060,Tissues,2
T1776,2024-05-13 08:59:00,CUST0060,Bottled Water,2
T1776,2024-05-13 08:59:00,CUST0060,Apples,2
T1776,2024-05-13 08:59:00,CUST0060,Bananas,2
T1777,2024-08-31 13:21:00,CUST0332,Peanut Butter,2
T1777,2024-08-31 13:21:00,CUST0332,Milk,2
T1777,2024-08-31 13:21:00,CUST0332,Dish Soap,2
T1777,2024-08-31 13:21:00,CUST0332,Rice,2
T1777,2024-08-31 13:21:00,CUST0332,Salt,2
T1777,2034-08-29 13:21:00,CUST0332,Paper Towels,2
T1777,2024-08-31 13:21:00,CUST0332,Bagels,2
T1777,2024-08-31 13:21:00,CUST0332,Apples,2
T1777,2024-08-31 13:21:00,CUST0332,Bananas,2
T1778,2024-05-09 19:23:00,CUST0308,Baby Wipes,2
T1778,2024-05-09 19:23:00,CUST0308,Baby Food,2
T1778,2024-05-09 19:23:00,CUST0308,Energy Drink,2
T1778,2024-05-09 19:23:00,CUST0308,Chicken Breast,2
T1778,,CUST0308,Diapers,2
T1778,2024-05-09 19:23:00,CUST0308,Onions,2
T1778,2024-05-09 19:23:00,CUST0308,Wine,2
T1778,2024-05-09 19:23:00,CUST0308,Shampoo,2
T1779,2024-07-24 17:01:00,CUST0084,Peanut Butter,2
T1779,2024-07-24 17:01:00,CUST0084,Onions,2
T1779,2024-07-24 17:01:00,CUST0084,Tomatoes,2
T1779,2024-07-24 17:01:00,CUST0084,Toothpaste,2
T1779,2024-07-24 17:01:00,CUST0084,Toothbrush,2
T1780,2024-03-25 15:00:00,CUST0338,Salsa,2
T1780,2024-03-25 15:00:00,CUST0338,Tea,2
T1780,2024-03-25 15:00:00,CUST0338,Cheese,2
T1780,2024-03-25 15:00:00,CUST0338,  soda ,2
T1780,2024-03-25 15:00:00,CUST0338,Oats,2
T1780,2024-03-25 15:00:00,CUST0338,Chips,2
T1780,2024-03-25 15:00:00,CUST0338,Cooking Oil,2
T1780,2024-03-25 15:00:00,CUST0338,Sugar,2
T1780,2024-03-25 15:00:00,CUST0338,Pasta,2
T1780,2024-03-25 15:00:00,CUST0338,Orange Juice,2
T1781,2024-03-19 18:35:00,CUST0398,Lettuce,2
T1781,2024-03-19 18:35:00,CUST0398,Avocado,2
T1781,2024-03-19 18:35:00,CUST0398,Tissues,2
T1781,2024-03-19 18:35:00,CUST0398,Bananas,2
T1782,2024-06-11 20:59:00,CUST0069,Lettuce,2
T1782,2024-06-11 20:59:00,CUST0069,Toilet Paper,2
T1782,2024-06-11 20:59:00,CUST0069,Beer,2
T1782,2024-06-11 20:59:00,CUST0069,Soap,2
T1782,2024-06-11 20:59:00,CUST0069,Paper Towels,2
T1782,2024-06-11 20:59:00,CUST0069,Wine,2
T1782,2024-06-11 20:59:00,CUST0069,Apples,2
T1782,2024-06-11 20:59:00,CUST0069,Shampoo,2
T1782,2024-06-11 20:59:00,CUST0069,Honey,2
T1783,2024-07-07 13:21:00,CUST0257,Frozen Pizza,2
T1783,2024-07-07 13:21:00,CUST0257,Milk,2
T1783,2024-07-07 13:21:00,CUST0257,Tomatoes,2
T1783,2024-07-07 13:21:00,CUST0257,Toilet Paper,2
T1783,2024-07-07 13:21:00,CUST0257,Muffins,2
T1783,2024-07-07 13:21:00,CUST0257,Chocolate,2
T1783,2024-07-07 13:21:00,CUST0257,Eggs,2
T1783,2024-07-07 13:21:00,,Sugar,2
T1784,2024-02-17 13:24:00,CUST0335,Butter,2
T1784,2024-02-17 13:24:00,CUST0335,Soda,2
T1784,2024-02-17 13:24:00,CUST0335,Croissant,2
T1784,2024-02-17 13:24:00,CUST0335,Apples,2
T1784,2024-02-17 13:24:00,CUST0335,  orange juice ,2
T1785,2024-02-12 13:43:00,CUST0376,Lemons,2
T1785,2024-02-12 13:43:00,CUST0376,Peanut Butter,2
T1785,2024-02-12 13:43:00,CUST0376,Milk,2
T1785,2024-02-12 13:43:00,CUST0376,Energy Drink,2
T1785,2024-02-12 13:43:00,CUST0376,Toilet Paper,2
T1785,2024-02-12 13:43:00,CUST0376,Chocolate,2
T1785,2024-02-12 13:43:00,CUST0376,  beer ,2
T1785,2024-02-12 13:43:00,CUST0376,Diapers,2
T1785,2024-02-12 13:43:00,CUST0376,Toothpaste,2
T1786,2024-01-28 12:27:00,CUST0133,Tea,2
T1786,2024-01-28 12:27:00,CUST0133,Baby Wipes,2
T1786,2024-01-28 12:27:00,CUST0133,Frozen Pizza,2
T1786,2024-01-28 12:27:00,CUST0133,Trash Bags,2
T1786,2024-01-28 12:27:00,CUST0133,Diapers,2
T1786,2024-01-28 12:27:00,CUST0133,Bagels,2
T1786,2024-01-28 12:27:00,CUST0133,Shampoo,2
T1787,2024-06-21 19:37:00,CUST0133,Soda,2
T1787,2024-06-21 19:37:00,CUST0133,Trash Bags,2
T1787,2024-06-21 19:37:00,CUST0133,Chocolate,2
T1787,2024-06-21 19:37:00,CUST0133,Jam,2
T1787,2024-06-21 19:37:00,CUST0133,Pasta Sauce,2
T1787,2024-06-21 19:37:00,CUST0133,Cereal,2
T1787,2024-06-21 19:37:00,CUST0133,Toothbrush,2
T1788,2024-07-08 12:27:00, CUST0173 ,Frozen Pizza,2
T1788,2024-07-08 12:27:00,CUST0173,Butter,2
T1788,2024-07-08 12:27:00,CUST0173,Baby Wipes,2
T1788,2024-07-08 12:27:00,CUST0173,Cheese,2
T1788,2024-07-08 12:27:00,,Detergent,2
T1788,2024-07-08 12:27:00,CUST0173,Trash Bags,2
T1788,2024-07-08 12:27:00,CUST0173,Coffee,2
T1788,2024-07-08 12:27:00,CUST0173,Bacon,2
T1788,2024-07-08 12:27:00,CUST0173,Paper Towels,2
T1789,2024-07-01 19:02:00,CUST0273,Baby Food,2
T1789,2024-07-01 19:02:00,CUST0273,Milk,2
T1789,2024-07-01 19:02:00,CUST0273,Croissant,2
T1789,2024-07-01 19:02:00,CUST0273,Trash Bags,2
T1789,2024-07-01 19:02:00,CUST0273,Rice,2
T1789,2024-07-01 19:02:00,CUST0273,Paper Towels,2
T1789,2024-07-01 19:02:00,CUST0273,Fish Fillet,2
T1789,2024-07-01 19:02:00,CUST0273,Orange Juice,2
T1790,2024-09-25 17:29:00,CUST0021,Baby Wipes,2
T1790,2024-09-25 17:29:00,CUST0021,Lettuce,2
T1790,2024-09-25 17:29:00,,Soda,2
T1790,2024-09-25 17:29:00,CUST0021,Chips,2
T1790,2024-09-25 17:29:00,CUST0021,Sugar,2
T1790,2024-09-25 17:29:00,CUST0021,Diapers,2
T1791,2024-01-12 10:47:00,CUST0132,Milk,2
T1791,2024-01-12 10:47:00,CUST0132,Soda,2
T1791,2024-01-12 10:47:00,CUST0132,Flour,2
T1791,2024-01-12 10:47:00,CUST0132,Cereal,2
T1791,2024-01-12 10:47:00,CUST0132,Fish Fillet,2
T1791,2024-01-12 10:47:00,CUST0132,Honey,2
T1791,2024-01-12 10:47:00,CUST0132,Paper Towels,2
T1792,2024-04-05 12:32:00,CUST0344,Lemons,2
T1792,2024-04-05 12:32:00,CUST0344,Lettuce,2
T1792,2024-04-05 12:32:00,CUST0344,Cheese,2
T1792,2024-04-05 12:32:00,CUST0344,Tomatoes,2
T1792,2024-04-05 12:32:00,CUST0344,Ground Beef,2
T1792,2024-04-05 12:32:00,CUST0344,Wine,2
T1792,2024-04-05 12:32:00,CUST0344,  dish soap ,2
T1792,2024-04-05 12:32:00,CUST0344,Fish Fillet,2
T1792,2024-04-05 12:32:00,CUST0344,Bagels,2
T1792,2024-04-05 12:32:00,CUST0344,Tissues,2
T1792,2024-04-05 12:32:00,CUST0344,Apples,2
T1793,2024-05-20 12:29:00,CUST0307,Bread,2
T1793,2024-05-20 12:29:00,CUST0307,Croissant,2
T1793,2024-05-20 12:29:00,CUST0307,Chicken Breast,2
T1793,2024-05-20 12:29:00,CUST0307,Bananas,2
T1793,2024-05-20 12:29:00,CUST0307,Bacon,2
T1793,2024-05-20 12:29:00,CUST0307,Soap,2
T1793,2024-05-20 12:29:00,CUST0307,Toothpaste,2
T1793,2024-05-20 12:29:00,CUST0307,Cookies,2
T1794,2024-08-23 17:26:00,CUST0326,Milk,2
T1794,2024-08-23 17:26:00,CUST0326,Cream,2
T1794,2024-08-23 17:26:00,CUST0326,Cereal,2
T1794,2024-08-23 17:26:00,CUST0326,Apples,2
T1794,2024-08-23 17:26:00,CUST0326,Bananas,2
T1795,2024-05-10 14:02:00,CUST0339,Ground Beef,2
T1795,2024-05-10 14:02:00,CUST0339,Dish Soap,2
T1795,2024-05-10 14:02:00,CUST0339,Chips,2
T1795,2024-05-10 14:02:00,CUST0339,Frozen Vegetables,2
T1795,2024-05-10 14:02:00,CUST0339,Beer,2
T1795,2024-05-10 14:02:00,CUST0339,Pasta Sauce,2
T1795,2024-05-10 14:02:00,CUST0339,Onions,2
T1795,2024-05-10 14:02:00,CUST0339,Bottled Water,2
T1795,2024-05-10 14:02:00,CUST0339,Bananas,2
T1796,2024-03-26 17:22:00,CUST0290,Baby Food,2
T1796,2024-03-26 17:22:00,CUST0290,Pasta,2
T1796,2024-03-26 17:22:00,CUST0290,Dish Soap,2
T1796,2024-03-26 17:22:00,CUST0290,Muffins,2
T1796,2024-03-26 17:22:00,CUST0290,  sausages ,2
T1796,2024-03-26 17:22:00,CUST0290,Beer,2
T1796,2024-03-26 17:22:00,CUST0290,Pasta Sauce,2
T1796,2024-03-26 17:22:00,CUST0290,Fish Fillet,2
T1796,2024-03-26 17:22:00,CUST0290,Apples,2
T1796,2024-03-26 17:22:00,CUST0290,Bananas,2
T1797,2024-04-18 09:36:00,CUST0149,Tea,2
T1797,2024-04-18 09:36:00,CUST0149,Coffee,2
T1797,2024-04-18 09:36:00,CUST0149,Paper Towels,2
T1797,2024-04-18 09:36:00,CUST0149,Orange Juice,2
T1797,2024-04-18 09:36:00,CUST0149,Potatoes,2
T1798,2024-06-11 16:34:00,CUST0273,Baby Wipes,2
T1798,2024-06-11 16:34:00,CUST0273,Baby Food,2
T1798,2024-06-11 16:34:00,CUST0273,Ground Beef,2
T1798,2024-06-11 16:34:00,CUST0273,Detergent,2
T1798,2024-06-11 16:34:00,CUST0273,Pasta Sauce,2
T1798,2024-06-11 16:34:00,CUST0273,Toothpaste,2
T1798,2024-06-11 16:34:00,CUST0273,Apples,2
T1799,2024-03-29 18:58:00,CUST0051,Baby Wipes,2
T1799,2024-03-29 18:58:00,,Baby Food,2
T1799,2024-03-29 18:58:00,CUST0051,Bread,2
T1799,2024-03-29 18:58:00,CUST0051,Energy Drink,2
T1799,2024-03-29 18:58:00,CUST0051,Cooking Oil,2
T1799,2024-03-29 18:58:00,CUST0051,Chocolate,2
T1799,2024-03-29 18:58:00,CUST0051,Bacon,2
T1799,2024-03-29 18:58:00,CUST0051,Diapers,2
T1799,2024-03-29 18:58:00,CUST0051,Shampoo,2
T1800,2024-05-07 10:36:00,CUST0321,Cereal,2
T1800,2024-05-07 10:36:00,CUST0321,Tomatoes,2
T1800,2024-05-07 10:36:00,CUST0321,Croissant,2
T1800,2024-05-07 10:36:00,CUST0321,Muffins,2
T1800,2024-05-07 10:36:00,CUST0321,Soap,2
T1800,2024-05-07 10:36:00,CUST0321,Popcorn,2
T1800,2024-05-07 10:36:00,,Apples,2
T1800,2024-05-07 10:36:00,CUST0321,Orange Juice,2
T1801,2024-05-30 09:57:00,CUST0016,Salsa,2
T1801,2024-05-30 09:57:00,CUST0016,Baby Wipes,2
T1801,2024-05-30 09:57:00,CUST0016,Energy Drink,2
T1801,2024-05-30 09:57:00,CUST0016,Trash Bags,2
T1801,2024-05-30 09:57:00,,Dish Soap,2
T1801,2024-05-30 09:57:00,CUST0016,Chocolate,2
T1801,2024-05-30 09:57:00,CUST0016,Pasta Sauce,2
T1801,2024-05-30 09:57:00,CUST0016,Popcorn,2
T1801,2024-05-30 09:57:00,CUST0016,  wine ,2
T1801,2024-05-30 09:57:00,,Pasta,2
T1801,2024-05-30 09:57:00,CUST0016,Potatoes,2
T1802,2024-07-27 21:33:00,CUST0241,Lettuce,2
T1802,2024-07-27 21:33:00,CUST0241,Bread,2
T1802,2024-07-27 21:33:00,CUST0241,Energy Drink,2
T1802,2024-07-27 21:33:00,CUST0241,Cream,2
T1802,2024-07-27 21:33:00,CUST0241,Chips,2
T1802,2024-07-27 21:33:00,CUST0241,Cooking Oil,2
T1802,2024-07-27 21:33:00,CUST0241,Chocolate,2
T1802,2024-07-27 21:33:00,CUST0241,Jam,2
T1802,2024-07-27 21:33:00,CUST0241,Beer,2
T1802,2024-07-27 21:33:00,,Diapers,2
T1802,2024-07-27 21:33:00,CUST0241,Potatoes,2
T1803,,CUST0226,Butter,2
T1803,2024-09-18 18:41:00,CUST0226,Toilet Paper,2
T1803,2024-09-18 18:41:00,CUST0226,Detergent,2
T1803,2024-09-18 18:41:00,CUST0226,Rice,2
T1803,2024-09-18 18:41:00,CUST0226,Muffins,2
T1803,2024-09-18 18:41:00,CUST0226,Ice Cream,2
T1803,2024-09-18 18:41:00,CUST0226,Yogurt,2
T1803,2024-09-18 18:41:00,CUST0226,Sausages,2
T1803,2024-09-18 18:41:00,CUST0226,Diapers,2
T1803,2024-09-18 18:41:00,CUST0226,Pasta Sauce,2
T1803,2024-09-18 18:41:00,CUST0226,Shampoo,2
T1804,2024-02-19 13:41:00,CUST0356,Lettuce,2
T1804,2024-02-19 13:41:00,CUST0356,Cheese,2
T1804,2024-02-19 13:41:00,CUST0356,Soda,2
T1804,2024-02-19 13:41:00,CUST0356,Detergent,2
T1804,2024-02-19 13:41:00,CUST0356,Chips,2
T1804,2024-02-19 13:41:00,CUST0356,Ice Cream,2
T1804,2024-02-19 13:41:00,CUST0356,Jam,2
T1804,2024-02-19 13:41:00,CUST0356,Pasta Sauce,2
T1804,2024-02-19 13:41:00,CUST0356,Soap,2
T1804,2024-02-19 13:41:00,CUST0356,  flour ,2
T1804,2024-02-19 13:41:00,CUST0356,Pasta,2
T1805,2024-03-16 16:18:00,CUST0014,Lemons,2
T1805,2024-03-16 16:18:00,CUST0014,Lettuce,2
T1805,2024-03-16 16:18:00,CUST0014,Baby Food,2
T1805,2024-03-16 16:18:00,CUST0014,Milk,2
T1805,,CUST0014,Ground Beef,2
T1805,2024-03-16 16:18:00,CUST0014,Cooking Oil,2
T1805,2024-03-16 16:18:00,CUST0014,Sausages,2
T1805,2024-03-16 16:18:00,CUST0014,Diapers,2
T1805,2024-03-16 16:18:00,CUST0014,Flour,2
T1806,2024-08-13 18:18:00,CUST0080,Cooking Oil,2
T1806,2024-08-13 18:18:00,CUST0080,  pasta ,2
T1806,2024-08-13 18:18:00,CUST0080,Chicken Breast,2
T1806,2024-08-13 18:18:00,CUST0080,Onions,2
T1807,2024-03-16 17:00:00,CUST0133,Muffins,2
T1807,2024-03-16 17:00:00,CUST0133,Bacon,2
T1807,2024-03-16 17:00:00,CUST0133,Beer,2
T1807,2024-03-16 17:00:00,CUST0133,Diapers,2
T1807,2024-03-16 17:00:00,CUST0133,Apples,2
T1808,2024-09-13 13:33:00,CUST0192,Toothbrush,2
T1808,2024-09-13 13:33:00,CUST0192,Bottled Water,2
T1808,2024-09-13 13:33:00,CUST0192,Sugar,2
T1808,2024-09-13 13:33:00,CUST0192,Toothpaste,2
T1809,2024-05-22 17:49:00,CUST0374,Tomatoes,2
T1809,2024-05-22 17:49:00,CUST0374,Cream,2
T1809,2024-05-22 17:49:00,CUST0374,Chips,2
T1809,2024-05-22 17:49:00,CUST0374,Chocolate,2
T1809,2024-05-22 17:49:00,CUST0374,Ice Cream,2
T1809,2024-05-22 17:49:00,CUST0374,Flour,2
T1809,2024-05-22 17:49:00,CUST0374,Paper Towels,2
T1809,2024-05-22 17:49:00,CUST0374,Bagels,2
T1809,2024-05-22 17:49:00,CUST0374,Pasta,2
T1809,2024-05-22 17:49:00,CUST0374,Bananas,2
T1810,2024-05-18 16:34:00,CUST0380,Salsa,2
T1810,2024-05-18 16:34:00,CUST0380,Milk,2
T1810,2024-05-18 16:34:00,CUST0380,Detergent,2
T1810,2024-05-18 16:34:00,CUST0380,Chips,2
T1810,2024-05-18 16:34:00, CUST0380 ,Cooking Oil,2
T1810,2024-05-18 16:34:00,CUST0380,Onions,2
T1810,2024-05-18 16:34:00,CUST0380,Apples,2
T1810,2024-05-18 16:34:00,CUST0380,Shampoo,2
T1810,2024-05-18 16:34:00,CUST0380,Honey,2
T1810,2024-05-18 16:34:00,CUST0380,Bananas,2
T1811,2024-05-05 11:44:00,CUST0368,Pasta,2
T1811,2024-05-05 11:44:00,CUST0368,Pasta Sauce,2
T1811,2024-05-05 11:44:00,CUST0368,Rice,2
T1811,2024-05-05 11:44:00,CUST0368,Chicken Breast,2
T1812,2024-02-01 11:14:00,CUST0125,Tea,2
T1812,2024-02-01 11:14:00,CUST0125,Milk,2
T1812,2024-02-01 11:14:00,CUST0125,Bread,2
T1812,2024-02-01 11:14:00,CUST0125,Cream,2
T1812,2024-02-01 11:14:00,CUST0125,Eggs,2
T1813,2024-02-29 15:05:00,CUST0244,Shampoo,2
T1813,2024-02-29 15:05:00,CUST0244,Soap,2
T1813,2024-02-29 15:05:00,CUST0244,Ice Cream,2
T1813,2024-02-29 15:05:00,CUST0244,Chocolate,2
T1814,2024-08-21 08:16:00,CUST0387,Detergent,2
T1814,2024-08-21 08:16:00,CUST0387,Jam,2
T1814,2024-08-21 08:16:00,CUST0387,Diapers,2
T1814,2024-08-21 08:16:00,CUST0387,Popcorn,2
T1814,2024-08-21 08:16:00,CUST0387,Bagels,2
T1814,2024-08-21 08:16:00,CUST0387,Tissues,2
T1815,2024-09-14 12:40:00,CUST0226,Lemons,2
T1815,2024-09-14 12:40:00,CUST0226,Lettuce,2
T1815,2024-09-14 12:40:00,CUST0226,Ice Cream,2
T1815,2024-09-14 12:40:00,CUST0226,Bacon,2
T1815,2024-09-14 12:40:00,CUST0226,Sugar,2
T1815,2024-09-14 12:40:00,CUST0226,Flour,2
T1815,2024-09-14 12:40:00,CUST0226,Fish Fillet,2
T1816,2024-02-18 21:28:00,CUST0176,Energy Drink,2
T1816,,CUST0176,Cream,2
T1816,2024-02-18 21:28:00,CUST0176,Chocolate,2
T1816,2024-02-18 21:28:00,CUST0176,Frozen Vegetables,2
T1816,2024-02-18 21:28:00,CUST0176,Wine,2
T1816,2024-02-18 21:28:00,CUST0176,Tissues,2
T1816,2024-02-18 21:28:00,CUST0176,Orange Juice,2
T1817,2024-08-29 09:43:00,CUST0154,Detergent,2
T1817,2024-08-29 09:43:00,CUST0154,Dish Soap,2
T1817,2024-08-29 09:43:00,CUST0154,Pasta Sauce,2
T1817,2024-08-29 09:43:00,CUST0154,Paper Towels,2
T1817,2024-08-29 09:43:00,CUST0154,Pasta,2
T1818,2024-09-21 15:41:00,CUST0305,Tomatoes,2
T1818,2024-09-21 15:41:00,CUST0305,Chips,2
T1818,2024-09-21 15:41:00,CUST0305,Ice Cream,2
T1818,2024-09-21 15:41:00,CUST0305,Soda,2
T1819,2024-06-30 21:47:00,CUST0162,Soda,2
T1819,2024-06-30 21:47:00,CUST0162,  croissant ,2
T1819,2024-06-30 21:47:00,CUST0162,Cream,2
T1819,2024-06-30 21:47:00,CUST0162,Dish Soap,2
T1819,2024-06-30 21:47:00,CUST0162,Bagels,2
T1819,2024-06-30 21:47:00,CUST0162,Orange Juice,2
T1820,2024-01-29 14:22:00,CUST0331,Shampoo,2
T1820,2024-01-29 14:22:00,CUST0331,Cheese,2
T1821,2024-07-14 13:35:00,CUST0287,Croissant,2
T1821,2024-07-14 13:35:00,CUST0287,Chips,2
T1821,2024-07-14 13:35:00,CUST0287,Dish Soap,2
T1821,2024-07-14 13:35:00,CUST0287,Beer,2
T1821,2024-07-14 13:35:00,CUST0287,Orange Juice,2
T1822,2024-08-28 08:49:00,CUST0338,Rice,2
T1822,2024-08-28 08:49:00,CUST0338,Chips,2
T1822,2024-08-28 08:49:00,CUST0338,Chicken Breast,2
T1822,2024-08-28 08:49:00,CUST0338,Soda,2
T1823,2024-02-07 13:49:00,CUST0376,Ground Beef,2
T1823,,CUST0376,Energy Drink,2
T1823,2024-02-07 13:49:00,CUST0376,Chips,2
T1823,2024-02-07 13:49:00,CUST0376,Dish Soap,2
T1823,2024-02-07 13:49:00,CUST0376,Flour,2
T1823,2024-02-07 13:49:00,CUST0376,Bacon,2
T1823,2024-02-07 13:49:00,CUST0376,Yogurt,2
T1823,2024-02-07 13:49:00,CUST0376,Jam,2
T1823,2024-02-07 13:49:00,CUST0376,Diapers,2
T1823,2024-02-07 13:49:00,CUST0376,Paper Towels,2
T1823,2024-02-07 13:49:00,CUST0376,  honey ,2
T1824,2024-07-03 20:28:00,CUST0383,Salsa,2
T1824,2024-07-03 20:28:00,CUST0383,Lemons,2
T1824,,CUST0383,Lettuce,2
T1824,2024-07-03 20:28:00,CUST0383,Oats,2
T1824,2024-07-03 20:28:00,CUST0383,Croissant,2
T1824,2024-07-03 20:28:00,CUST0383,Cream,2
T1824,2024-07-03 20:28:00,CUST0383,Rice,2
T1824,2024-07-03 20:28:00,CUST0383,Sausages,2
T1824,2024-07-03 20:28:00,CUST0383,Diapers,2
T1824,2024-07-03 20:28:00,CUST0383,Pasta Sauce,2
T1824,2024-07-03 20:28:00,CUST0383,Orange Juice,2
T1825,,CUST0271,Baby Wipes,2
T1825,2024-09-06 20:03:00,CUST0271,Milk,2
T1825,2024-09-06 20:03:00,CUST0271,Baby Food,2
T1825,2024-09-06 20:03:00,CUST0271,Chips,2
T1825,2024-09-06 20:03:00,CUST0271,Beer,2
T1825,2024-09-06 20:03:00,CUST0271,Diapers,2
T1825,2024-09-06 20:03:00,CUST0271,Cereal,2
T1825,2024-09-06 20:03:00,CUST0271,Toothbrush,2
T1826,2024-02-27 16:10:00,CUST0409,Frozen Pizza,2
T1826,2024-02-27 16:10:00,CUST0409,Milk,2
T1826,2024-02-27 16:10:00,CUST0409,Croissant,2
T1826,2024-02-27 16:10:00,CUST0409,Cream,2
T1826,2024-02-27 16:10:00,CUST0409,Rice,2
T1826,2024-02-27 16:10:00,CUST0409,Dish Soap,2
T1826,2024-02-27 16:10:00,CUST0409,Cooking Oil,2
T1826,2024-02-27 16:10:00, CUST0409 ,Bacon,2
T1826,2024-02-27 16:10:00,CUST0409,Eggs,2
T1826,2024-02-27 16:10:00,CUST0409,Tissues,2
T1827,2024-03-18 18:21:00,CUST0038,Baby Food,2
T1827,2024-03-18 18:21:00,CUST0038,Ground Beef,2
T1827,2024-03-18 18:21:00,CUST0038,Eggs,2
T1827,2024-03-18 18:21:00,CUST0038,Diapers,2
T1827,2024-03-18 18:21:00,CUST0038,Tissues,2
T1828,2024-03-18 12:54:00,CUST0115,Bread,2
T1828,2024-03-18 12:54:00,CUST0115,Tomatoes,2
T1828,2024-03-18 12:54:00,CUST0115,Croissant,2
T1828,2024-03-18 12:54:00,CUST0115,Trash Bags,2
T1828,2024-03-18 12:54:00,CUST0115,Chocolate,2
T1828,2024-03-18 12:54:00,CUST0115,Sausages,2
T1828,2024-03-18 12:54:00,CUST0115,Bagels,2
T1828,2024-03-18 12:54:00,,Shampoo,2
T1829,2024-01-21 20:08:00,CUST0277,Milk,2
T1829,2024-01-21 20:08:00,CUST0277,Soda,2
T1829,2024-01-21 20:08:00,CUST0277,Cookies,2
T1829,2024-01-21 20:08:00,CUST0277,Croissant,2
T1829,2024-01-21 20:08:00,CUST0277,Salt,2
T1829,2024-01-21 20:08:00,CUST0277,Popcorn,2
T1829,2024-01-21 20:08:00,CUST0277,Cereal,2
T1829,2024-01-21 20:08:00,CUST0277,Bottled Water,2
T1829,,CUST0277,Pasta,2
T1829,2024-01-21 20:08:00,CUST0277,Bananas,2
T1830,2024-05-18 11:59:00,CUST0112,Salsa,2
T1830,2024-05-18 11:59:00,CUST0112,Pasta Sauce,2
T1830,2024-05-18 11:59:00,CUST0112,Fish Fillet,2
T1830,2024-05-18 11:59:00,CUST0112,Pasta,2
T1830,2024-05-18 11:59:00,CUST0112,Bananas,2
T1831,2024-07-23 11:13:00,CUST0395,Butter,2
T1831,,CUST0395,Bread,2
T1831,2024-07-23 11:13:00,CUST0395,Beer,2
T1831,2024-07-23 11:13:00,CUST0395,Paper Towels,2
T1832,2024-03-02 15:47:00,CUST0310,Energy Drink,2
T1832,2024-03-02 15:47:00,CUST0310,Trash Bags,2
T1832,2024-03-02 15:47:00,CUST0310,Coffee,2
T1832,2024-03-02 15:47:00,CUST0310,Paper Towels,2
T1833,2024-09-17 09:29:00,CUST0009,Detergent,2
T1833,2024-09-17 09:29:00,CUST0009,Milk,2
T1833,2024-09-17 09:29:00,CUST0009,Cereal,2
T1834,2024-02-13 18:41:00,CUST0415,Cream,2
T1834,2024-02-13 18:41:00,CUST0415,Detergent,2
T1834,2024-02-13 18:41:00, CUST0415 ,Salt,2
T1834,2024-02-13 18:41:00,CUST0415,Fish Fillet,2
T1834,2024-02-13 18:41:00,CUST0415,Tissues,2
T1834,2024-02-13 18:41:00,CUST0415,Pasta,2
T1834,2024-02-13 18:41:00,CUST0415,Shampoo,2
T1834,2024-02-13 18:41:00,CUST0415,Honey,2
T1835,2024-03-06 16:09:00,CUST0072,Butter,2
T1835,2024-03-06 16:09:00,CUST0072,Lettuce,2
T1835,,CUST0072,Soda,2
T1835,2024-03-06 16:09:00,CUST0072,Rice,2
T1835,2024-03-06 16:09:00,CUST0072,Chocolate,2
T1835,2024-03-06 16:09:00,CUST0072,Shampoo,2
T1836,2024-02-26 20:10:00,CUST0016,Bread,2
T1836,2024-02-26 20:10:00,CUST0016,Energy Drink,2
T1836,2024-02-26 20:10:00,CUST0016,Chocolate,2
T1836,2024-02-26 20:10:00,CUST0016,Toothpaste,2
T1836,2024-02-26 20:10:00,CUST0016,Bottled Water,2
T1836,2024-02-26 20:10:00,CUST0016,Orange Juice,2
T1836,2024-02-26 20:10:00,CUST0016,Cookies,2
T1837,2024-03-14 14:02:00,CUST0277,Milk,2
T1837,2024-03-14 14:02:00,CUST0277,Rice,2
T1837,2024-03-14 14:02:00,CUST0277,Muffins,2
T1837,2024-03-14 14:02:00,CUST0277,Cooking Oil,2
T1837,2024-03-14 14:02:00,CUST0277,Wine,2
T1837,2024-03-14 14:02:00,CUST0277,Honey,2
T1838,2024-06-27 11:05:00,CUST0215,  frozen pizza ,2
T1838,2024-06-27 11:05:00,CUST0215,Soda,2
T1839,2024-04-10 10:14:00,CUST0264,Tea,2
T1839,2024-04-10 10:14:00,CUST0264,Avocado,2
T1839,2024-04-10 10:14:00,CUST0264,Detergent,2
T1839,2024-04-10 10:14:00,CUST0264,Chips,2
T1839,2024-04-10 10:14:00,CUST0264,Rice,2
T1839,2024-04-10 10:14:00,CUST0264,Beer,2
T1839,2024-04-10 10:14:00,CUST0264,Pasta Sauce,2
T1839,2024-04-10 10:14:00,CUST0264,Shampoo,2
T1839,2024-04-10 10:14:00,CUST0264,Honey,2
T1840,2024-02-23 11:14:00,CUST0129,Bacon,2
T1840,2024-02-23 11:14:00,CUST0129,Shampoo,2
T1840,2024-02-23 11:14:00,CUST0129,Diapers,2
T1841,2024-04-03 08:09:00,CUST0325,Tea,2
T1841,2024-04-03 08:09:00,CUST0325,Milk,2
T1841,2024-04-03 08:09:00,CUST0325,Cheese,2
T1841,,CUST0325,Tomatoes,2
T1841,2024-04-03 08:09:00,CUST0325,Soda,2
T1841,2024-04-03 08:09:00,CUST0325,Trash Bags,2
T1841,2024-04-03 08:09:00,CUST0325,Rice,2
T1841,,CUST0325,Chicken Breast,2
T1841,2024-04-03 08:09:00,CUST0325,Dish Soap,2
T1841,2024-04-03 08:09:00,CUST0325,Onions,2
T1841,2024-04-03 08:09:00,CUST0325,Toothbrush,2
T1842,2024-06-25 11:40:00,CUST0419,Energy Drink,2
T1842,2024-06-25 11:40:00,CUST0419,Toilet Paper,2
T1842,2024-06-25 11:40:00,CUST0419,Rice,2
T1842,2024-06-25 11:40:00,CUST0419,Ice Cream,2
T1842,2024-06-25 11:40:00,CUST0419,Bagels,2
T1843,2024-09-06 20:35:00,CUST0234,Chips,2
T1843,2024-09-06 20:35:00,CUST0234,Beer,2
T1843,2024-09-06 20:35:00,CUST0234,Pasta Sauce,2
T1843,2024-09-06 20:35:00,CUST0234,Soda,2
T1844,2024-06-06 15:27:00,CUST0284,Tea,2
T1844,2024-06-06 15:27:00,CUST0284,Baby Wipes,2
T1844,2024-06-06 15:27:00,CUST0284,Baby Food,2
T1844,2024-06-06 15:27:00,CUST0284,Cooking Oil,2
T1844,2024-06-06 15:27:00,CUST0284,Coffee,2
T1844,2024-06-06 15:27:00,CUST0284,Sausages,2
T1844,2024-06-06 15:27:00,CUST0284,Diapers,2
T1844,2024-06-06 15:27:00,CUST0284,Onions,2
T1844,2024-06-06 15:27:00, CUST0284 ,Honey,2
T1845,2024-06-30 16:38:00,CUST0400,Baby Food,2
T1845,2024-06-30 16:38:00,CUST0400,Diapers,2
T1845,2024-06-30 16:38:00,CUST0400,Pasta Sauce,2
T1845,,CUST0400,Toothpaste,2
T1845,2024-06-30 16:38:00,CUST0400,Pasta,2
T1846,2024-04-25 21:59:00,CUST0385,Baby Food,2
T1846,2024-04-25 21:59:00,CUST0385,Energy Drink,2
T1846,2024-04-25 21:59:00,CUST0385,Chips,2
T1846,2024-04-25 21:59:00,CUST0385,Dish Soap,2
T1846,2024-04-25 21:59:00,CUST0385,Diapers,2
T1846,2024-04-25 21:59:00,CUST0385,Onions,2
T1846,2024-04-25 21:59:00,CUST0385,Honey,2
T1847,2024-06-02 08:04:00,CUST0129,Frozen Pizza,2
T1847,2024-06-02 08:04:00,CUST0129,Soda,2
T1847,2024-06-02 08:04:00,CUST0129,Trash Bags,2
T1847,2024-06-02 08:04:00,CUST0129,Dish Soap,2
T1847,2024-06-02 08:04:00,CUST0129,Sausages,2
T1847,2024-06-02 08:04:00,CUST0129,Beer,2
T1847,2024-06-02 08:04:00,CUST0129,  toothpaste ,2
T1847,2024-06-02 08:04:00,CUST0129,Wine,2
T1848,2024-03-22 18:26:00,CUST0201,Tea,2
T1848,2024-03-22 18:26:00,CUST0201,Lettuce,2
T1848,2024-03-22 18:26:00,CUST0201,Soda,2
T1848,2024-03-22 18:26:00,CUST0201,Tomatoes,2
T1848,2024-03-22 18:26:00,CUST0201,Energy Drink,2
T1848,2024-03-22 18:26:00,CUST0201,Ice Cream,2
T1848,2024-03-22 18:26:00,CUST0201,Orange Juice,2
T1848,2024-03-22 18:26:00,CUST0201,Honey,2
T1849,2024-06-16 08:40:00,CUST0061,Salsa,2
T1849,2024-06-16 08:40:00,CUST0061,Trash Bags,2
T1849,2024-06-16 08:40:00,CUST0061,Chips,2
T1849,2024-06-16 08:40:00,CUST0061,Coffee,2
T1849,2024-06-16 08:40:00,CUST0061,Paper Towels,2
T1849,2024-06-16 08:40:00,CUST0061,Bottled Water,2
T1849,2024-06-16 08:40:00,,Bananas,2
T1850,2024-01-21 14:53:00,CUST0131,Baby Wipes,2
T1850,2024-01-21 14:53:00,CUST0131,Toothpaste,2
T1850,2024-01-21 14:53:00,CUST0131,Fish Fillet,2
T1850,2024-01-21 14:53:00,CUST0131,Coffee,2
T1850,2024-01-21 14:53:00,CUST0131,Flour,2
T1850,2024-01-21 14:53:00,CUST0131,Eggs,2
T1850,2024-01-21 14:53:00,CUST0131,  chicken breast ,2
T1850,2024-01-21 14:53:00,CUST0131,Diapers,2
T1850,2024-01-21 14:53:00,CUST0131,Onions,2
T1850,2024-01-21 14:53:00,CUST0131,Wine,2
T1850,2024-01-21 14:53:00,CUST0131,Bottled Water,2
T1851,2024-02-23 21:49:00,CUST0144,Peanut Butter,2
T1851,2024-02-23 21:49:00,CUST0144,Tomatoes,2
T1851,2024-02-23 21:49:00,CUST0144,Oats,2
T1851,2024-02-23 21:49:00,CUST0144,Detergent,2
T1851,2024-02-23 21:49:00,CUST0144,  chips ,2
T1851,2024-02-23 21:49:00,CUST0144,Frozen Vegetables,2
T1851,2024-02-23 21:49:00,CUST0144,Sausages,2
T1851,2024-02-23 21:49:00,CUST0144,Tissues,2
T1851,2024-02-23 21:49:00,CUST0144,Potatoes,2
T1852,2024-05-04 17:31:00,CUST0114,Cream,2
T1852,2024-05-04 17:31:00,CUST0114,Salt,2
T1852,2024-05-04 17:31:00,CUST0114,Coffee,2
T1852,2024-05-04 17:31:00,CUST0114,Cereal,2
T1852,2024-05-04 17:31:00,CUST0114,Bagels,2
T1853,2024-01-21 13:41:00,CUST0404,Peanut Butter,2
T1853,2024-01-21 13:41:00,CUST0404,Butter,2
T1853,2024-01-21 13:41:00,CUST0404,Toothpaste,2
T1853,2024-01-21 13:41:00,CUST0404,Tomatoes,2
T1853,2024-01-21 13:41:00,CUST0404,Detergent,2
T1853,2024-01-21 13:41:00,CUST0404,Toilet Paper,2
T1853,2024-01-21 13:41:00,CUST0404,Coffee,2
T1853,,CUST0404,Sugar,2
T1853,2024-01-21 13:41:00,CUST0404,Paper Towels,2
T1853,2024-01-21 13:41:00,CUST0404,Honey,2
T1853,2024-01-21 13:41:00,CUST0404,Potatoes,2
T1854,2024-08-21 21:57:00,CUST0130,Cooking Oil,2
T1854,2024-08-21 21:57:00,CUST0130,Muffins,2
T1854,2024-08-21 21:57:00,CUST0130,Sausages,2
T1854,2024-08-21 21:57:00,,Beer,2
T1854,2024-08-21 21:57:00,CUST0130,Soap,2
T1854,2024-08-21 21:57:00,CUST0130,Apples,2
T1854,2024-08-21 21:57:00,CUST0130,Honey,2
T1854,2024-08-21 21:57:00,CUST0130,Cookies,2
T1855,2024-05-14 20:50:00,CUST0083,Baby Wipes,2
T1855,2024-05-14 20:50:00,CUST0083,Baby Food,2
T1855,2024-05-14 20:50:00,CUST0083,Cheese,2
T1855,2024-05-14 20:50:00,CUST0083,  tomatoes ,2
T1855,2024-05-14 20:50:00,CUST0083,Rice,2
T1855,2024-05-14 20:50:00,CUST0083,Onions,2
T1856,2024-06-05 09:58:00,CUST0370,Oats,2
T1856,2024-06-05 09:58:00,CUST0370,Croissant,2
T1856,2024-06-05 09:58:00,CUST0370,Salt,2
T1856,2024-06-05 09:58:00,CUST0370,Cooking Oil,2
T1856,2024-06-05 09:58:00,CUST0370,Frozen Vegetables,2
T1856,2024-06-05 09:58:00,CUST0370,Chocolate,2
T1856,2024-06-05 09:58:00,CUST0370,Onions,2
T1857,2024-03-27 13:01:00,CUST0058,Salsa,2
T1857,2024-03-27 13:01:00,CUST0058,Lemons,2
T1857,2024-03-27 13:01:00,CUST0058,Frozen Pizza,2
T1857,2024-03-27 13:01:00,CUST0058,Detergent,2
T1857,2024-03-27 13:01:00,CUST0058,Sugar,2
T1857,2024-03-27 13:01:00,CUST0058,Pasta Sauce,2
T1857,2024-03-27 13:01:00,CUST0058,Diapers,2
T1857,2024-03-27 13:01:00,CUST0058,Flour,2
T1858,2024-07-22 10:58:00,CUST0198,Salsa,2
T1858,2024-07-22 10:58:00,CUST0198,Lemons,2
T1858,2024-07-22 10:58:00,CUST0198,Soda,2
T1858,2024-07-22 10:58:00,CUST0198,Oats,2
T1858,2024-07-22 10:58:00,CUST0198,Toilet Paper,2
T1858,2024-07-22 10:58:00,CUST0198,Chocolate,2
T1858,2024-07-22 10:58:00,CUST0198,Eggs,2
T1858,2024-07-22 10:58:00,CUST0198,Flour,2
T1858,2024-07-22 10:58:00,CUST0198,Shampoo,2
T1858,2024-07-22 10:58:00,CUST0198,  honey ,2
T1859,2024-01-21 11:35:00,CUST0080,Cream,2
T1859,2024-01-21 11:35:00,CUST0080,Rice,2
T1859,2024-01-21 11:35:00,CUST0080,Tomatoes,2
T1860,2024-04-20 10:00:00,CUST0152,Butter,2
T1860,2024-04-20 10:00:00,CUST0152,Bread,2
T1860,2024-04-20 10:00:00,CUST0152,Coffee,2
T1860,2024-04-20 10:00:00,CUST0152,Sugar,2
T1860,2024-04-20 10:00:00,CUST0152,Diapers,2
T1861,2024-05-14 14:23:00,CUST0187,Lemons,2
T1861,2024-05-14 14:23:00,CUST0187,Butter,2
T1861,2024-05-14 14:23:00,CUST0187,Detergent,2
T1861,2024-05-14 14:23:00,CUST0187,Trash Bags,2
T1861,2024-05-14 14:23:00,CUST0187,Soap,2
T1861,2024-05-14 14:23:00,CUST0187,Popcorn,2
T1861,2024-05-14 14:23:00,CUST0187,Shampoo,2
T1861,2024-05-14 14:23:00,CUST0187,Cookies,2
T1862,2024-04-24 15:17:00,CUST0295,Peanut Butter,2
T1862,2024-04-24 15:17:00,CUST0295,Tea,2
T1862,2024-04-24 15:17:00,CUST0295,Onions,2
T1862,2024-04-24 15:17:00,,Milk,2
T1862,2024-04-24 15:17:00,CUST0295,Soda,2
T1862,2024-04-24 15:17:00,CUST0295,Energy Drink,2
T1862,2024-04-24 15:17:00,CUST0295,Chips,2
T1862,2024-04-24 15:17:00,CUST0295,Pasta Sauce,2
T1862,2024-04-24 15:17:00,CUST0295,Cereal,2
T1862,2024-04-24 15:17:00,CUST0295,Wine,2
T1862,2024-04-24 15:17:00,CUST0295,Honey,2
T1863,2024-01-30 13:30:00,CUST0362,Frozen Pizza,2
T1863,2024-01-30 13:30:00,CUST0362,Beer,2
T1863,2024-01-30 13:30:00,CUST0362,Chips,2
T1864,2024-06-04 13:14:00,CUST0292,Frozen Pizza,2
T1864,2024-06-04 13:14:00,CUST0292,Baby Food,2
T1864,2024-06-04 13:14:00,CUST0292,Pasta,2
T1864,2024-06-04 13:14:00,CUST0292,Tomatoes,2
T1864,2024-06-04 13:14:00,CUST0292,Avocado,2
T1864,2024-06-04 13:14:00,CUST0292,Toilet Paper,2
T1864,2024-06-04 13:14:00,CUST0292,Muffins,2
T1864,2024-06-04 13:14:00,CUST0292,Onions,2
T1864,2024-06-04 13:14:00,CUST0292,Tissues,2
T1864,2024-06-04 13:14:00,CUST0292,Apples,2
T1864,2024-06-04 13:14:00,CUST0292,Orange Juice,2
T1865,2024-01-16 18:59:00,CUST0254,Lettuce,2
T1865,2024-01-16 18:59:00,CUST0254,Cheese,2
T1865,2024-01-16 18:59:00,CUST0254,Energy Drink,2
T1865,2024-01-16 18:59:00,CUST0254,Cream,2
T1865,2024-01-16 18:59:00,CUST0254,Salt,2
T1865,2024-01-16 18:59:00,CUST0254,Coffee,2
T1865,2024-01-16 18:59:00,CUST0254,Chocolate,2
T1865,2024-01-16 18:59:00,CUST0254,Eggs,2
T1865,2024-01-16 18:59:00,CUST0254,Popcorn,2
T1865,2024-01-16 18:59:00,CUST0254,Soap,2
T1865,2024-01-16 18:59:00,CUST0254,Toothpaste,2
T1866,2024-03-31 19:27:00,CUST0130,Flour,2
T1866,2024-03-31 19:27:00,CUST0130,Pasta Sauce,2
T1866,2024-03-31 19:27:00,CUST0130,Cereal,2
T1866,2024-03-31 19:27:00,CUST0130,Wine,2
T1866,2024-03-31 19:27:00,CUST0130,Pasta,2
T1866,2024-03-31 19:27:00,CUST0130,Orange Juice,2
T1866,2024-03-31 19:27:00,CUST0130,Honey,2
T1866,2024-03-31 19:27:00,CUST0130,Cookies,2
T1867,,CUST0011,Baby Wipes,2
T1867,2024-02-18 16:16:00,CUST0011,Diapers,2
T1867,2024-02-18 16:16:00,CUST0011,Baby Food,2
T1868,2024-04-06 18:39:00,CUST0256,Bread,2
T1868,2024-04-06 18:39:00,CUST0256,Cream,2
T1868,2024-04-06 18:39:00,CUST0256,Detergent,2
T1868,2024-04-06 18:39:00,CUST0256,Trash Bags,2
T1868,2024-04-06 18:39:00,CUST0256,Rice,2
T1868,2024-04-06 18:39:00,CUST0256,Muffins,2
T1868,2024-04-06 18:39:00,CUST0256,Dish Soap,2
T1868,2024-04-06 18:39:00,CUST0256,Eggs,2
T1868,2024-04-06 18:39:00,CUST0256,Bagels,2
T1868,2024-04-06 18:39:00,CUST0256,Pasta,2
T1869,2024-03-31 16:09:00,CUST0417,Dish Soap,2
T1869,2024-03-31 16:09:00,CUST0417,Chocolate,2
T1869,2024-03-31 16:09:00,CUST0417,Chips,2
T1869,2024-03-31 16:09:00,CUST0417,Soda,2
T1870,2024-03-26 09:31:00,CUST0099,Peanut Butter,2
T1870,2024-03-26 09:31:00,CUST0099,Frozen Pizza,2
T1870,2024-03-26 09:31:00,,Bread,2
T1870,2024-03-26 09:31:00,CUST0099,Sausages,2
T1870,2024-03-26 09:31:00,CUST0099,Sugar,2
T1870,2024-03-26 09:31:00,CUST0099,Cookies,2
T1871,2024-07-06 10:15:00,CUST0419,Cream,2
T1871,2024-07-06 10:15:00,CUST0419,Chips,2
T1871,2024-07-06 10:15:00,CUST0419,Soda,2
T1872,2024-09-02 20:53:00,CUST0338,Rice,2
T1872,2024-09-02 20:53:00,CUST0338,Chicken Breast,2
T1873,2024-04-11 12:40:00,CUST0219,Salsa,2
T1873,2024-04-11 12:40:00,CUST0219,Toilet Paper,2
T1873,2024-04-11 12:40:00,CUST0219,Rice,2
T1873,2024-04-11 12:40:00,CUST0219,Ice Cream,2
T1873,2024-04-11 12:40:00,CUST0219,Bacon,2
T1873,2024-04-11 12:40:00,CUST0219,Paper Towels,2
T1873,2024-04-11 12:40:00,CUST0219,Orange Juice,2
T1874,2024-01-22 11:05:00,CUST0158,Ground Beef,2
T1874,2024-01-22 11:05:00,CUST0158,Trash Bags,2
T1874,2024-01-22 11:05:00,CUST0158,Frozen Vegetables,2
T1874,2024-01-22 11:05:00,CUST0158,Ice Cream,2
T1874,2024-01-22 11:05:00,CUST0158,Bacon,2
T1874,2024-01-22 11:05:00,CUST0158,Yogurt,2
T1874,2024-01-22 11:05:00,CUST0158,Pasta,2
T1875,2024-08-10 19:32:00,CUST0269,Lettuce,2
T1875,2024-08-10 19:32:00,CUST0269,Cheese,2
T1875,2024-08-10 19:32:00,CUST0269,Tomatoes,2
T1875,2024-08-10 19:32:00,,Avocado,2
T1875,2024-08-10 19:32:00,CUST0269,Chocolate,2
T1875,2024-08-10 19:32:00,CUST0269,Ice Cream,2
T1875,2024-08-10 19:32:00,CUST0269,Bagels,2
T1876,2024-09-10 11:36:00,CUST0328,Toothpaste,2
T1876,2024-09-10 11:36:00,CUST0328,Chicken Breast,2
T1876,2024-09-10 11:36:00,CUST0328,Pasta Sauce,2
T1876,2024-09-10 11:36:00,CUST0328,Onions,2
T1877,2024-07-18 21:14:00,CUST0191,Milk,2
T1877,2024-07-18 21:14:00,CUST0191,Bread,2
T1877,2024-07-18 21:14:00,CUST0191,Energy Drink,2
T1877,,CUST0191,Chips,2
T1877,2024-07-18 21:14:00,CUST0191,Cooking Oil,2
T1878,2024-07-31 21:26:00,CUST0194,Milk,2
T1878,2024-07-31 21:26:00,CUST0194,Ground Beef,2
T1878,2024-07-31 21:26:00,,Eggs,2
T1878,2024-07-31 21:26:00,CUST0194,  beer ,2
T1878,2024-07-31 21:26:00,CUST0194,Diapers,2
T1878,2024-07-31 21:26:00,CUST0194,Soap,2
T1879,2024-06-16 10:47:00,CUST0132,Tea,2
T1879,2024-06-16 10:47:00,CUST0132,Butter,2
T1879,2024-06-16 10:47:00,CUST0132,Lettuce,2
T1879,2024-06-16 10:47:00,CUST0132,  baby food ,2
T1879,2024-06-16 10:47:00,CUST0132,Tomatoes,2
T1879,2024-06-16 10:47:00,CUST0132,Frozen Pizza,2
T1879,2024-06-16 10:47:00,CUST0132,Energy Drink,2
T1879,2024-06-16 10:47:00,CUST0132,Toilet Paper,2
T1879,2024-06-16 10:47:00,CUST0132,Jam,2
T1879,2024-06-16 10:47:00,CUST0132,Bagels,2
T1880,2034-09-09 11:08:00,CUST0266,Ground Beef,2
T1880,2024-09-11 11:08:00,CUST0266,Chips,2
T1880,2024-09-11 11:08:00,CUST0266,Eggs,2
T1880,2024-09-11 11:08:00,CUST0266,Bacon,2
T1880,2024-09-11 11:08:00,CUST0266,Pasta Sauce,2
T1880,2024-09-11 11:08:00,CUST0266,Onions,2
T1881,2024-06-11 08:36:00,CUST0008,Salsa,2
T1881,2024-06-11 08:36:00,CUST0008,Butter,2
T1881,2024-06-11 08:36:00,CUST0008,Pasta,2
T1881,2024-06-11 08:36:00,CUST0008,  soda ,2
T1881,2024-06-11 08:36:00,CUST0008,Chips,2
T1881,2024-06-11 08:36:00,CUST0008,Pasta Sauce,2
T1881,2024-06-11 08:36:00,CUST0008,Diapers,2
T1881,2024-06-11 08:36:00,CUST0008,Popcorn,2
T1881,2024-06-11 08:36:00,CUST0008,Shampoo,2
T1882,2024-04-25 10:40:00,CUST0100,Baby Food,2
T1882,2024-04-25 10:40:00,CUST0100,Milk,2
T1882,2024-04-25 10:40:00,CUST0100,Coffee,2
T1882,2024-04-25 10:40:00,CUST0100,Sugar,2
T1882,2024-04-25 10:40:00,CUST0100,Diapers,2
T1882,2024-04-25 10:40:00,CUST0100,Cereal,2
T1883,2024-07-28 16:34:00,CUST0009,Lettuce,2
T1883,2024-07-28 16:34:00,CUST0009,Soda,2
T1883,2024-07-28 16:34:00,CUST0009,Energy Drink,2
T1883,2024-07-28 16:34:00,CUST0009,Cream,2
T1883,2024-07-28 16:34:00,CUST0009,Bacon,2
T1883,2024-07-28 16:34:00,CUST0009,Yogurt,2
T1883,2024-07-28 16:34:00,CUST0009,Jam,2
T1883,2024-07-28 16:34:00,CUST0009,Pasta Sauce,2
T1883,2024-07-28 16:34:00,CUST0009,Bagels,2
T1884,2024-01-30 21:24:00,CUST0394,Baby Wipes,2
T1884,2024-01-30 21:24:00,CUST0394,Bagels,2
T1884,2024-01-30 21:24:00,CUST0394,Diapers,2
T1884,2024-01-30 21:24:00,,Baby Food,2
T1885,2024-03-19 15:34:00,CUST0185,Frozen Pizza,2
T1885,2024-03-19 15:34:00,CUST0185,Baby Wipes,2
T1885,2024-03-19 15:34:00,CUST0185,Baby Food,2
T1885,2024-03-19 15:34:00,CUST0185,Avocado,2
T1885,2024-03-19 15:34:00,CUST0185,Trash Bags,2
T1885,2024-03-19 15:34:00,CUST0185,Chips,2
T1885,2024-03-19 15:34:00,CUST0185,Ice Cream,2
T1885,2024-03-19 15:34:00,CUST0185,Bacon,2
T1885,2024-03-19 15:34:00,CUST0185,Sugar,2
T1885,2024-03-19 15:34:00,CUST0185,Diapers,2
T1885,2024-03-19 15:34:00,CUST0185,Potatoes,2
T1886,2024-04-26 14:08:00,CUST0321,Tea,2
T1886,2024-04-26 14:08:00,CUST0321,Soda,2
T1886,2024-04-26 14:08:00,CUST0321,Avocado,2
T1886,2024-04-26 14:08:00,CUST0321,Energy Drink,2
T1886,2024-04-26 14:08:00,CUST0321,Croissant,2
T1886,2024-04-26 14:08:00,CUST0321,Dish Soap,2
T1886,2024-04-26 14:08:00,CUST0321,Tissues,2
T1887,2024-04-15 11:13:00,CUST0365,Detergent,2
T1887,2024-04-15 11:13:00,CUST0365,Trash Bags,2
T1887,2024-04-15 11:13:00,CUST0365,Rice,2
T1887,2024-04-15 11:13:00,,Beer,2
T1887,2024-04-15 11:13:00,CUST0365,Diapers,2
T1887,2024-04-15 11:13:00,CUST0365,Pasta Sauce,2
T1887,2024-04-15 11:13:00,CUST0365,Flour,2
T1887,2024-04-15 11:13:00,CUST0365,Shampoo,2
T1887,2024-04-15 11:13:00,CUST0365,Orange Juice,2
T1888,2024-07-30 08:12:00,CUST0112,Peanut Butter,2
T1888,2024-07-30 08:12:00,CUST0112,Baby Food,2
T1888,2024-07-30 08:12:00,CUST0112,Pasta,2
T1888,2024-07-30 08:12:00,CUST0112,Soda,2
T1888,2024-07-30 08:12:00,CUST0112,Fish Fillet,2
T1888,2024-07-30 08:12:00,CUST0112,Toilet Paper,2
T1888,2024-07-30 08:12:00,CUST0112,Dish Soap,2
T1888,2024-07-30 08:12:00,CUST0112,Soap,2
T1888,2024-07-30 08:12:00, CUST0112 ,Wine,2
T1888,2024-07-30 08:12:00,CUST0112,Apples,2
T1889,2024-03-20 18:25:00,CUST0295,Lettuce,2
T1889,2024-03-20 18:25:00,CUST0295,Cookies,2
T1889,2024-03-20 18:25:00,CUST0295,Trash Bags,2
T1889,2024-03-20 18:25:00,CUST0295,Muffins,2
T1889,2024-03-20 18:25:00,CUST0295,Chocolate,2
T1889,2024-03-20 18:25:00,CUST0295,Chicken Breast,2
T1889,2024-03-20 18:25:00,CUST0295,Diapers,2
T1889,2024-03-20 18:25:00,CUST0295,Bananas,2
T1890,2024-01-19 18:06:00,,Frozen Pizza,2
T1890,2024-01-19 18:06:00,CUST0403,Diapers,2
T1890,2024-01-19 18:06:00,CUST0403,Chips,2
T1890,2024-01-19 18:06:00,CUST0403,Soda,2
T1891,2024-06-18 21:05:00,CUST0161,Bagels,2
T1891,2024-06-18 21:05:00,CUST0161,Cheese,2
T1892,2024-03-22 10:10:00,CUST0213,Soda,2
T1892,2024-03-22 10:10:00,CUST0213,Cream,2
T1892,2024-03-22 10:10:00,CUST0213,Chips,2
T1892,2024-03-22 10:10:00,CUST0213,Chicken Breast,2
T1892,2024-03-22 10:10:00,CUST0213,Flour,2
T1892,2024-03-22 10:10:00,CUST0213,Chocolate,2
T1892,2024-03-22 10:10:00,CUST0213,Sausages,2
T1892,2024-03-22 10:10:00,CUST0213,Onions,2
T1892,2024-03-22 10:10:00,CUST0213,Wine,2
T1893,2024-08-30 14:30:00,CUST0088,Butter,2
T1893,2024-08-30 14:30:00,CUST0088,Lettuce,2
T1893,2024-08-30 14:30:00,CUST0088,Soda,2
T1893,2024-08-30 14:30:00,CUST0088,Ground Beef,2
T1893,2024-08-30 14:30:00,CUST0088,Energy Drink,2
T1893,2024-08-30 14:30:00,CUST0088,Chips,2
T1893,2024-08-30 14:30:00,CUST0088,Diapers,2
T1893,2024-08-30 14:30:00,CUST0088,Wine,2
T1893,2024-08-30 14:30:00,,Honey,2
T1894,,CUST0190,Bacon,2
T1894,2024-06-25 13:05:00,CUST0190,Eggs,2
T1894,2024-06-25 13:05:00,CUST0190,Chocolate,2
T1895,2024-04-10 18:20:00,CUST0150,Fish Fillet,2
T1895,2024-04-10 18:20:00,CUST0150,Bottled Water,2
T1895,2024-04-10 18:20:00,CUST0150,Toilet Paper,2
T1895,2024-04-10 18:20:00,CUST0150,Jam,2
T1896,2024-03-26 08:41:00,CUST0123,Frozen Pizza,2
T1896,2024-03-26 08:41:00,CUST0123,Avocado,2
T1896,2024-03-26 08:41:00,CUST0123,Ground Beef,2
T1896,2024-03-26 08:41:00,CUST0123,Detergent,2
T1896,2024-03-26 08:41:00,CUST0123,Chips,2
T1896,2024-03-26 08:41:00,CUST0123,Chicken Breast,2
T1896,2024-03-26 08:41:00,CUST0123,Muffins,2
T1896,2024-03-26 08:41:00,CUST0123,Pasta Sauce,2
T1896,2024-03-26 08:41:00,CUST0123,  popcorn ,2
T1896,2024-03-26 08:41:00,CUST0123,Toothpaste,2
T1896,2024-03-26 08:41:00,CUST0123,Pasta,2
T1897,2024-04-12 15:24:00,CUST0199,Tea,2
T1897,2024-04-12 15:24:00,CUST0199,Milk,2
T1897,2024-04-12 15:24:00,CUST0199,Croissant,2
T1897,2024-04-12 15:24:00,CUST0199,Chips,2
T1897,2024-04-12 15:24:00,CUST0199,Cooking Oil,2
T1897,2024-04-12 15:24:00,CUST0199,Coffee,2
T1897,2024-04-12 15:24:00,CUST0199,Sugar,2
T1897,2024-04-12 15:24:00,CUST0199,Cereal,2
T1897,2024-04-12 15:24:00,CUST0199,Bagels,2
T1898,2024-05-13 16:12:00,CUST0251,Detergent,2
T1898,2024-05-13 16:12:00,CUST0251,Cooking Oil,2
T1898,2024-05-13 16:12:00,CUST0251,Soap,2
T1898,2024-05-13 16:12:00,CUST0251,Paper Towels,2
T1898,2024-05-13 16:12:00,CUST0251,Toothbrush,2
T1899,2024-02-24 11:04:00,CUST0091,Croissant,2
T1899,2024-02-24 11:04:00,CUST0091,Jam,2
T1899,2024-02-24 11:04:00,CUST0091,Pasta Sauce,2
T1900,2024-02-06 10:37:00,CUST0321,Bagels,2
T1900,2024-02-06 10:37:00,CUST0321,Diapers,2
T1900,2024-02-06 10:37:00,CUST0321,Flour,2
T1901,2024-02-16 08:27:00,CUST0406,Diapers,2
T1901,2024-02-16 08:27:00,CUST0406,Baby Food,2
T1901,2024-02-16 08:27:00,CUST0406,Chips,2
T1901,2024-02-16 08:27:00,,Bananas,2
T1902,2024-09-10 17:45:00,CUST0096,Milk,2
T1902,2024-09-10 17:45:00,CUST0096,Bread,2
T1902,2024-09-10 17:45:00,CUST0096,Soda,2
T1902,2024-09-10 17:45:00,CUST0096,Chips,2
T1902,2024-09-10 17:45:00,CUST0096,Eggs,2
T1903,2024-02-08 11:11:00,CUST0165,Salsa,2
T1903,2024-02-08 11:11:00,CUST0165,Lemons,2
T1903,2024-02-08 11:11:00,CUST0165,Bread,2
T1903,2024-02-08 11:11:00,CUST0165,Soda,2
T1903,2024-02-08 11:11:00,CUST0165,Cream,2
T1903,2024-02-08 11:11:00,CUST0165,Coffee,2
T1903,2024-02-08 11:11:00,CUST0165,Chocolate,2
T1903,2024-02-08 11:11:00,CUST0165,Popcorn,2
T1903,2024-02-08 11:11:00,CUST0165,Cereal,2
T1903,2024-02-08 11:11:00, CUST0165 ,Bagels,2
T1904,2024-05-03 16:00:00,CUST0336,Salsa,2
T1904,2024-05-03 16:00:00,CUST0336,Baby Wipes,2
T1904,2024-05-03 16:00:00,CUST0336,Avocado,2
T1904,2024-05-03 16:00:00,CUST0336,Diapers,2
T1904,2024-05-03 16:00:00,CUST0336,Toothbrush,2
T1905,2024-02-15 13:37:00,CUST0395,Cereal,2
T1905,2024-02-15 13:37:00,CUST0395,Tea,2
T1905,2024-02-15 13:37:00,CUST0395,Baby Food,2
T1905,2024-02-15 13:37:00,CUST0395,Tomatoes,2
T1905,2024-02-15 13:37:00,CUST0395,Cooking Oil,2
T1905,2024-02-15 13:37:00,CUST0395,Sugar,2
T1905,2024-02-15 13:37:00,CUST0395,Onions,2
T1905,2024-02-15 13:37:00,CUST0395,  bagels ,2
T1906,2024-03-28 08:44:00,CUST0181,Frozen Pizza,2
T1906,2024-03-28 08:44:00,CUST0181,Dish Soap,2
T1906,2024-03-28 08:44:00,CUST0181,Cooking Oil,2
T1906,2024-03-28 08:44:00,CUST0181,Frozen Vegetables,2
T1906,2024-03-28 08:44:00,CUST0181,Eggs,2
T1906,2024-03-28 08:44:00,CUST0181,Pasta Sauce,2
T1906,2024-03-28 08:44:00,CUST0181,Popcorn,2
T1906,,CUST0181,Onions,2
T1906,2024-03-28 08:44:00,CUST0181,Fish Fillet,2
T1907,2024-03-12 20:20:00,CUST0196,Lettuce,2
T1907,2024-03-12 20:20:00,CUST0196,Baby Food,2
T1907,2024-03-12 20:20:00,CUST0196,Tomatoes,2
T1907,2024-03-12 20:20:00,CUST0196,Soda,2
T1907,2024-03-12 20:20:00,CUST0196,Trash Bags,2
T1907,2024-03-12 20:20:00,CUST0196,Beer,2
T1907,2024-03-12 20:20:00,CUST0196,Toothpaste,2
T1907,2024-03-12 20:20:00,CUST0196,Bottled Water,2
T1908,2024-01-12 15:25:00,CUST0082,Ground Beef,2
T1908,2024-01-12 15:25:00,CUST0082,Chicken Breast,2
T1908,2024-01-12 15:25:00,CUST0082,Beer,2
T1908,2024-01-12 15:25:00,CUST0082,Diapers,2
T1908,2024-01-12 15:25:00,CUST0082,Pasta Sauce,2
T1908,2024-01-12 15:25:00,CUST0082,Onions,2
T1908,2024-01-12 15:25:00,CUST0082,Bottled Water,2
T1908,2024-01-12 15:25:00,CUST0082,Apples,2
T1908,2024-01-12 15:25:00,CUST0082,Bananas,2
T1909,2024-09-01 17:18:00,CUST0073,Peanut Butter,2
T1909,2024-09-01 17:18:00,CUST0073,Frozen Pizza,2
T1909,2024-09-01 17:18:00,CUST0073,Baby Wipes,2
T1909,2024-09-01 17:18:00,CUST0073,Baby Food,2
T1909,2024-09-01 17:18:00,CUST0073,  energy drink ,2
T1909,2024-09-01 17:18:00,CUST0073,Cream,2
T1909,2024-09-01 17:18:00,CUST0073,Salt,2
T1909,2024-09-01 17:18:00,CUST0073,Frozen Vegetables,2
T1909,2024-09-01 17:18:00,CUST0073,Yogurt,2
T1909,2024-09-01 17:18:00,CUST0073,Diapers,2
T1909,2024-09-01 17:18:00,CUST0073,Tissues,2
T1910,2024-06-06 18:10:00,CUST0174,Shampoo,2
T1910,2024-06-06 18:10:00,CUST0174,Soap,2
T1911,2024-08-01 11:13:00,CUST0168,Tea,2
T1911,2024-08-01 11:13:00,CUST0168,Frozen Pizza,2
T1911,2024-08-01 11:13:00,CUST0168,Cream,2
T1911,2024-08-01 11:13:00,CUST0168,Dish Soap,2
T1911,2024-08-01 11:13:00,CUST0168,Onions,2
T1911,2024-08-01 11:13:00,CUST0168,Wine,2
T1912,2024-06-09 16:56:00,CUST0049,Onions,2
T1912,2024-06-09 16:56:00,CUST0049,Tea,2
T1912,2024-06-09 16:56:00,CUST0049,Baby Wipes,2
T1912,2024-06-09 16:56:00,CUST0049,  lettuce ,2
T1912,2024-06-09 16:56:00,CUST0049,Frozen Pizza,2
T1912,2024-06-09 16:56:00,CUST0049,Chips,2
T1912,2024-06-09 16:56:00,CUST0049,Cooking Oil,2
T1912,2024-06-09 16:56:00,CUST0049,Rice,2
T1912,2024-06-09 16:56:00,CUST0049,Popcorn,2
T1912,2024-06-09 16:56:00,CUST0049,Wine,2
T1912,2024-06-09 16:56:00,CUST0049,Potatoes,2
T1913,2024-01-31 15:15:00,CUST0115,Baby Food,2
T1913,2024-01-31 15:15:00,CUST0115,Soda,2
T1913,2024-01-31 15:15:00,CUST0115,Ground Beef,2
T1913,2024-01-31 15:15:00,CUST0115,Cream,2
T1913,2024-01-31 15:15:00,CUST0115,Trash Bags,2
T1913,2024-01-31 15:15:00,CUST0115,Chicken Breast,2
T1913,2024-01-31 15:15:00,CUST0115,Beer,2
T1913,2024-01-31 15:15:00,CUST0115,Diapers,2
T1913,2024-01-31 15:15:00,CUST0115,Popcorn,2
T1914,2024-02-01 19:56:00,CUST0100,  salsa ,2
T1914,2024-02-01 19:56:00,CUST0100,Cereal,2
T1914,2024-02-01 19:56:00,CUST0100,Milk,2
T1914,2024-02-01 19:56:00,CUST0100,Cooking Oil,2
T1914,2024-02-01 19:56:00,CUST0100,Coffee,2
T1914,2024-02-01 19:56:00,CUST0100,Popcorn,2
T1914,2024-02-01 19:56:00,CUST0100,Onions,2
T1915,2024-02-10 13:29:00,CUST0398,Lemons,2
T1915,2024-02-10 13:29:00,CUST0398,Soda,2
T1915,2024-02-10 13:29:00,CUST0398,Bagels,2
T1915,2024-02-10 13:29:00,,Sausages,2
T1915,2024-02-10 13:29:00,CUST0398,Toothpaste,2
T1915,2024-02-10 13:29:00,CUST0398,Fish Fillet,2
T1915,2024-02-10 13:29:00,CUST0398,Bananas,2
T1916,2024-01-09 09:03:00,CUST0168,Salsa,2
T1916,2024-01-09 09:03:00,CUST0168,Tea,2
T1916,2024-01-09 09:03:00,CUST0168,Baby Wipes,2
T1916,2024-01-09 09:03:00,CUST0168,Ground Beef,2
T1916,2034-01-06 09:03:00,CUST0168,Energy Drink,2
T1916,2024-01-09 09:03:00,CUST0168,Chips,2
T1916,2024-01-09 09:03:00,CUST0168,Bacon,2
T1916,2024-01-09 09:03:00,CUST0168,Beer,2
T1916,2024-01-09 09:03:00,CUST0168,Bananas,2
T1917,2024-06-14 17:48:00,CUST0292,Milk,2
T1917,2024-06-14 17:48:00,CUST0292,Toilet Paper,2
T1917,2024-06-14 17:48:00,CUST0292,Rice,2
T1917,2024-06-14 17:48:00,CUST0292,Cooking Oil,2
T1917,2024-06-14 17:48:00,CUST0292,Chocolate,2
T1917,2024-06-14 17:48:00,CUST0292,Diapers,2
T1917,2024-06-14 17:48:00,CUST0292,Onions,2
T1918,2024-07-01 13:05:00,CUST0212,Peanut Butter,2
T1918,2024-07-01 13:05:00,CUST0212,Tea,2
T1918,2024-07-01 13:05:00,CUST0212,Energy Drink,2
T1918,2024-07-01 13:05:00,CUST0212,Cream,2
T1918,2024-07-01 13:05:00,CUST0212,Oats,2
T1918,2024-07-01 13:05:00,,Frozen Vegetables,2
T1918,2024-07-01 13:05:00,CUST0212,Yogurt,2
T1918,2024-07-01 13:05:00,CUST0212,Bottled Water,2
T1918,2024-07-01 13:05:00,CUST0212,Orange Juice,2
T1918,2024-07-01 13:05:00,CUST0212,Potatoes,2
T1919,2024-09-25 14:41:00,CUST0405,  pasta ,2
T1919,2024-09-25 14:41:00,CUST0405,Pasta Sauce,2
T1920,2024-04-25 15:02:00,CUST0022,Lemons,2
T1920,2024-04-25 15:02:00,CUST0022,Cheese,2
T1920,2024-04-25 15:02:00,CUST0022,Energy Drink,2
T1920,2024-04-25 15:02:00,CUST0022,Muffins,2
T1920,2024-04-25 15:02:00,CUST0022,Yogurt,2
T1920,2024-04-25 15:02:00,CUST0022,Jam,2
T1920,2024-04-25 15:02:00,CUST0022,Diapers,2
T1920,2024-04-25 15:02:00,CUST0022,Onions,2
T1920,2024-04-25 15:02:00,CUST0022,Potatoes,2
T1921,2024-07-31 16:04:00,CUST0021,Soda,2
T1921,2024-07-31 16:04:00,CUST0021,Croissant,2
T1921,2024-07-31 16:04:00, CUST0021 ,Toilet Paper,2
T1921,2024-07-31 16:04:00,CUST0021,Trash Bags,2
T1921,2024-07-31 16:04:00,CUST0021,Chips,2
T1921,2024-07-31 16:04:00,CUST0021,Rice,2
T1921,2024-07-31 16:04:00,CUST0021,Sausages,2
T1922,2024-01-04 18:47:00,CUST0319,Milk,2
T1922,2024-01-04 18:47:00,CUST0319,Bread,2
T1922,2024-01-04 18:47:00,CUST0319,Toilet Paper,2
T1922,2024-01-04 18:47:00,CUST0319,Dish Soap,2
T1922,2024-01-04 18:47:00,CUST0319,Chips,2
T1922,2024-01-04 18:47:00,CUST0319,Eggs,2
T1922,2024-01-04 18:47:00,CUST0319,Cereal,2
T1923,2024-05-13 14:07:00,CUST0334,Salsa,2
T1923,2024-05-13 14:07:00,CUST0334,Avocado,2
T1923,2024-05-13 14:07:00,CUST0334,Dish Soap,2
T1923,2024-05-13 14:07:00,CUST0334,Cooking Oil,2
T1924,2024-04-19 17:52:00,CUST0156,Salsa,2
T1924,2024-04-19 17:52:00,CUST0156,Peanut Butter,2
T1924,2024-04-19 17:52:00,CUST0156,Butter,2
T1924,2024-04-19 17:52:00,CUST0156,Bread,2
T1924,2024-04-19 17:52:00,CUST0156,Trash Bags,2
T1924,2024-04-19 17:52:00,CUST0156,Bananas,2
T1924,2024-04-19 17:52:00,CUST0156,Jam,2
T1924,2024-04-19 17:52:00,CUST0156,Fish Fillet,2
T1924,2024-04-19 17:52:00,CUST0156,Shampoo,2
T1924,2024-04-19 17:52:00,CUST0156,Cookies,2
T1925,2024-04-15 15:46:00,CUST0199,Apples,2
T1925,2024-04-15 15:46:00,CUST0199,Muffins,2
T1925,2024-04-15 15:46:00,CUST0199,Eggs,2
T1925,2024-04-15 15:46:00,CUST0199,Bagels,2
T1925,2024-04-15 15:46:00,CUST0199,Pasta,2
T1925,2024-04-15 15:46:00,CUST0199,Cookies,2
T1926,2024-01-16 17:03:00,CUST0006,Peanut Butter,2
T1926,,CUST0006,Eggs,2
T1926,2024-01-16 17:03:00,CUST0006,Beer,2
T1926,2024-01-16 17:03:00,CUST0006,Pasta Sauce,2
T1926,2024-01-16 17:03:00, CUST0006 ,Onions,2
T1927,2024-07-09 09:17:00,CUST0214,Tea,2
T1927,2024-07-09 09:17:00,CUST0214,Butter,2
T1927,2024-07-09 09:17:00,CUST0214,Bread,2
T1927,2024-07-09 09:17:00,CUST0214,Chips,2
T1927,2024-07-09 09:17:00,CUST0214,Honey,2
T1928,2024-08-21 21:56:00,CUST0297,Tea,2
T1928,,CUST0297,Croissant,2
T1928,2024-08-21 21:56:00,CUST0297,Coffee,2
T1928,2024-08-21 21:56:00,CUST0297,Chocolate,2
T1928,2024-08-21 21:56:00,CUST0297,Wine,2
T1928,2024-08-21 21:56:00,CUST0297,Bagels,2
T1928,2024-08-21 21:56:00,CUST0297,Orange Juice,2
T1928,2024-08-21 21:56:00,CUST0297,Bananas,2
T1929,2024-08-26 14:11:00,CUST0007,Butter,2
T1929,2024-08-26 14:11:00,CUST0007,Milk,2
T1929,2024-08-26 14:11:00,CUST0007,Bread,2
T1929,2024-08-26 14:11:00,CUST0007,Coffee,2
T1929,2024-08-26 14:11:00,CUST0007,Muffins,2
T1929,2024-08-26 14:11:00,CUST0007,Frozen Vegetables,2
T1929,2024-08-26 14:11:00,CUST0007,Sugar,2
T1929,2024-08-26 14:11:00,CUST0007,Paper Towels,2
T1930,2024-08-17 20:00:00,,Tomatoes,2
T1930,2024-08-17 20:00:00,CUST0333,Bread,2
T1930,2024-08-17 20:00:00,CUST0333,Muffins,2
T1930,2024-08-17 20:00:00,CUST0333,Chicken Breast,2
T1930,2024-08-17 20:00:00,CUST0333,Cooking Oil,2
T1930,2024-08-17 20:00:00,CUST0333,Popcorn,2
T1931,2024-07-09 19:35:00,CUST0277,Frozen Pizza,2
T1931,2024-07-09 19:35:00,CUST0277,Baby Wipes,2
T1931,2024-07-09 19:35:00,CUST0277,Cheese,2
T1931,2024-07-09 19:35:00,CUST0277,Energy Drink,2
T1931,2024-07-09 19:35:00,CUST0277,Oats,2
T1931,2024-07-09 19:35:00,,Detergent,2
T1931,2024-07-09 19:35:00,CUST0277,Dish Soap,2
T1931,2024-07-09 19:35:00,CUST0277,Bacon,2
T1931,2024-07-09 19:35:00,CUST0277,Onions,2
T1931,2024-07-09 19:35:00,CUST0277,Wine,2
T1931,2024-07-09 19:35:00,CUST0277,Tissues,2
T1932,2024-02-14 17:16:00,CUST0071,Soda,2
T1932,2024-02-14 17:16:00,CUST0071,Cream,2
T1932,2024-02-14 17:16:00,CUST0071,Detergent,2
T1932,2024-02-14 17:16:00,CUST0071,Dish Soap,2
T1932,2024-02-14 17:16:00,CUST0071,Frozen Vegetables,2
T1932,2024-02-14 17:16:00,CUST0071,Sausages,2
T1932,2024-02-14 17:16:00,CUST0071,Beer,2
T1932,2024-02-14 17:16:00,CUST0071,Sugar,2
T1932,2024-02-14 17:16:00,CUST0071,Soap,2
T1932,2024-02-14 17:16:00,CUST0071,  bagels ,2
T1932,2024-02-14 17:16:00,CUST0071,Shampoo,2
T1933,2024-03-15 17:21:00,CUST0277,Flour,2
T1933,2024-03-15 17:21:00,CUST0277,Butter,2
T1933,2024-03-15 17:21:00,CUST0277,Chicken Breast,2
T1933,2024-03-15 17:21:00,CUST0277,Onions,2
T1934,2024-03-25 19:14:00,CUST0351,Peanut Butter,2
T1934,2024-03-25 19:14:00,CUST0351,Baby Wipes,2
T1934,2024-03-25 19:14:00,CUST0351,Butter,2
T1934,2024-03-25 19:14:00,CUST0351,Bread,2
T1934,2024-03-25 19:14:00,CUST0351,Avocado,2
T1934,2024-03-25 19:14:00,CUST0351,Jam,2
T1934,2024-03-25 19:14:00,CUST0351,Diapers,2
T1934,2024-03-25 19:14:00,CUST0351,Bagels,2
T1935,2024-08-20 10:53:00,CUST0356,Peanut Butter,2
T1935,2024-08-20 10:53:00,CUST0356,Milk,2
T1935,2024-08-20 10:53:00,CUST0356,Tomatoes,2
T1935,2024-08-20 10:53:00,CUST0356,Toilet Paper,2
T1935,2024-08-20 10:53:00,CUST0356,Sugar,2
T1935,2024-08-20 10:53:00,CUST0356,Soap,2
T1935,2024-08-20 10:53:00,CUST0356,Cereal,2
T1935,2024-08-20 10:53:00,CUST0356,Shampoo,2
T1936,2024-04-07 08:01:00,CUST0016,Butter,2
T1936,2024-04-07 08:01:00,CUST0016,Bread,2
T1936,2024-04-07 08:01:00,CUST0016,Soda,2
T1936,2024-04-07 08:01:00,CUST0016,Chips,2
T1936,2024-04-07 08:01:00,CUST0016,Bacon,2
T1936,2024-04-07 08:01:00,CUST0016,Fish Fillet,2
T1936,2024-04-07 08:01:00,CUST0016,Honey,2
T1936,2024-04-07 08:01:00,CUST0016,Bananas,2
T1937,2024-03-01 14:22:00,CUST0339,Avocado,2
T1937,,CUST0339,Cream,2
T1937,,CUST0339,Chips,2
T1938,2024-01-17 15:20:00,CUST0180,Butter,2
T1938,2024-01-17 15:20:00,CUST0180,Ice Cream,2
T1938,,CUST0180,Eggs,2
T1938,2024-01-17 15:20:00,CUST0180,Bacon,2
T1938,2024-01-17 15:20:00,CUST0180,Fish Fillet,2
T1938,2024-01-17 15:20:00,CUST0180,Toothbrush,2
T1938,2024-01-17 15:20:00,CUST0180,Bananas,2
T1939,2024-02-17 09:15:00,CUST0371,Frozen Pizza,2
T1939,2024-02-17 09:15:00,CUST0371,Milk,2
T1939,2024-02-17 09:15:00,CUST0371,Oats,2
T1939,2024-02-17 09:15:00,CUST0371,Trash Bags,2
T1939,2024-02-17 09:15:00,CUST0371,Muffins,2
T1939,2024-02-17 09:15:00, CUST0371 ,Sugar,2
T1939,2024-02-17 09:15:00,CUST0371,Paper Towels,2
T1939,2024-02-17 09:15:00,CUST0371,Toothbrush,2
T1939,2024-02-17 09:15:00,CUST0371,Honey,2
T1940,,CUST0036,Milk,2
T1940,2024-01-15 16:28:00,CUST0036,Pasta,2
T1940,2024-01-15 16:28:00,CUST0036,Energy Drink,2
T1940,2024-01-15 16:28:00,CUST0036,Chips,2
T1940,2024-01-15 16:28:00,CUST0036,Rice,2
T1940,2024-01-15 16:28:00,CUST0036,  soap ,2
T1940,2024-01-15 16:28:00,CUST0036,Apples,2
T1940,2024-01-15 16:28:00,CUST0036,Bananas,2
T1941,,CUST0170,Frozen Pizza,2
T1941,2024-01-21 12:38:00,CUST0170,Baby Food,2
T1941,2024-01-21 12:38:00,CUST0170,Cheese,2
T1941,2024-01-21 12:38:00,CUST0170,Avocado,2
T1941,2024-01-21 12:38:00,CUST0170,  chips ,2
T1941,2024-01-21 12:38:00,CUST0170,Coffee,2
T1941,2024-01-21 12:38:00,CUST0170,Chocolate,2
T1941,2024-01-21 12:38:00,CUST0170,Sausages,2
T1942,2024-04-24 13:55:00,CUST0350,Frozen Pizza,2
T1942,2024-04-24 13:55:00,CUST0350,Butter,2
T1942,2024-04-24 13:55:00,CUST0350,Lettuce,2
T1942,2024-04-24 13:55:00,CUST0350,Bread,2
T1942,2024-04-24 13:55:00,CUST0350,Tomatoes,2
T1942,2024-04-24 13:55:00,CUST0350,Trash Bags,2
T1942,2024-04-24 13:55:00,CUST0350,Cooking Oil,2
T1942,2024-04-24 13:55:00,,Chocolate,2
T1942,2024-04-24 13:55:00,CUST0350,Paper Towels,2
T1943,2024-02-24 14:30:00,CUST0018,Salsa,2
T1943,2024-02-24 14:30:00,CUST0018,Soda,2
T1943,2024-02-24 14:30:00,CUST0018,Croissant,2
T1943,2024-02-24 14:30:00,CUST0018,Detergent,2
T1943,2024-02-24 14:30:00,CUST0018,Chips,2
T1943,2024-02-24 14:30:00,CUST0018,Muffins,2
T1943,2024-02-24 14:30:00,CUST0018,Frozen Vegetables,2
T1943,2024-02-24 14:30:00,CUST0018,Dish Soap,2
T1943,2024-02-24 14:30:00,CUST0018,Diapers,2
T1943,2024-02-24 14:30:00,CUST0018,Soap,2
T1943,2024-02-24 14:30:00,CUST0018,Tissues,2
T1944,2024-07-02 15:25:00,CUST0260,Lemons,2
T1944,2024-07-02 15:25:00,CUST0260,Detergent,2
T1944,2024-07-02 15:25:00,CUST0260,Dish Soap,2
T1945,2024-04-28 11:09:00,CUST0154,Lettuce,2
T1945,2024-04-28 11:09:00,CUST0154,Energy Drink,2
T1945,2024-04-28 11:09:00,CUST0154,Cream,2
T1945,2024-04-28 11:09:00,CUST0154,Chips,2
T1945,2024-04-28 11:09:00,CUST0154,Dish Soap,2
T1945,2024-04-28 11:09:00,CUST0154,Ice Cream,2
T1945,2024-04-28 11:09:00,CUST0154,Beer,2
T1945,2024-04-28 11:09:00,CUST0154,Soap,2
T1945,2024-04-28 11:09:00,CUST0154,Cookies,2
T1946,2024-09-18 20:00:00,CUST0058,Eggs,2
T1946,2024-09-18 20:00:00,CUST0058,Bacon,2
T1947,2024-04-19 11:42:00,CUST0244,Lettuce,2
T1947,2024-04-19 11:42:00,CUST0244,Sugar,2
T1947,2024-04-19 11:42:00, CUST0244 ,Pasta Sauce,2
T1947,2024-04-19 11:42:00,CUST0244,Coffee,2
T1948,2024-07-27 08:48:00,CUST0222,Tea,2
T1948,2024-07-27 08:48:00,CUST0222,Lettuce,2
T1948,2024-07-27 08:48:00,CUST0222,Soda,2
T1948,2024-07-27 08:48:00,CUST0222,Tomatoes,2
T1948,2024-07-27 08:48:00,CUST0222,Cream,2
T1948,2024-07-27 08:48:00,CUST0222,Detergent,2
T1948,2024-07-27 08:48:00,CUST0222,Chips,2
T1948,2024-07-27 08:48:00,,Ice Cream,2
T1948,2024-07-27 08:48:00,,Eggs,2
T1948,2024-07-27 08:48:00,CUST0222,Soap,2
T1949,2024-09-17 14:41:00,CUST0387,Tea,2
T1949,2024-09-17 14:41:00,,Baby Food,2
T1949,2024-09-17 14:41:00,CUST0387,Tomatoes,2
T1949,2024-09-17 14:41:00,CUST0387,Toilet Paper,2
T1949,2024-09-17 14:41:00,CUST0387,Dish Soap,2
T1949,2024-09-17 14:41:00,CUST0387,Muffins,2
T1949,2024-09-17 14:41:00,CUST0387,Popcorn,2
T1950,2024-06-23 12:53:00,CUST0275,Butter,2
T1950,2024-06-23 12:53:00,CUST0275,Soda,2
T1950,2024-06-23 12:53:00,CUST0275,Ground Beef,2
T1950,2024-06-23 12:53:00,CUST0275,Cream,2
T1950,2024-06-23 12:53:00,CUST0275,Toilet Paper,2
T1950,2024-06-23 12:53:00,CUST0275,Chips,2
T1950,2024-06-23 12:53:00,CUST0275,Dish Soap,2
T1950,2024-06-23 12:53:00,CUST0275,Cereal,2
T1951,2024-04-26 13:59:00,CUST0166,Frozen Pizza,2
T1951,2024-04-26 13:59:00,,Avocado,2
T1951,2024-04-26 13:59:00,CUST0166,Oats,2
T1951,2024-04-26 13:59:00,CUST0166,Cream,2
T1951,2024-04-26 13:59:00,CUST0166,Chips,2
T1951,2024-04-26 13:59:00,CUST0166,Chicken Breast,2
T1951,2024-04-26 13:59:00,CUST0166,Bacon,2
T1951,2024-04-26 13:59:00,CUST0166,Flour,2
T1951,2024-04-26 13:59:00,CUST0166,Wine,2
T1951,2024-04-26 13:59:00,CUST0166,Orange Juice,2
T1951,2024-04-26 13:59:00,CUST0166,Honey,2
T1952,2024-03-12 20:49:00,CUST0353,Soda,2
T1952,2024-03-12 20:49:00,CUST0353,Chips,2
T1952,2024-03-12 20:49:00,CUST0353,Cooking Oil,2
T1952,2024-03-12 20:49:00,CUST0353,Ice Cream,2
T1952,2024-03-12 20:49:00,CUST0353,Chocolate,2
T1952,2024-03-12 20:49:00,CUST0353,Chicken Breast,2
T1953,2024-04-15 17:50:00,CUST0325,Tomatoes,2
T1953,,CUST0325,Cooking Oil,2
T1953,2024-04-15 17:50:00,CUST0325,Chocolate,2
T1953,2024-04-15 17:50:00,CUST0325,Coffee,2
T1953,2024-04-15 17:50:00,CUST0325,Sausages,2
T1953,2024-04-15 17:50:00,CUST0325,Beer,2
T1953,2024-04-15 17:50:00,CUST0325,Bananas,2
T1954,2024-09-10 15:59:00,CUST0282,Baby Wipes,2
T1954,2024-09-10 15:59:00,CUST0282,Baby Food,2
T1954,2024-09-10 15:59:00,CUST0282,Tomatoes,2
T1954,2024-09-10 15:59:00,CUST0282,Avocado,2
T1954,2024-09-10 15:59:00,CUST0282,Bread,2
T1954,2024-09-10 15:59:00,,Toilet Paper,2
T1954,2024-09-10 15:59:00,CUST0282,Coffee,2
T1954,2024-09-10 15:59:00,CUST0282,Eggs,2
T1954,2024-09-10 15:59:00,CUST0282,Flour,2
T1954,2024-09-10 15:59:00,CUST0282,Paper Towels,2
T1955,2024-07-04 20:51:00,CUST0028,Peanut Butter,2
T1955,2024-07-04 20:51:00,CUST0028,Trash Bags,2
T1955,2024-07-04 20:51:00,CUST0028,Coffee,2
T1955,2024-07-04 20:51:00,CUST0028,Sugar,2
T1955,2024-07-04 20:51:00,CUST0028,Pasta Sauce,2
T1955,2024-07-04 20:51:00,CUST0028,Toothpaste,2
T1955,2024-07-04 20:51:00,CUST0028,Wine,2
T1955,2024-07-04 20:51:00,CUST0028,Tissues,2
T1955,2024-07-04 20:51:00,CUST0028,Orange Juice,2
T1956,2024-08-04 11:02:00,CUST0339,Peanut Butter,2
T1956,2024-08-04 11:02:00,CUST0339,Chicken Breast,2
T1957,2024-05-16 16:22:00,CUST0122,Butter,2
T1957,2024-05-16 16:22:00,CUST0122,Cheese,2
T1957,2024-05-16 16:22:00,CUST0122,Tomatoes,2
T1957,2024-05-16 16:22:00,CUST0122,Pasta Sauce,2
T1957,2024-05-16 16:22:00,CUST0122,Pasta,2
T1958,2024-02-16 17:47:00,CUST0315,Croissant,2
T1958,2024-02-16 17:47:00,CUST0315,Trash Bags,2
T1958,2024-02-16 17:47:00,CUST0315,Dish Soap,2
T1958,2024-02-16 17:47:00,CUST0315,Bananas,2
T1959,2024-05-23 09:00:00,CUST0123,Rice,2
T1959,2024-05-23 09:00:00,CUST0123,Coffee,2
T1959,2024-05-23 09:00:00,CUST0123,Chicken Breast,2
T1959,2024-05-23 09:00:00,CUST0123,Sugar,2
T1959,2024-05-23 09:00:00,CUST0123,Soap,2
T1960,2024-08-15 15:09:00,CUST0379,Wine,2
T1960,2024-08-15 15:09:00,CUST0379,  chocolate ,2
T1960,2024-08-15 15:09:00,CUST0379,Cheese,2
T1960,2024-08-15 15:09:00,CUST0379,Ice Cream,2
T1961,2024-02-09 17:53:00,CUST0358,Frozen Pizza,2
T1961,2024-02-09 17:53:00,CUST0358,Baby Wipes,2
T1961,2024-02-09 17:53:00,CUST0358,Baby Food,2
T1961,2024-02-09 17:53:00,CUST0358,Croissant,2
T1961,2024-02-09 17:53:00,CUST0358,Trash Bags,2
T1961,2024-02-09 17:53:00,CUST0358,Rice,2
T1961,2024-02-09 17:53:00,CUST0358,Frozen Vegetables,2
T1961,2024-02-09 17:53:00,CUST0358,Diapers,2
T1961,2024-02-09 17:53:00,CUST0358,Flour,2
T1961,2024-02-09 17:53:00,CUST0358,Bananas,2
T1962,2024-08-28 08:43:00,CUST0289,Baby Wipes,2
T1962,2024-08-28 08:43:00,CUST0289,Baby Food,2
T1962,2024-08-28 08:43:00,CUST0289,Rice,2
T1962,2024-08-28 08:43:00,CUST0289,Chicken Breast,2
T1962,2024-08-28 08:43:00,CUST0289,Diapers,2
T1962,2024-08-28 08:43:00,CUST0289,Onions,2
T1963,2024-07-18 17:22:00,CUST0185,Bacon,2
T1963,2024-07-18 17:22:00,CUST0185,  eggs ,2
T1964,2024-05-13 15:10:00,CUST0087,Avocado,2
T1964,2024-05-13 15:10:00,CUST0087,Oats,2
T1964,2024-05-13 15:10:00,CUST0087,Detergent,2
T1964,2024-05-13 15:10:00,CUST0087,Chicken Breast,2
T1964,2024-05-13 15:10:00,CUST0087,Sugar,2
T1964,2024-05-13 15:10:00,CUST0087,Soap,2
T1964,2024-05-13 15:10:00,CUST0087,Onions,2
T1964,2024-05-13 15:10:00,CUST0087,Tissues,2
T1965,2024-05-10 15:09:00,CUST0151,Cereal,2
T1965,2024-05-10 15:09:00,CUST0151,Cheese,2
T1965,2024-05-10 15:09:00, CUST0151 ,Avocado,2
T1965,2024-05-10 15:09:00,CUST0151,Energy Drink,2
T1965,2024-05-10 15:09:00, CUST0151 ,Oats,2
T1965,2024-05-10 15:09:00,CUST0151,Detergent,2
T1965,,CUST0151,Ice Cream,2
T1965,2024-05-10 15:09:00,CUST0151,Onions,2
T1966,2024-02-04 11:55:00,CUST0048,Pasta,2
T1966,2024-02-04 11:55:00,CUST0048,Soap,2
T1966,2024-02-04 11:55:00,CUST0048,Cheese,2
T1966,2024-02-04 11:55:00,CUST0048,Onions,2
T1967,2024-02-09 09:49:00,CUST0052,Apples,2
T1967,2024-02-09 09:49:00,CUST0052,Potatoes,2
T1967,2024-02-09 09:49:00,CUST0052,Ice Cream,2
T1968,2024-01-11 16:32:00,CUST0030,Lettuce,2
T1968,2024-01-11 16:32:00,CUST0030,Dish Soap,2
T1968,2024-01-11 16:32:00,CUST0030,Rice,2
T1968,2024-01-11 16:32:00,CUST0030,Chocolate,2
T1968,2024-01-11 16:32:00,CUST0030,Chips,2
T1968,2024-01-11 16:32:00,CUST0030,Chicken Breast,2
T1968,2024-01-11 16:32:00,CUST0030,Bagels,2
T1968,2024-01-11 16:32:00,CUST0030,Bottled Water,2
T1968,2024-01-11 16:32:00,CUST0030,Cookies,2
T1969,2024-03-30 19:07:00,CUST0366,Baby Food,2
T1969,2024-03-30 19:07:00,CUST0366,Ground Beef,2
T1969,2024-03-30 19:07:00, CUST0366 ,Dish Soap,2
T1969,2024-03-30 19:07:00,CUST0366,Beer,2
T1969,2024-03-30 19:07:00,CUST0366,Diapers,2
T1970,2024-07-25 16:29:00,CUST0332,Frozen Pizza,2
T1970,2024-07-25 16:29:00,CUST0332,Baby Wipes,2
T1970,2024-07-25 16:29:00,CUST0332,Bread,2
T1970,2024-07-25 16:29:00,CUST0332,Toilet Paper,2
T1970,2024-07-25 16:29:00,CUST0332,Bacon,2
T1970,2024-07-25 16:29:00,CUST0332,Apples,2
T1970,2024-07-25 16:29:00,CUST0332,Orange Juice,2
T1970,2024-07-25 16:29:00,CUST0332,Bananas,2
T1971,2024-02-29 17:57:00,CUST0212,  tea ,2
T1971,2024-02-29 17:57:00,CUST0212,Frozen Pizza,2
T1971,2024-02-29 17:57:00,CUST0212,Milk,2
T1971,,CUST0212,Soda,2
T1971,2024-02-29 17:57:00,CUST0212,Dish Soap,2
T1971,2024-02-29 17:57:00,CUST0212,Chicken Breast,2
T1971,2024-02-29 17:57:00,CUST0212,Eggs,2
T1971,2024-02-29 17:57:00,CUST0212,Onions,2
T1971,2024-02-29 17:57:00,,Bananas,2
T1972,2024-06-03 14:15:00,CUST0073,Salsa,2
T1972,2024-06-03 14:15:00,CUST0073,Tea,2
T1972,2024-06-03 14:15:00, CUST0073 ,Baby Food,2
T1972,2024-06-03 14:15:00,CUST0073,Soda,2
T1972,2024-06-03 14:15:00,CUST0073,Croissant,2
T1972,2024-06-03 14:15:00,CUST0073,Tissues,2
T1972,2024-06-03 14:15:00,CUST0073,Apples,2
T1972,2024-06-03 14:15:00,CUST0073,Orange Juice,2
T1972,2024-06-03 14:15:00,CUST0073,Honey,2
T1973,2024-07-09 11:29:00,CUST0067,Frozen Pizza,2
T1973,2024-07-09 11:29:00,CUST0067,Avocado,2
T1973,2024-07-09 11:29:00,CUST0067,Beer,2
T1973,2024-07-09 11:29:00,CUST0067,Diapers,2
T1973,2024-07-09 11:29:00,CUST0067,Shampoo,2
T1974,2024-07-16 18:55:00,CUST0222,Sausages,2
T1974,2024-07-16 18:55:00,CUST0222,Bread,2
T1975,2024-09-16 10:00:00,CUST0052,Butter,2
T1975,2024-09-16 10:00:00,CUST0052,Cream,2
T1975,2024-09-16 10:00:00,CUST0052,Salt,2
T1975,2024-09-16 10:00:00,CUST0052,Cooking Oil,2
T1975,2024-09-16 10:00:00,CUST0052,Ice Cream,2
T1975,2024-09-16 10:00:00,CUST0052,Popcorn,2
T1976,2024-05-25 13:03:00,CUST0411,Baby Wipes,2
T1976,2024-05-25 13:03:00,CUST0411,Baby Food,2
T1976,2024-05-25 13:03:00,CUST0411,Dish Soap,2
T1976,2024-05-25 13:03:00,CUST0411,Muffins,2
T1976,2024-05-25 13:03:00,CUST0411,Cooking Oil,2
T1976,2024-05-25 13:03:00,CUST0411,Eggs,2
T1976,2024-05-25 13:03:00,CUST0411,Bacon,2
T1976,2024-05-25 13:03:00,CUST0411,Sugar,2
T1976,2024-05-25 13:03:00,CUST0411,Apples,2
T1976,2024-05-25 13:03:00,CUST0411,Shampoo,2
T1977,2024-02-17 17:24:00,CUST0142,Milk,2
T1977,2024-02-17 17:24:00,CUST0142,Cheese,2
T1977,2024-02-17 17:24:00,CUST0142,Soda,2
T1977,2024-02-17 17:24:00,CUST0142,Cooking Oil,2
T1977,2024-02-17 17:24:00,CUST0142,Chicken Breast,2
T1977,2024-02-17 17:24:00,CUST0142,Pasta Sauce,2
T1977,2024-02-17 17:24:00,CUST0142,Diapers,2
T1977,2024-02-17 17:24:00,CUST0142,Paper Towels,2
T1977,2024-02-17 17:24:00,CUST0142,Bottled Water,2
T1978,2024-05-10 11:00:00,CUST0034,Milk,2
T1978,2024-05-10 11:00:00,CUST0034,Toothpaste,2
T1978,2024-05-10 11:00:00,CUST0034,Bread,2
T1978,2024-05-10 11:00:00,CUST0034,Popcorn,2
T1978,2024-05-10 11:00:00,CUST0034,Bottled Water,2
T1979,2024-06-24 17:46:00,CUST0191,Milk,2
T1979,2024-06-24 17:46:00,CUST0191,Chips,2
T1979,2024-06-24 17:46:00,CUST0191,Frozen Vegetables,2
T1979,2024-06-24 17:46:00,CUST0191,Beer,2
T1980,2024-07-26 08:37:00,CUST0154,Lettuce,2
T1980,,CUST0154,Tomatoes,2
T1980,2024-07-26 08:37:00,CUST0154,Ground Beef,2
T1980,2024-07-26 08:37:00,CUST0154,Croissant,2
T1980,2024-07-26 08:37:00,CUST0154,Chicken Breast,2
T1980,,CUST0154,Chocolate,2
T1980,2024-07-26 08:37:00,CUST0154,Ice Cream,2
T1980,2024-07-26 08:37:00,CUST0154,Cooking Oil,2
T1980,2024-07-26 08:37:00,CUST0154,Sugar,2
T1980,2024-07-26 08:37:00,CUST0154,Fish Fillet,2
T1980,2024-07-26 08:37:00,CUST0154,Tissues,2
T1981,2024-09-15 13:26:00,CUST0381,Cheese,2
T1981,2024-09-15 13:26:00,CUST0381,Pasta,2
T1981,2024-09-15 13:26:00,CUST0381,Sugar,2
T1981,2024-09-15 13:26:00,CUST0381,Coffee,2
T1982,2024-01-30 14:25:00,CUST0418,Energy Drink,2
T1982,2024-01-30 14:25:00,CUST0418,Cream,2
T1982,2024-01-30 14:25:00,CUST0418,Ice Cream,2
T1982,2024-01-30 14:25:00,CUST0418,Chocolate,2
T1982,2024-01-30 14:25:00,CUST0418,Pasta Sauce,2
T1983,2024-07-26 14:54:00,CUST0121,Frozen Pizza,2
T1983,2024-07-26 14:54:00,CUST0121,Cheese,2
T1983,2024-07-26 14:54:00,CUST0121,Toilet Paper,2
T1983,2024-07-26 14:54:00,CUST0121,Dish Soap,2
T1983,2024-07-26 14:54:00,CUST0121,Coffee,2
T1983,2024-07-26 14:54:00,CUST0121,Pasta,2
T1983,2024-07-26 14:54:00,CUST0121,Potatoes,2
T1984,2024-03-18 08:00:00,CUST0242,Frozen Pizza,2
T1984,2024-03-18 08:00:00,CUST0242,Soda,2
T1984,2024-03-18 08:00:00,CUST0242,Oats,2
T1984,2024-03-18 08:00:00,CUST0242,Rice,2
T1984,,CUST0242,Frozen Vegetables,2
T1984,,CUST0242,Toothbrush,2
T1984,2024-03-18 08:00:00,CUST0242,Cereal,2
T1984,2024-03-18 08:00:00,CUST0242,Bagels,2
T1984,2024-03-18 08:00:00,CUST0242,Bottled Water,2
T1984,2024-03-18 08:00:00,CUST0242,Honey,2
T1984,2024-03-18 08:00:00,CUST0242,Paper Towels,2
T1985,2024-02-12 08:39:00,CUST0001,Butter,2
T1985,2024-02-12 08:39:00,CUST0001,Oats,2
T1985,2024-02-12 08:39:00,CUST0001,Salt,2
T1985,2024-02-12 08:39:00,CUST0001,Chips,2
T1985,2024-02-12 08:39:00,CUST0001,Beer,2
T1985,2024-02-12 08:39:00,CUST0001,Pasta,2
T1986,2024-09-20 09:31:00,CUST0311,Lemons,2
T1986,,CUST0311,Energy Drink,2
T1986,2024-09-20 09:31:00,CUST0311,Cream,2
T1986,2024-09-20 09:31:00,CUST0311,Rice,2
T1986,2024-09-20 09:31:00,CUST0311,Chips,2
T1986,2024-09-20 09:31:00,CUST0311,Chicken Breast,2
T1986,2024-09-20 09:31:00,CUST0311,Eggs,2
T1986,2024-09-20 09:31:00,CUST0311,Bacon,2
T1986,2024-09-20 09:31:00,CUST0311,Sausages,2
T1986,2024-09-20 09:31:00,CUST0311,Beer,2
T1986,2024-09-20 09:31:00,CUST0311,Orange Juice,2
T1987,2024-07-24 14:51:00,CUST0121,Tea,2
T1987,2024-07-24 14:51:00,CUST0121,Baby Food,2
T1987,2024-07-24 14:51:00,CUST0121,Energy Drink,2
T1987,2024-07-24 14:51:00,CUST0121,Salt,2
T1987,2024-07-24 14:51:00,CUST0121,Wine,2
T1987,2024-07-24 14:51:00,CUST0121,Pasta,2
T1987,2024-07-24 14:51:00,CUST0121,Honey,2
T1988,2024-03-16 09:28:00,CUST0065,Tea,2
T1988,2024-03-16 09:28:00,CUST0065,Baby Food,2
T1988,2024-03-16 09:28:00,CUST0065,Diapers,2
T1989,2024-06-03 19:13:00,CUST0243,Coffee,2
T1989,2024-06-03 19:13:00,CUST0243,Ice Cream,2
T1989,2024-06-03 19:13:00,CUST0243,Pasta Sauce,2
T1989,2024-06-03 19:13:00,CUST0243,Soap,2
T1989,2024-06-03 19:13:00,CUST0243,Tissues,2
T1989,2024-06-03 19:13:00,CUST0243,Pasta,2
T1989,2024-06-03 19:13:00,CUST0243,Potatoes,2
T1990,,CUST0418,Toilet Paper,2
T1990,2024-06-14 15:08:00,CUST0418,Cooking Oil,2
T1990,2024-06-14 15:08:00,CUST0418,Chicken Breast,2
T1990,2024-06-14 15:08:00,CUST0418,Frozen Vegetables,2
T1990,2024-06-14 15:08:00,CUST0418,Beer,2
T1990,2024-06-14 15:08:00,CUST0418,Diapers,2
T1990,2024-06-14 15:08:00,CUST0418,Onions,2
T1990,2024-06-14 15:08:00,CUST0418,Cookies,2
T1991,2024-05-02 16:38:00,CUST0254,Frozen Pizza,2
T1991,2024-05-02 16:38:00,CUST0254,Butter,2
T1991,2024-05-02 16:38:00,CUST0254,Bread,2
T1991,2024-05-02 16:38:00,CUST0254,Avocado,2
T1991,2024-05-02 16:38:00,CUST0254,Soda,2
T1991,2024-05-02 16:38:00,CUST0254,Oats,2
T1991,2024-05-02 16:38:00,CUST0254,Chips,2
T1991,2024-05-02 16:38:00,CUST0254,Cooking Oil,2
T1991,2024-05-02 16:38:00,CUST0254,Eggs,2
T1991,,CUST0254,Toothpaste,2
T1991,2024-05-02 16:38:00,CUST0254,Cookies,2
T1992,2024-09-13 11:13:00,CUST0076,Peanut Butter,2
T1992,2024-09-13 11:13:00,CUST0076,Soda,2
T1992,2024-09-13 11:13:00,CUST0076,Bread,2
T1992,2024-09-13 11:13:00,CUST0076,Energy Drink,2
T1992,2024-09-13 11:13:00,CUST0076,Cream,2
T1992,2024-09-13 11:13:00,CUST0076,Chips,2
T1992,2024-09-13 11:13:00,CUST0076,Flour,2
T1993,2024-07-27 17:40:00,CUST0406,Salsa,2
T1993,2024-07-27 17:40:00,CUST0406,Butter,2
T1993,2024-07-27 17:40:00,CUST0406,Baby Wipes,2
T1993,2024-07-27 17:40:00,CUST0406,Cooking Oil,2
T1993,2024-07-27 17:40:00,CUST0406,Bacon,2
T1993,2024-07-27 17:40:00,CUST0406,Sausages,2
T1993,2024-07-27 17:40:00,CUST0406,Onions,2
T1993,2024-07-27 17:40:00,CUST0406,Tissues,2
T1994,2024-05-10 14:16:00,CUST0003,Lemons,2
T1994,2024-05-10 14:16:00,CUST0003,Baby Food,2
T1994,2024-05-10 14:16:00,CUST0003,Milk,2
T1994,2024-05-10 14:16:00,CUST0003,Tomatoes,2
T1994,2024-05-10 14:16:00,CUST0003,Beer,2
T1994,2024-05-10 14:16:00,CUST0003,Pasta Sauce,2
T1994,2024-05-10 14:16:00,CUST0003,Onions,2
T1994,2024-05-10 14:16:00,CUST0003,Fish Fillet,2
T1995,2024-06-05 20:38:00,CUST0340,Milk,2
T1995,2024-06-05 20:38:00,CUST0340,Bread,2
T1995,2024-06-05 20:38:00,CUST0340,Croissant,2
T1995,2024-06-05 20:38:00,CUST0340,Chips,2
T1995,2024-06-05 20:38:00,CUST0340,Eggs,2
T1995,2024-06-05 20:38:00,CUST0340,Toothpaste,2
T1996,2024-05-05 15:01:00,CUST0051,Salsa,2
T1996,2024-05-05 15:01:00,,Trash Bags,2
T1996,2024-05-05 15:01:00,CUST0051,Cooking Oil,2
T1996,2024-05-05 15:01:00,CUST0051,Chocolate,2
T1996,2024-05-05 15:01:00,CUST0051,Bacon,2
T1996,2024-05-05 15:01:00,CUST0051,Jam,2
T1996,2024-05-05 15:01:00,CUST0051,Cereal,2
T1996,2024-05-05 15:01:00,CUST0051,Bagels,2
T1996,2024-05-05 15:01:00,CUST0051,Apples,2
T1996,2024-05-05 15:01:00,CUST0051,Toothbrush,2
T1996,2024-05-05 15:01:00,CUST0051,Potatoes,2
T1997,2024-03-24 13:06:00,CUST0392,Avocado,2
T1997,2024-03-24 13:06:00,CUST0392,Energy Drink,2
T1997,2024-03-24 13:06:00,CUST0392,Cream,2
T1997,2024-03-24 13:06:00,CUST0392,Toothpaste,2
T1997,2024-03-24 13:06:00,CUST0392,Bagels,2
T1997,2024-03-24 13:06:00,CUST0392,Toothbrush,2
T1998,2024-05-18 10:07:00,CUST0392,Detergent,2
T1998,2024-05-18 10:07:00,CUST0392,Bacon,2
T1998,2024-05-18 10:07:00,CUST0392,Tea,2
T1998,2024-05-18 10:07:00,CUST0392,Honey,2
T1999,2024-05-08 19:01:00,CUST0318,Cheese,2
T1999,2024-05-08 19:01:00,CUST0318,Ground Beef,2
T1999,2024-05-08 19:01:00,CUST0318,Oats,2
T1999,2024-05-08 19:01:00,CUST0318,Trash Bags,2
T1999,2024-05-08 19:01:00,CUST0318,Salt,2
T1999,,CUST0318,Coffee,2
T1999,2024-05-08 19:01:00,CUST0318,Ice Cream,2
T1999,2024-05-08 19:01:00,CUST0318,Chocolate,2
T1999,2024-05-08 19:01:00,CUST0318,Cereal,2
T2000,2024-06-28 08:21:00,CUST0200,Popcorn,2
T2000,2024-06-28 08:21:00,CUST0200,Croissant,2
T2000,2024-06-28 08:21:00,CUST0200,Rice,2
T2000,2024-06-28 08:21:00,CUST0200,Orange Juice,2
T2001,2024-01-19 15:12:00,CUST0002,Salsa,2
T2001,2024-01-19 15:12:00,CUST0002,Baby Wipes,2
T2001,2024-01-19 15:12:00,,Cheese,2
T2001,2024-01-19 15:12:00,CUST0002,Cream,2
T2001,2024-01-19 15:12:00,CUST0002,Trash Bags,2
T2001,2024-01-19 15:12:00,CUST0002,Rice,2
T2001,2024-01-19 15:12:00,CUST0002,Dish Soap,2
T2001,2024-01-19 15:12:00,CUST0002,Frozen Vegetables,2
T2001,2024-01-19 15:12:00,CUST0002,Onions,2
T2001,2024-01-19 15:12:00,CUST0002,Wine,2
T2001,2024-01-19 15:12:00,CUST0002,Pasta,2
T2002,2024-09-23 16:49:00,CUST0060,Cereal,2
T2002,,CUST0060,Butter,2
T2002,2024-09-23 16:49:00,CUST0060,Bread,2
T2002,2024-09-23 16:49:00,CUST0060,Cooking Oil,2
T2002,2024-09-23 16:49:00,CUST0060,Beer,2
T2002,2024-09-23 16:49:00,CUST0060,Onions,2
T2002,2024-09-23 16:49:00,CUST0060,Orange Juice,2
T2003,2024-01-29 12:42:00,CUST0071,Detergent,2
T2003,2024-01-29 12:42:00,CUST0071,Sausages,2
T2003,2024-01-29 12:42:00,CUST0071,Soap,2
T2003,2024-01-29 12:42:00,CUST0071,Toothbrush,2
T2003,2024-01-29 12:42:00,CUST0071,Pasta,2
T2003,2024-01-29 12:42:00,CUST0071,Shampoo,2
T2004,2024-01-14 12:20:00,CUST0095,Trash Bags,2
T2004,2024-01-14 12:20:00,CUST0095,Frozen Vegetables,2
T2004,2024-01-14 12:20:00,CUST0095,Eggs,2
T2004,2024-01-14 12:20:00,CUST0095,Pasta Sauce,2
T2004,2024-01-14 12:20:00,CUST0095,Paper Towels,2
T2004,2024-01-14 12:20:00,CUST0095,Fish Fillet,2
T2004,2024-01-14 12:20:00,CUST0095,Pasta,2
T2005,2024-02-10 11:03:00,CUST0142,Coffee,2
T2005,2024-02-10 11:03:00,CUST0142,Cooking Oil,2
T2005,2024-02-10 11:03:00,CUST0142,Beer,2
T2005,2024-02-10 11:03:00,CUST0142,Pasta Sauce,2
T2005,,CUST0142,Diapers,2
T2005,2024-02-10 11:03:00,CUST0142,Cookies,2
T2006,2024-03-11 09:06:00,CUST0302,Butter,2
T2006,2024-03-11 09:06:00, CUST0302 ,Pasta,2
T2006,2024-03-11 09:06:00,CUST0302,Oats,2
T2006,2024-03-11 09:06:00,CUST0302,Cooking Oil,2
T2006,2024-03-11 09:06:00,CUST0302,Chicken Breast,2
T2006,2024-03-11 09:06:00,CUST0302,Toothpaste,2
T2006,2024-03-11 09:06:00,CUST0302,Fish Fillet,2
T2006,2024-03-11 09:06:00,CUST0302,Shampoo,2
T2006,2024-03-11 09:06:00,CUST0302,Orange Juice,2
T2006,2024-03-11 09:06:00,CUST0302,Honey,2
T2007,2024-04-04 18:58:00,CUST0292,Lemons,2
T2007,2024-04-04 18:58:00,CUST0292,Peanut Butter,2
T2007,2024-04-04 18:58:00,CUST0292,Butter,2
T2007,2024-04-04 18:58:00,CUST0292,Lettuce,2
T2007,2024-04-04 18:58:00,CUST0292,Energy Drink,2
T2007,2024-04-04 18:58:00,CUST0292,Detergent,2
T2007,2024-04-04 18:58:00,CUST0292,Cereal,2
T2007,2024-04-04 18:58:00,CUST0292,Wine,2
T2007,2024-04-04 18:58:00,CUST0292,Shampoo,2
T2008,2024-01-31 14:13:00,CUST0314,Pasta,2
T2008,2024-01-31 14:13:00,CUST0314,Bread,2
T2008,2024-01-31 14:13:00,CUST0314,Bananas,2
T2008,2024-01-31 14:13:00,CUST0314,Chicken Breast,2
T2008,2024-01-31 14:13:00,CUST0314,Frozen Vegetables,2
T2008,2024-01-31 14:13:00,CUST0314,Pasta Sauce,2
T2008,2024-01-31 14:13:00,CUST0314,Soap,2
T2008,2024-01-31 14:13:00,CUST0314,Popcorn,2
T2008,2024-01-31 14:13:00,CUST0314,Apples,2
T2008,2024-01-31 14:13:00,CUST0314,Potatoes,2
T2009,2024-09-11 08:07:00,CUST0208,Lettuce,2
T2009,2024-09-11 08:07:00,CUST0208,Soda,2
T2009,2024-09-11 08:07:00,CUST0208,Trash Bags,2
T2009,2024-09-11 08:07:00,CUST0208,Chips,2
T2009,2024-09-11 08:07:00,CUST0208,Chicken Breast,2
T2009,2024-09-11 08:07:00,CUST0208,Coffee,2
T2009,2024-09-11 08:07:00,CUST0208,Bacon,2
T2009,2024-09-11 08:07:00,CUST0208,Toothpaste,2
T2010,2024-01-24 19:04:00,CUST0351,Tea,2
T2010,2024-01-24 19:04:00,CUST0351,Butter,2
T2010,2024-01-24 19:04:00,CUST0351,Coffee,2
T2010,2024-01-24 19:04:00,CUST0351,Onions,2
T2010,2024-01-24 19:04:00,CUST0351,Bagels,2
T2011,2024-07-29 14:42:00,CUST0266,Peanut Butter,2
T2011,2024-07-29 14:42:00,CUST0266,Baby Food,2
T2011,2024-07-29 14:42:00,CUST0266,Bread,2
T2011,2024-07-29 14:42:00,CUST0266,Soda,2
T2011,2024-07-29 14:42:00,CUST0266,Dish Soap,2
T2011,2024-07-29 14:42:00,CUST0266,Coffee,2
T2011,2024-07-29 14:42:00,CUST0266,Jam,2
T2011,2024-07-29 14:42:00,CUST0266,Soap,2
T2011,2024-07-29 14:42:00,CUST0266,Flour,2
T2011,,CUST0266,Bagels,2
T2011,2024-07-29 14:42:00,CUST0266,Bananas,2
T2012,2024-05-20 14:03:00,CUST0130,Frozen Pizza,2
T2012,2024-05-20 14:03:00,CUST0130,Tomatoes,2
T2012,2024-05-20 14:03:00,CUST0130,Cooking Oil,2
T2012,2024-05-20 14:03:00,CUST0130,Beer,2
T2012,,CUST0130,Onions,2
T2013,2024-03-31 14:49:00,CUST0008,Baby Wipes,2
T2013,2024-03-31 14:49:00,CUST0008,Soda,2
T2013,2024-03-31 14:49:00,CUST0008,Energy Drink,2
T2013,2024-03-31 14:49:00,CUST0008,Bacon,2
T2013,2024-03-31 14:49:00,CUST0008,Yogurt,2
T2013,2024-03-31 14:49:00,,Sausages,2
T2013,2024-03-31 14:49:00,CUST0008,Jam,2
T2013,2024-03-31 14:49:00,CUST0008,Soap,2
T2013,2024-03-31 14:49:00,CUST0008,Bananas,2
T2014,2024-05-18 10:30:00,CUST0113,Salsa,2
T2014,2024-05-18 10:30:00,CUST0113,Baby Food,2
T2014,2024-05-18 10:30:00,CUST0113,Tomatoes,2
T2014,2024-05-18 10:30:00,CUST0113,Ground Beef,2
T2014,2024-05-18 10:30:00,CUST0113,Ice Cream,2
T2014,2024-05-18 10:30:00,CUST0113,Fish Fillet,2
T2014,2024-05-18 10:30:00,,Orange Juice,2
T2015,2024-09-21 20:19:00,CUST0383,Soda,2
T2015,2024-09-21 20:19:00,,Tomatoes,2
T2015,2024-09-21 20:19:00,CUST0383,Avocado,2
T2015,2024-09-21 20:19:00,CUST0383,Trash Bags,2
T2015,2024-09-21 20:19:00,CUST0383,Dish Soap,2
T2015,2024-09-21 20:19:00,CUST0383,Chicken Breast,2
T2015,2024-09-21 20:19:00,CUST0383,Jam,2
T2015,2024-09-21 20:19:00,CUST0383,Diapers,2
T2015,2024-09-21 20:19:00,CUST0383,Honey,2
T2016,2024-01-02 10:01:00,CUST0168,Lettuce,2
T2016,2024-01-02 10:01:00,CUST0168,Avocado,2
T2016,2024-01-02 10:01:00,CUST0168,Frozen Vegetables,2
T2016,2024-01-02 10:01:00,CUST0168,Pasta Sauce,2
T2016,2024-01-02 10:01:00,CUST0168,Pasta,2
T2016,2024-01-02 10:01:00,CUST0168,Cookies,2
T2017,2024-08-05 12:44:00,CUST0412,Croissant,2
T2017,2024-08-05 12:44:00,CUST0412,Detergent,2
T2017,2024-08-05 12:44:00, CUST0412 ,Pasta,2
T2017,2024-08-05 12:44:00,CUST0412,Peanut Butter,2
T2018,2024-05-03 16:21:00,CUST0253,Salsa,2
T2018,2024-05-03 16:21:00,CUST0253,Butter,2
T2018,2024-05-03 16:21:00,CUST0253,Lettuce,2
T2018,2024-05-03 16:21:00,CUST0253,  soda ,2
T2018,2024-05-03 16:21:00,CUST0253,Salt,2
T2018,2024-05-03 16:21:00,CUST0253,Chips,2
T2018,2024-05-03 16:21:00,CUST0253,Rice,2
T2018,2024-05-03 16:21:00,CUST0253,Flour,2
T2018,2024-05-03 16:21:00,CUST0253,Paper Towels,2
T2018,2024-05-03 16:21:00,CUST0253,Wine,2
T2018,2024-05-03 16:21:00,CUST0253,Honey,2
T2019,2024-01-23 11:29:00,CUST0212,Detergent,2
T2019,2024-01-23 11:29:00,CUST0212,Orange Juice,2
T2019,2024-01-23 11:29:00,CUST0212,Onions,2
T2020,2024-01-06 17:26:00,CUST0062,Pasta,2
T2020,2024-01-06 17:26:00,CUST0062,Dish Soap,2
T2020,2024-01-06 17:26:00,CUST0062,Bagels,2
T2020,2024-01-06 17:26:00,CUST0062,Apples,2
T2021,2024-05-21 16:10:00,CUST0337,Lettuce,2
T2021,,CUST0337,Avocado,2
T2021,2024-05-21 16:10:00,CUST0337,Chocolate,2
T2021,2024-05-21 16:10:00,CUST0337,Ice Cream,2
T2021,2024-05-21 16:10:00,CUST0337,Apples,2
T2022,2024-06-27 13:48:00,CUST0232,Butter,2
T2022,2024-06-27 13:48:00,CUST0232,Bread,2
T2022,2024-06-27 13:48:00,CUST0232,Ground Beef,2
T2022,2024-06-27 13:48:00,CUST0232,Oats,2
T2022,2024-06-27 13:48:00,CUST0232,Cream,2
T2022,2024-06-27 13:48:00,CUST0232,Honey,2
T2023,2024-04-29 19:02:00,CUST0376,Butter,2
T2023,2024-04-29 19:02:00,CUST0376,Baby Wipes,2
T2023,2024-04-29 19:02:00,CUST0376,Bread,2
T2023,2024-04-29 19:02:00,CUST0376,Chocolate,2
T2023,2024-04-29 19:02:00,CUST0376,Diapers,2
T2024,2024-01-17 09:46:00,CUST0371,Baby Wipes,2
T2024,2024-01-17 09:46:00,CUST0371,Baby Food,2
T2024,2024-01-17 09:46:00,CUST0371,Tomatoes,2
T2024,2024-01-17 09:46:00,CUST0371,Trash Bags,2
T2024,2024-01-17 09:46:00,CUST0371,Yogurt,2
T2024,2024-01-17 09:46:00,CUST0371,Paper Towels,2
T2025,2024-03-30 18:53:00,CUST0216,Bread,2
T2025,2024-03-30 18:53:00,CUST0216,Energy Drink,2
T2025,2024-03-30 18:53:00,CUST0216,Cream,2
T2025,2024-03-30 18:53:00,CUST0216,Chips,2
T2025,2024-03-30 18:53:00,CUST0216,Paper Towels,2
T2025,2024-03-30 18:53:00,CUST0216,Wine,2
T2025,2024-03-30 18:53:00,CUST0216,Bottled Water,2
T2025,,CUST0216,Apples,2
T2026,2024-03-26 12:45:00,CUST0267,Peanut Butter,2
T2026,2024-03-26 12:45:00,CUST0267,Croissant,2
T2026,2024-03-26 12:45:00,CUST0267,Orange Juice,2
T2026,2024-03-26 12:45:00,CUST0267,Toothpaste,2
T2027,2024-08-15 12:20:00,CUST0134,Avocado,2
T2027,2024-08-15 12:20:00,CUST0134,Apples,2
T2027,2024-08-15 12:20:00,CUST0134,Baby Food,2
T2027,2024-08-15 12:20:00,CUST0134,Cooking Oil,2
T2028,2024-02-27 16:30:00,CUST0203,Tea,2
T2028,2024-02-27 16:30:00,CUST0203,Cheese,2
T2028,2024-02-27 16:30:00,CUST0203,Energy Drink,2
T2028,2024-02-27 16:30:00,CUST0203,Cream,2
T2028,2024-02-27 16:30:00,CUST0203,Oats,2
T2028,2024-02-27 16:30:00,CUST0203,Chips,2
T2028,2024-02-27 16:30:00,CUST0203,Jam,2
T2028,2024-02-27 16:30:00,CUST0203,Beer,2
T2028,2024-02-27 16:30:00,CUST0203,Onions,2
T2028,2024-02-27 16:30:00,CUST0203,Bagels,2
T2029,2024-09-17 21:38:00,CUST0279,Chocolate,2
T2029,2024-09-17 21:38:00,CUST0279,Bacon,2
T2029,2024-09-17 21:38:00,CUST0279,Eggs,2
T2029,2024-09-17 21:38:00,CUST0279,Ice Cream,2
T2029,2024-09-17 21:38:00,CUST0279,Bagels,2
T2030,2024-04-15 10:51:00,CUST0405,Salsa,2
T2030,2024-04-15 10:51:00,CUST0405,Soda,2
T2030,2024-04-15 10:51:00,CUST0405,Detergent,2
T2030,2024-04-15 10:51:00,CUST0405,Dish Soap,2
T2030,,CUST0405,Pasta Sauce,2
T2030,2024-04-15 10:51:00,CUST0405,Pasta,2
T2031,,CUST0354,Ground Beef,2
T2031,2024-01-14 20:42:00,CUST0354,Rice,2
T2031,2024-01-14 20:42:00,CUST0354,Chips,2
T2031,2024-01-14 20:42:00,CUST0354,Flour,2
T2031,2024-01-14 20:42:00,CUST0354,Eggs,2
T2031,2024-01-14 20:42:00,CUST0354,Muffins,2
T2031,2024-01-14 20:42:00,CUST0354,Diapers,2
T2031,2024-01-14 20:42:00,CUST0354,  cereal ,2
T2031,2024-01-14 20:42:00,CUST0354,Toothbrush,2
T2031,2024-01-14 20:42:00,CUST0354,Bananas,2
T2032,2024-03-25 20:47:00,CUST0414,Rice,2
T2032,2024-03-25 20:47:00,CUST0414,Cereal,2
T2033,2024-09-15 18:18:00,CUST0386,Dish Soap,2
T2033,2024-09-15 18:18:00,,Muffins,2
T2033,2024-09-15 18:18:00,CUST0386,Salt,2
T2033,2024-09-15 18:18:00,CUST0386,Bacon,2
T2033,2024-09-15 18:18:00,CUST0386,Eggs,2
T2033,2024-09-15 18:18:00,CUST0386,Yogurt,2
T2033,2024-09-15 18:18:00,CUST0386,Pasta Sauce,2
T2033,2024-09-15 18:18:00,CUST0386,Paper Towels,2
T2033,2024-09-15 18:18:00,CUST0386,Bottled Water,2
T2033,2024-09-15 18:18:00,CUST0386,Pasta,2
T2034,2024-01-21 16:27:00,CUST0240,Frozen Pizza,2
T2034,2024-01-21 16:27:00,CUST0240,Baby Wipes,2
T2034,2024-01-21 16:27:00,CUST0240,Baby Food,2
T2034,2024-01-21 16:27:00,CUST0240,Butter,2
T2034,2024-01-21 16:27:00,CUST0240,Ice Cream,2
T2034,2024-01-21 16:27:00,CUST0240,Bacon,2
T2034,2024-01-21 16:27:00,CUST0240,Eggs,2
T2034,2024-01-21 16:27:00,CUST0240,Chocolate,2
T2034,2024-01-21 16:27:00,CUST0240,Diapers,2
T2034,2024-01-21 16:27:00,CUST0240,Pasta Sauce,2
T2034,2024-01-21 16:27:00,CUST0240,Bottled Water,2
T2035,2024-03-03 11:26:00,CUST0077,Lemons,2
T2035,,CUST0077,Lettuce,2
T2035,2024-03-03 11:26:00,CUST0077,Cheese,2
T2035,2024-03-03 11:26:00,CUST0077,Bread,2
T2035,2024-03-03 11:26:00,CUST0077,Ground Beef,2
T2035,2024-03-03 11:26:00,CUST0077,Oats,2
T2035,2024-03-03 11:26:00,CUST0077,Detergent,2
T2035,2024-03-03 11:26:00,CUST0077,Flour,2
T2035,2024-03-03 11:26:00,CUST0077,Sugar,2
T2035,2024-03-03 11:26:00,CUST0077,Paper Towels,2
T2035,2024-03-03 11:26:00,CUST0077,Bottled Water,2
T2036,2024-08-23 17:22:00,CUST0403,Salsa,2
T2036,2024-08-23 17:22:00,CUST0403,Butter,2
T2036,2024-08-23 17:22:00,CUST0403,Toothpaste,2
T2036,, CUST0403 ,Cheese,2
T2036,2024-08-23 17:22:00,CUST0403,Chips,2
T2036,2024-08-23 17:22:00,CUST0403,Potatoes,2
T2036,2024-08-23 17:22:00,CUST0403,Soap,2
T2036,2024-08-23 17:22:00,CUST0403,Paper Towels,2
T2036,2024-08-23 17:22:00,CUST0403,Wine,2
T2036,2024-08-23 17:22:00,CUST0403,Toothbrush,2
T2036,2024-08-23 17:22:00,CUST0403,Bananas,2
T2037,2024-05-12 21:41:00,CUST0091,Frozen Pizza,2
T2037,2024-05-12 21:41:00,CUST0091,Soda,2
T2037,2034-05-10 21:41:00,CUST0091,Avocado,2
T2037,2024-05-12 21:41:00,CUST0091,Bread,2
T2037,2024-05-12 21:41:00,CUST0091,Croissant,2
T2037,2024-05-12 21:41:00,CUST0091,Coffee,2
T2037,2024-05-12 21:41:00,CUST0091,Orange Juice,2
T2037,2024-05-12 21:41:00,CUST0091,Bananas,2
T2038,2024-05-04 10:43:00,CUST0034,Avocado,2
T2038,2024-05-04 10:43:00,,  shampoo ,2
T2038,2024-05-04 10:43:00,CUST0034,Soap,2
T2038,2024-05-04 10:43:00,CUST0034,Tomatoes,2
T2039,2024-08-08 11:06:00,CUST0159,Tea,2
T2039,2024-08-08 11:06:00,CUST0159,Lettuce,2
T2039,2024-08-08 11:06:00,CUST0159,Toothpaste,2
T2039,2024-08-08 11:06:00,CUST0159,Energy Drink,2
T2039,2024-08-08 11:06:00,CUST0159,Croissant,2
T2039,2024-08-08 11:06:00,CUST0159,Dish Soap,2
T2039,2024-08-08 11:06:00,CUST0159,Soap,2
T2039,2024-08-08 11:06:00,CUST0159,Onions,2
T2039,2024-08-08 11:06:00,CUST0159,Fish Fillet,2
T2039,2024-08-08 11:06:00,CUST0159,Pasta,2
T2040,2024-04-27 19:43:00,CUST0189,Butter,2
T2040,2024-04-27 19:43:00,CUST0189,  chips ,2
T2040,2024-04-27 19:43:00,CUST0189,Coffee,2
T2040,2024-04-27 19:43:00,CUST0189,Sausages,2
T2040,2024-04-27 19:43:00,CUST0189,Beer,2
T2040,2024-04-27 19:43:00,CUST0189,Pasta Sauce,2
T2040,2024-04-27 19:43:00,CUST0189,Cookies,2
T2041,2024-02-13 15:24:00,CUST0158,  onions ,2
T2041,2024-02-13 15:24:00,CUST0158,Tomatoes,2
T2042,,CUST0357,Peanut Butter,2
T2042,2024-03-09 15:39:00,CUST0357,Tomatoes,2
T2042,2024-03-09 15:39:00,CUST0357,Ground Beef,2
T2042,2024-03-09 15:39:00,CUST0357,Croissant,2
T2042,2024-03-09 15:39:00,CUST0357,Dish Soap,2
T2042,2024-03-09 15:39:00,CUST0357,Coffee,2
T2042,2024-03-09 15:39:00,CUST0357,Chocolate,2
T2042,2024-03-09 15:39:00,CUST0357,Cooking Oil,2
T2042,2024-03-09 15:39:00,CUST0357,Sugar,2
T2042,2024-03-09 15:39:00,CUST0357,Potatoes,2
T2043,2024-09-26 12:37:00,CUST0162,Milk,2
T2043,2024-09-26 12:37:00,CUST0162,Salt,2
T2043,2024-09-26 12:37:00,CUST0162,Potatoes,2
T2043,2024-09-26 12:37:00,CUST0162,Yogurt,2
T2043,2024-09-26 12:37:00,CUST0162,Sausages,2
T2043,2024-09-26 12:37:00,CUST0162,Apples,2
T2043,2024-09-26 12:37:00,CUST0162,Bananas,2
T2044,,CUST0047,Ground Beef,2
T2044,2024-04-11 11:37:00,CUST0047,Cream,2
T2044,2024-04-11 11:37:00,CUST0047,Pasta,2
T2044,2024-04-11 11:37:00,CUST0047,Pasta Sauce,2
T2045,2024-01-18 19:04:00,CUST0043,Chips,2
T2045,2024-01-18 19:04:00,CUST0043,Soap,2
T2045,2024-01-18 19:04:00,CUST0043,Soda,2
T2046,2024-07-31 09:35:00,CUST0066,Peanut Butter,2
T2046,2024-07-31 09:35:00,CUST0066,Soda,2
T2046,2024-07-31 09:35:00,CUST0066,Croissant,2
T2046,2024-07-31 09:35:00,CUST0066,Bagels,2
T2046,2024-07-31 09:35:00,CUST0066,Bananas,2
T2046,2024-07-31 09:35:00,CUST0066,Muffins,2
T2046,2024-07-31 09:35:00,CUST0066,Soap,2
T2046,2024-07-31 09:35:00,CUST0066,Toothpaste,2
T2046,2024-07-31 09:35:00,CUST0066,Toothbrush,2
T2046,2024-07-31 09:35:00,CUST0066,Cookies,2
T2047,2024-06-26 10:56:00,CUST0030,Lemons,2
T2047,2024-06-26 10:56:00,CUST0030,Bread,2
T2047,2024-06-26 10:56:00,CUST0030,Energy Drink,2
T2047,2024-06-26 10:56:00,CUST0030,Chips,2
T2047,2024-06-26 10:56:00,CUST0030,Coffee,2
T2047,2024-06-26 10:56:00,CUST0030,Bacon,2
T2047,2024-06-26 10:56:00,CUST0030,Toothpaste,2
T2047,2024-06-26 10:56:00,CUST0030,Toothbrush,2
T2047,2024-06-26 10:56:00,CUST0030,Apples,2
T2048,2024-07-27 11:10:00,CUST0418,Peanut Butter,2
T2048,2024-07-27 11:10:00,CUST0418,Tomatoes,2
T2048,2024-07-27 11:10:00,CUST0418,Toilet Paper,2
T2048,2024-07-27 11:10:00,CUST0418,Coffee,2
T2048,2024-07-27 11:10:00,CUST0418,Ice Cream,2
T2048,2024-07-27 11:10:00,CUST0418,Eggs,2
T2048,2024-07-27 11:10:00,CUST0418,Bacon,2
T2048,2024-07-27 11:10:00,CUST0418,Flour,2
T2048,2024-07-27 11:10:00,CUST0418,Sausages,2
T2048,2024-07-27 11:10:00,CUST0418,Muffins,2
T2048,2024-07-27 11:10:00,CUST0418,Onions,2
T2049,2024-05-30 10:33:00,CUST0275,Frozen Pizza,2
T2049,2024-05-30 10:33:00,CUST0275,Soda,2
T2049,2024-05-30 10:33:00,CUST0275,Avocado,2
T2049,2024-05-30 10:33:00,CUST0275,Oats,2
T2049,2024-05-30 10:33:00,CUST0275,Chips,2
T2049,2024-05-30 10:33:00,CUST0275,Eggs,2
T2049,2024-05-30 10:33:00,CUST0275,Toothpaste,2
T2050,2024-05-01 15:59:00,CUST0203,Bagels,2
T2050,2024-05-01 15:59:00,CUST0203,Flour,2
T2051,2024-01-10 08:12:00,CUST0029,Tea,2
T2051,2024-01-10 08:12:00, CUST0029 ,Jam,2
T2051,2024-01-10 08:12:00,CUST0029,Rice,2
T2052,2024-04-21 12:57:00,CUST0175,Baby Wipes,2
T2052,2024-04-21 12:57:00,CUST0175,Soda,2
T2052,2024-04-21 12:57:00,CUST0175,Oats,2
T2052,2024-04-21 12:57:00,CUST0175,Trash Bags,2
T2052,2024-04-21 12:57:00,CUST0175,Chips,2
T2052,2024-04-21 12:57:00,CUST0175,Muffins,2
T2052,2024-04-21 12:57:00,CUST0175,Rice,2
T2052,2024-04-21 12:57:00,CUST0175,Eggs,2
T2052,2024-04-21 12:57:00,CUST0175,Bottled Water,2
T2052,2024-04-21 12:57:00,CUST0175,Apples,2
T2052,2024-04-21 12:57:00,CUST0175,Honey,2
T2053,2024-09-05 14:48:00,CUST0288,Tissues,2
T2053,2024-09-05 14:48:00,CUST0288,Frozen Pizza,2
T2053,2024-09-05 14:48:00,CUST0288,Trash Bags,2
T2053,2024-09-05 14:48:00,CUST0288,Peanut Butter,2
T2054,2024-01-03 20:33:00,CUST0230,Frozen Pizza,2
T2054,2024-01-03 20:33:00,CUST0230,Soda,2
T2055,2024-03-04 08:06:00,CUST0342,Cereal,2
T2055,2024-03-04 08:06:00,CUST0342,Tea,2
T2055,2024-03-04 08:06:00,CUST0342,Milk,2
T2055,2024-03-04 08:06:00,CUST0342,Onions,2
T2055,2024-03-04 08:06:00,CUST0342,Honey,2
T2056,2024-02-03 20:18:00,CUST0147,Bacon,2
T2056,2024-02-03 20:18:00,CUST0147,Dish Soap,2
T2057,2024-05-07 10:21:00,CUST0290,Butter,2
T2057,2024-05-07 10:21:00,CUST0290,Toothpaste,2
T2057,2024-05-07 10:21:00,CUST0290,Baby Wipes,2
T2057,2024-05-07 10:21:00,CUST0290,Bread,2
T2057,2024-05-07 10:21:00,CUST0290,Soda,2
T2057,2024-05-07 10:21:00,CUST0290,Oats,2
T2057,2024-05-07 10:21:00,CUST0290,Detergent,2
T2057,2024-05-07 10:21:00,CUST0290,Trash Bags,2
T2057,2024-05-07 10:21:00,CUST0290,Chips,2
T2057,2024-05-07 10:21:00,CUST0290,Sausages,2
T2057,2024-05-07 10:21:00,CUST0290,Paper Towels,2
T2058,2024-04-24 12:49:00,CUST0073,Peanut Butter,2
T2058,2024-04-24 12:49:00,CUST0073,Butter,2
T2058,2024-04-24 12:49:00,CUST0073,Bread,2
T2058,2024-04-24 12:49:00,CUST0073,Chocolate,2
T2058,2024-04-24 12:49:00,CUST0073,Popcorn,2
T2059,2024-03-01 15:48:00,CUST0214,Wine,2
T2059,2024-03-01 15:48:00,CUST0214,Ground Beef,2
T2059,2024-03-01 15:48:00,CUST0214,Cheese,2
T2059,2024-03-01 15:48:00,CUST0214,Onions,2
T2060,2024-07-04 18:15:00,CUST0267,Butter,2
T2060,2024-07-04 18:15:00,CUST0267,Bread,2
T2060,,CUST0267,Rice,2
T2060,2024-07-04 18:15:00,CUST0267,Beer,2
T2060,2024-07-04 18:15:00,CUST0267,Apples,2
T2061,2024-08-10 13:01:00,CUST0282,Bread,2
T2061,2024-08-10 13:01:00,CUST0282,Avocado,2
T2061,2024-08-10 13:01:00,CUST0282,Soda,2
T2061,2024-08-10 13:01:00,CUST0282,Coffee,2
T2061,2024-08-10 13:01:00,CUST0282,Sugar,2
T2061,2024-08-10 13:01:00,CUST0282,Soap,2
T2062,2024-07-14 17:24:00,CUST0177,Oats,2
T2062,2024-07-14 17:24:00,CUST0177,Tissues,2
T2062,2024-07-14 17:24:00,CUST0177,Beer,2
T2062,2024-07-14 17:24:00,CUST0177,Chicken Breast,2
T2063,2024-05-16 14:34:00,CUST0077,Soda,2
T2063,2024-05-16 14:34:00,CUST0077,Avocado,2
T2063,2024-05-16 14:34:00,CUST0077,Coffee,2
T2063,2024-05-16 14:34:00,CUST0077,Flour,2
T2063,2024-05-16 14:34:00,CUST0077,Pasta Sauce,2
T2063,2024-05-16 14:34:00,CUST0077,Popcorn,2
T2063,2024-05-16 14:34:00,CUST0077,Toothbrush,2
T2063,2024-05-16 14:34:00,CUST0077,Pasta,2
T2063,2024-05-16 14:34:00,CUST0077,Honey,2
T2064,2024-09-20 14:38:00,CUST0201,Butter,2
T2064,2024-09-20 14:38:00,CUST0201,Tomatoes,2
T2064,,CUST0201,Chips,2
T2064,2024-09-20 14:38:00,CUST0201,Muffins,2
T2064,2024-09-20 14:38:00,CUST0201,Chicken Breast,2
T2065,2024-07-11 16:03:00,CUST0314,Ground Beef,2
T2065,2024-07-11 16:03:00,CUST0314,Eggs,2
T2065,2024-07-11 16:03:00, CUST0314 ,Pasta Sauce,2
T2065,2024-07-11 16:03:00,CUST0314,Pasta,2
T2066,2024-01-26 19:23:00,CUST0113,Salsa,2
T2066,2024-01-26 19:23:00,CUST0113,Tea,2
T2066,2024-01-26 19:23:00,CUST0113,Chocolate,2
T2066,2024-01-26 19:23:00,CUST0113,Pasta Sauce,2
T2066,2024-01-26 19:23:00,CUST0113,Diapers,2
T2066,2024-01-26 19:23:00,CUST0113,Soap,2
T2066,2024-01-26 19:23:00,CUST0113,Pasta,2
T2066,2024-01-26 19:23:00,CUST0113,Honey,2
T2067,2024-08-17 10:46:00,CUST0207,Butter,2
T2067,2024-08-17 10:46:00,CUST0207,Sugar,2
T2067,2024-08-17 10:46:00,CUST0207,Coffee,2
T2067,2024-08-17 10:46:00,CUST0207,Bread,2
T2068,2024-09-25 18:34:00,CUST0135,Lemons,2
T2068,2024-09-25 18:34:00,CUST0135,Cheese,2
T2068,2024-09-25 18:34:00,CUST0135,Tomatoes,2
T2068,2024-09-25 18:34:00,CUST0135,Energy Drink,2
T2068,2024-09-25 18:34:00,CUST0135,Cream,2
T2068,2024-09-25 18:34:00,CUST0135,Croissant,2
T2068,2024-09-25 18:34:00,CUST0135,Trash Bags,2
T2068,,CUST0135,Onions,2
T2068,2024-09-25 18:34:00,CUST0135,Wine,2
T2069,2024-06-09 13:45:00,CUST0088,Salsa,2
T2069,2024-06-09 13:45:00,CUST0088,Tea,2
T2069,2024-06-09 13:45:00,CUST0088,Baby Wipes,2
T2069,2024-06-09 13:45:00,CUST0088,Oats,2
T2069,2024-06-09 13:45:00,CUST0088,Onions,2
T2070,2024-08-04 11:52:00,CUST0263,Peanut Butter,2
T2070,2024-08-04 11:52:00,CUST0263,Bread,2
T2070,2024-08-04 11:52:00,CUST0263,Energy Drink,2
T2070,2024-08-04 11:52:00,CUST0263,Paper Towels,2
T2070,2024-08-04 11:52:00,CUST0263,Chips,2
T2070,2024-08-04 11:52:00,CUST0263,Jam,2
T2070,,CUST0263,Beer,2
T2070,2024-08-04 11:52:00,CUST0263,Cereal,2
T2070,2024-08-04 11:52:00,CUST0263,Bagels,2
T2070,,CUST0263,Bananas,2
T2071,2024-05-31 12:16:00,CUST0304,Milk,2
T2071,2024-05-31 12:16:00,CUST0304,Chips,2
T2071,2024-05-31 12:16:00,CUST0304,Beer,2
T2071,2024-05-31 12:16:00,CUST0304,Diapers,2
T2071,2024-05-31 12:16:00,CUST0304,Cereal,2
T2072,2024-01-23 21:06:00,CUST0221,Toilet Paper,2
T2072,2024-01-23 21:06:00,CUST0221,Rice,2
T2072,2024-01-23 21:06:00,CUST0221,Cheese,2
T2072,2024-01-23 21:06:00,CUST0221,Soda,2
T2073,2024-02-25 10:57:00,CUST0238,Toilet Paper,2
T2073,2024-02-25 10:57:00,CUST0238,Milk,2
T2073,2024-02-25 10:57:00,CUST0238,Bread,2
T2074,,CUST0100,Onions,2
T2074,2024-04-03 09:40:00,CUST0100,Shampoo,2
T2074,2024-04-03 09:40:00,CUST0100,Cooking Oil,2
T2074,2024-04-03 09:40:00,CUST0100,Tomatoes,2
T2075,2024-06-12 14:01:00,CUST0174,Onions,2
T2075,2024-06-12 14:01:00,CUST0174,Frozen Pizza,2
T2075,2024-06-12 14:01:00,CUST0174,Lettuce,2
T2075,2024-06-12 14:01:00,CUST0174,Energy Drink,2
T2075,2024-06-12 14:01:00,CUST0174,Chips,2
T2075,2024-06-12 14:01:00,CUST0174,Chocolate,2
T2075,2024-06-12 14:01:00,CUST0174,Jam,2
T2075,2024-06-12 14:01:00,CUST0174,Diapers,2
T2075,2024-06-12 14:01:00,CUST0174,Flour,2
T2075,2024-06-12 14:01:00,CUST0174,Toothbrush,2
T2076,2024-08-07 14:43:00,CUST0061,Croissant,2
T2076,2024-08-07 14:43:00,CUST0061,Frozen Vegetables,2
T2077,2024-02-13 18:53:00,CUST0088,Soda,2
T2077,2024-02-13 18:53:00,CUST0088,Bread,2
T2077,2024-02-13 18:53:00,CUST0088,Detergent,2
T2077,2024-02-13 18:53:00,CUST0088,Bacon,2
T2077,2024-02-13 18:53:00,CUST0088,Eggs,2
T2077,2024-02-13 18:53:00,CUST0088,Paper Towels,2
T2077,2024-02-13 18:53:00,CUST0088,Bagels,2
T2077,2024-02-13 18:53:00,CUST0088,Shampoo,2
T2077,2024-02-13 18:53:00,CUST0088,Potatoes,2
T2078,2024-07-06 08:49:00,CUST0172,Oats,2
T2078,2024-07-06 08:49:00,CUST0172,Toilet Paper,2
T2078,2024-07-06 08:49:00,CUST0172,Apples,2
T2078,2024-07-06 08:49:00,,Bananas,2
T2079,2024-03-12 13:36:00,CUST0204,Beer,2
T2079,2024-03-12 13:36:00,CUST0204,Chips,2
T2080,2024-01-18 17:44:00,CUST0374,Bread,2
T2080,2024-01-18 17:44:00,CUST0374,Soda,2
T2080,2024-01-18 17:44:00,CUST0374,Croissant,2
T2080,2024-01-18 17:44:00,CUST0374,Eggs,2
T2080,2024-01-18 17:44:00,CUST0374,Orange Juice,2
T2081,2024-09-16 15:51:00,CUST0385,Cereal,2
T2081,2024-09-16 15:51:00,CUST0385,  tea ,2
T2081,2024-09-16 15:51:00,CUST0385,Baby Food,2
T2081,2024-09-16 15:51:00,CUST0385,Avocado,2
T2081,2024-09-16 15:51:00,CUST0385,Cream,2
T2081,2024-09-16 15:51:00,CUST0385,Trash Bags,2
T2081,2024-09-16 15:51:00,CUST0385,Bacon,2
T2081,2024-09-16 15:51:00,CUST0385,Sausages,2
T2081,2024-09-16 15:51:00,CUST0385,Sugar,2
T2081,2024-09-16 15:51:00,CUST0385,Flour,2
T2081,2024-09-16 15:51:00,CUST0385,Fish Fillet,2
T2082,2024-08-19 12:24:00,,Salsa,2
T2082,2024-08-19 12:24:00,CUST0400,Cookies,2
T2082,2024-08-19 12:24:00,CUST0400,Chips,2
T2082,2024-08-19 12:24:00,CUST0400,Muffins,2
T2082,2024-08-19 12:24:00,CUST0400,Bacon,2
T2082,2024-08-19 12:24:00,CUST0400,Eggs,2
T2082,2024-08-19 12:24:00,CUST0400,Beer,2
T2082,2024-08-19 12:24:00,CUST0400,Apples,2
T2082,2024-08-19 12:24:00,CUST0400,Bananas,2
T2083,2024-04-05 18:40:00,CUST0406,Salsa,2
T2083,2024-04-05 18:40:00,CUST0406,Tea,2
T2083,2024-04-05 18:40:00,CUST0406,Milk,2
T2083,2024-04-05 18:40:00,CUST0406,Bread,2
T2083,2024-04-05 18:40:00,CUST0406,Cream,2
T2083,2024-04-05 18:40:00,,Trash Bags,2
T2083,2024-04-05 18:40:00,CUST0406,Frozen Vegetables,2
T2083,2024-04-05 18:40:00,CUST0406,Beer,2
T2083,2024-04-05 18:40:00,CUST0406,Pasta Sauce,2
T2083,2024-04-05 18:40:00,CUST0406,Tissues,2
T2083,2024-04-05 18:40:00,CUST0406,Bottled Water,2
T2084,2024-01-16 18:07:00,CUST0086,Baby Wipes,2
T2084,2024-01-16 18:07:00,CUST0086,Milk,2
T2084,2024-01-16 18:07:00,CUST0086,Bread,2
T2084,2024-01-16 18:07:00,CUST0086,Trash Bags,2
T2084,2024-01-16 18:07:00,CUST0086,Cooking Oil,2
T2084,2024-01-16 18:07:00,CUST0086,Eggs,2
T2084,2024-01-16 18:07:00, CUST0086 ,Paper Towels,2
T2085,2024-04-10 10:22:00,CUST0418,Baby Wipes,2
T2085,2024-04-10 10:22:00,CUST0418,Avocado,2
T2085,2024-04-10 10:22:00,CUST0418,Detergent,2
T2085,2024-04-10 10:22:00,CUST0418,Toilet Paper,2
T2085,2024-04-10 10:22:00,CUST0418,Dish Soap,2
T2085,2024-04-10 10:22:00,CUST0418,Chicken Breast,2
T2085,2024-04-10 10:22:00,CUST0418,Cookies,2
T2086,2024-03-25 12:05:00,CUST0351,Peanut Butter,2
T2086,2024-03-25 12:05:00,CUST0351,Baby Wipes,2
T2086,2024-03-25 12:05:00,CUST0351,Diapers,2
T2086,2024-03-25 12:05:00,CUST0351,Popcorn,2
T2086,2024-03-25 12:05:00,CUST0351,Apples,2
T2087,2024-07-08 09:14:00,CUST0259,Baby Food,2
T2087,2024-07-08 09:14:00,CUST0259,Milk,2
T2087,2024-07-08 09:14:00,CUST0259,Tomatoes,2
T2087,2024-07-08 09:14:00,CUST0259,Chips,2
T2087,2024-07-08 09:14:00,CUST0259,Flour,2
T2087,,CUST0259,Diapers,2
T2087,2024-07-08 09:14:00,CUST0259,Cereal,2
T2087,2024-07-08 09:14:00,CUST0259,Shampoo,2
T2088,2024-09-07 16:16:00,CUST0198,Eggs,2
T2088,2024-09-07 16:16:00,CUST0198,Bacon,2
T2089,2024-02-27 15:38:00, CUST0248 ,Butter,2
T2089,2024-02-27 15:38:00,CUST0248,Milk,2
T2089,2024-02-27 15:38:00,CUST0248,Bread,2
T2089,2024-02-27 15:38:00,CUST0248,Dish Soap,2
T2089,2024-02-27 15:38:00,CUST0248,Coffee,2
T2089,2024-02-27 15:38:00,CUST0248,Eggs,2
T2090,2024-02-15 13:18:00,CUST0233,Milk,2
T2090,2024-02-15 13:18:00,CUST0233,Soda,2
T2090,2024-02-15 13:18:00,CUST0233,Oats,2
T2090,2024-02-15 13:18:00,CUST0233,Detergent,2
T2090,2024-02-15 13:18:00,CUST0233,Chips,2
T2090,,CUST0233,Bananas,2
T2091,2024-08-31 19:54:00,CUST0269,Detergent,2
T2091,2024-08-31 19:54:00,CUST0269,Trash Bags,2
T2091,2024-08-31 19:54:00,CUST0269,Chocolate,2
T2091,2024-08-31 19:54:00,CUST0269,Paper Towels,2
T2091,2024-08-31 19:54:00,CUST0269,Apples,2
T2092,2024-03-31 15:24:00,CUST0316,Peanut Butter,2
T2092,2024-03-31 15:24:00,CUST0316,Butter,2
T2092,2024-03-31 15:24:00,CUST0316,  oats ,2
T2092,2024-03-31 15:24:00,CUST0316,Chicken Breast,2
T2092,2024-03-31 15:24:00,CUST0316,Bacon,2
T2092,2024-03-31 15:24:00,CUST0316,Bottled Water,2
T2093,2024-03-08 20:30:00,CUST0004,Pasta Sauce,2
T2093,2024-03-08 20:30:00,CUST0004,Cheese,2
T2094,2024-09-16 14:50:00,CUST0387,Energy Drink,2
T2094,2024-09-16 14:50:00,CUST0387,Rice,2
T2094,2024-09-16 14:50:00,CUST0387,Cooking Oil,2
T2094,2024-09-16 14:50:00,CUST0387,Yogurt,2
T2094,2024-09-16 14:50:00,,Sugar,2
T2094,2024-09-16 14:50:00,CUST0387,Diapers,2
T2094,2024-09-16 14:50:00,CUST0387,Toothpaste,2
T2094,2024-09-16 14:50:00,,Toothbrush,2
T2094,2024-09-16 14:50:00,CUST0387,Shampoo,2
T2094,2024-09-16 14:50:00,CUST0387,Orange Juice,2
T2095,2024-09-18 13:47:00,CUST0343,Frozen Vegetables,2
T2095,2024-09-18 13:47:00,CUST0343,Beer,2
T2095,2024-09-18 13:47:00,CUST0343,Chips,2
T2095,2024-09-18 13:47:00,CUST0343,Orange Juice,2
T2096,2024-08-07 13:01:00,CUST0070,Tea,2
T2096,2024-08-07 13:01:00,CUST0070,Detergent,2
T2096,2024-08-07 13:01:00,CUST0070,Coffee,2
T2096,2024-08-07 13:01:00,CUST0070,Chocolate,2
T2096,2024-08-07 13:01:00,CUST0070,Bacon,2
T2096,2024-08-07 13:01:00,CUST0070,Pasta Sauce,2
T2096,2024-08-07 13:01:00,CUST0070,Fish Fillet,2
T2096,2024-08-07 13:01:00,CUST0070,  apples ,2
T2097,2024-02-29 20:20:00,CUST0163,Butter,2
T2097,,CUST0163,Lettuce,2
T2097,2024-02-29 20:20:00,CUST0163,Milk,2
T2097,2024-02-29 20:20:00,CUST0163,Tomatoes,2
T2097,2024-02-29 20:20:00,CUST0163,Avocado,2
T2097,2024-02-29 20:20:00,CUST0163,Bread,2
T2098,2024-09-03 08:33:00,CUST0105,Rice,2
T2098,2024-09-03 08:33:00,CUST0105,Flour,2
T2099,2024-08-13 19:18:00,CUST0330,Frozen Pizza,2
T2099,2024-08-13 19:18:00,CUST0330,Baby Food,2
T2099,2024-08-13 19:18:00,CUST0330,Soda,2
T2099,2024-08-13 19:18:00,CUST0330,Tomatoes,2
T2099,2024-08-13 19:18:00,CUST0330,Detergent,2
T2099,2024-08-13 19:18:00,CUST0330,Trash Bags,2
T2099,2024-08-13 19:18:00,CUST0330,Dish Soap,2
T2099,2024-08-13 19:18:00,CUST0330,Frozen Vegetables,2
T2099,2024-08-13 19:18:00,CUST0330,Wine,2
T2099,2024-08-13 19:18:00,CUST0330,Toothbrush,2
T2100,2024-02-02 10:12:00,CUST0311,Peanut Butter,2
T2100,2024-02-02 10:12:00,CUST0311,Cream,2
T2100,2024-02-02 10:12:00,CUST0311,Chips,2
T2100,2024-02-02 10:12:00,CUST0311,Dish Soap,2
T2100,2024-02-02 10:12:00,CUST0311,Chocolate,2
T2100,2024-02-02 10:12:00,CUST0311,Bacon,2
T2100,2024-02-02 10:12:00,CUST0311,Bagels,2
T2100,2024-02-02 10:12:00,CUST0311,Apples,2
T2100,2024-02-02 10:12:00,CUST0311,Orange Juice,2
T2100,2024-02-02 10:12:00,CUST0311,Bananas,2
T2101,2024-03-25 20:30:00,CUST0207,Lemons,2
T2101,2024-03-25 20:30:00,CUST0207,Frozen Pizza,2
T2101,2024-03-25 20:30:00,CUST0207,Lettuce,2
T2101,2024-03-25 20:30:00,CUST0207,Toothpaste,2
T2101,2024-03-25 20:30:00,CUST0207,Energy Drink,2
T2101,2024-03-25 20:30:00,CUST0207,Oats,2
T2101,2024-03-25 20:30:00,CUST0207,Yogurt,2
T2101,2024-03-25 20:30:00,CUST0207,Beer,2
T2101,2024-03-25 20:30:00,CUST0207,Paper Towels,2
T2101,2024-03-25 20:30:00,CUST0207,Bagels,2
T2101,2024-03-25 20:30:00,CUST0207,Bananas,2
T2102,2024-05-13 19:23:00,,Sugar,2
T2102,2024-05-13 19:23:00,CUST0288,Pasta,2
T2102,2024-05-13 19:23:00,CUST0288,Pasta Sauce,2
T2102,2024-05-13 19:23:00,CUST0288,Ice Cream,2
T2103,2024-04-03 19:28:00,CUST0062,Peanut Butter,2
T2103,2024-04-03 19:28:00,CUST0062,  baby wipes ,2
T2103,2024-04-03 19:28:00,CUST0062,Cheese,2
T2103,2024-04-03 19:28:00,CUST0062,Oats,2
T2103,2024-04-03 19:28:00,CUST0062,Toilet Paper,2
T2103,2024-04-03 19:28:00,CUST0062,Beer,2
T2103,2024-04-03 19:28:00,CUST0062,Diapers,2
T2103,2024-04-03 19:28:00,CUST0062,Soap,2
T2103,2024-04-03 19:28:00,CUST0062,Paper Towels,2
T2103,2024-04-03 19:28:00,CUST0062,Shampoo,2
T2103,2024-04-03 19:28:00,CUST0062,Potatoes,2
T2104,2024-08-06 20:20:00,CUST0337,Baby Wipes,2
T2104,2024-08-06 20:20:00,CUST0337,Baby Food,2
T2104,2024-08-06 20:20:00,CUST0337,Apples,2
T2104,2024-08-06 20:20:00,CUST0337,Rice,2
T2104,2024-08-06 20:20:00,CUST0337,Muffins,2
T2104,2024-08-06 20:20:00,CUST0337,Chocolate,2
T2104,2024-08-06 20:20:00,CUST0337,Chips,2
T2104,2024-08-06 20:20:00,CUST0337,Soap,2
T2104,2024-08-06 20:20:00,CUST0337,Bottled Water,2
T2104,2024-08-06 20:20:00,CUST0337,Pasta,2
T2104,2024-08-06 20:20:00,CUST0337,Cookies,2
T2105,2024-07-05 19:15:00,CUST0405,Apples,2
T2105,2024-07-05 19:15:00,CUST0405,Pasta,2
T2105,2024-07-05 19:15:00,CUST0405,Pasta Sauce,2
T2105,2024-07-05 19:15:00,CUST0405,Bananas,2
T2106,2024-01-11 17:21:00,CUST0134,Lettuce,2
T2106,2024-01-11 17:21:00,CUST0134,Tomatoes,2
T2106,2024-01-11 17:21:00,CUST0134,Energy Drink,2
T2106,2024-01-11 17:21:00,CUST0134,Detergent,2
T2106,2024-01-11 17:21:00,CUST0134,Toilet Paper,2
T2106,2024-01-11 17:21:00,CUST0134,Dish Soap,2
T2106,2024-01-11 17:21:00,CUST0134,Frozen Vegetables,2
T2106,2024-01-11 17:21:00,CUST0134,Sausages,2
T2106,2024-01-11 17:21:00,CUST0134,Beer,2
T2107,,CUST0255,Bread,2
T2107,2024-08-27 20:33:00,CUST0255,Energy Drink,2
T2107,2024-08-27 20:33:00,CUST0255,Cream,2
T2107,2024-08-27 20:33:00,CUST0255,Rice,2
T2107,2024-08-27 20:33:00,CUST0255,Chicken Breast,2
T2107,2024-08-27 20:33:00,CUST0255,Chocolate,2
T2107,2024-08-27 20:33:00,CUST0255,Yogurt,2
T2107,2024-08-27 20:33:00,CUST0255,Diapers,2
T2107,,CUST0255,Cookies,2
T2108,2024-02-20 10:50:00,CUST0187,Shampoo,2
T2108,2024-02-20 10:50:00,CUST0187,Chips,2
T2108,2024-02-20 10:50:00,CUST0187,Soap,2
T2108,2024-02-20 10:50:00,CUST0187,Soda,2
T2109,2024-09-07 17:51:00,CUST0352,Lemons,2
T2109,2024-09-07 17:51:00,CUST0352,Milk,2
T2109,2024-09-07 17:51:00,CUST0352,Butter,2
T2109,2024-09-07 17:51:00,CUST0352,Rice,2
T2110,2024-01-21 11:01:00,CUST0143,Baby Food,2
T2110,2024-01-21 11:01:00,CUST0143,Toilet Paper,2
T2110,2024-01-21 11:01:00,CUST0143,Chocolate,2
T2110,2024-01-21 11:01:00,CUST0143,Potatoes,2
T2110,2024-01-21 11:01:00,CUST0143,Toothpaste,2
T2110,2024-01-21 11:01:00,CUST0143,Toothbrush,2
T2110,2024-01-21 11:01:00,CUST0143,Cookies,2
T2111,,CUST0077,Soda,2
T2111,2024-02-17 08:49:00,CUST0077,Ground Beef,2
T2111,2024-02-17 08:49:00,CUST0077,Energy Drink,2
T2111,2024-02-17 08:49:00,CUST0077,Chips,2
T2111,2024-02-17 08:49:00,CUST0077,Pasta Sauce,2
T2112,2024-09-18 11:03:00,CUST0314,Baby Wipes,2
T2112,2024-09-18 11:03:00,CUST0314,Ground Beef,2
T2112,2024-09-18 11:03:00,CUST0314,Croissant,2
T2112,2024-09-18 11:03:00,CUST0314,Ice Cream,2
T2112,2024-09-18 11:03:00,CUST0314,Orange Juice,2
T2113,2024-08-23 14:29:00,CUST0386,Butter,2
T2113,2024-08-23 14:29:00,CUST0386,Cheese,2
T2113,2024-08-23 14:29:00, CUST0386 ,Bread,2
T2113,2024-08-23 14:29:00,CUST0386,Soda,2
T2113,2024-08-23 14:29:00,CUST0386,Oats,2
T2113,2024-08-23 14:29:00,CUST0386,Toilet Paper,2
T2113,2024-08-23 14:29:00,CUST0386,Chips,2
T2113,2024-08-23 14:29:00,CUST0386,Frozen Vegetables,2
T2113,2024-08-23 14:29:00,CUST0386,Jam,2
T2113,2024-08-23 14:29:00,CUST0386,Bottled Water,2
T2113,2024-08-23 14:29:00,CUST0386,Bananas,2
T2114,2024-01-22 09:39:00,CUST0370,Eggs,2
T2114,2024-01-22 09:39:00,CUST0370,Pasta,2
T2114,2024-01-22 09:39:00,CUST0370,Pasta Sauce,2
T2114,2024-01-22 09:39:00,CUST0370,Cheese,2
T2115,2024-04-19 08:18:00,CUST0293,Salsa,2
T2115,2024-04-19 08:18:00,CUST0293,Lettuce,2
T2115,2024-04-19 08:18:00,CUST0293,Diapers,2
T2115,2024-04-19 08:18:00,CUST0293,Flour,2
T2116,2024-06-03 20:33:00,CUST0054,Ground Beef,2
T2116,2024-06-03 20:33:00,CUST0054,Baby Wipes,2
T2116,2024-06-03 20:33:00,CUST0054,Pasta Sauce,2
T2116,2024-06-03 20:33:00,CUST0054,Onions,2
T2117,2024-07-21 18:33:00,CUST0072,Bacon,2
T2117,2024-07-21 18:33:00,CUST0072,Rice,2
T2118,2024-01-01 20:59:00,CUST0110,Baby Wipes,2
T2118,2024-01-01 20:59:00,CUST0110,Butter,2
T2118,2024-01-01 20:59:00,CUST0110,Baby Food,2
T2118,2024-01-01 20:59:00,CUST0110,Bread,2
T2118,2024-01-01 20:59:00,CUST0110,Cream,2
T2118,2024-01-01 20:59:00,CUST0110,Detergent,2
T2118,2024-01-01 20:59:00,CUST0110,Ice Cream,2
T2118,2024-01-01 20:59:00,CUST0110,Sugar,2
T2118,2024-01-01 20:59:00,CUST0110,Diapers,2
T2118,2024-01-01 20:59:00,CUST0110,Popcorn,2
T2118,2024-01-01 20:59:00,CUST0110,Paper Towels,2
T2119,2024-08-20 09:09:00,CUST0142,Soda,2
T2119,2024-08-20 09:09:00,CUST0142,Ice Cream,2
T2119,2024-08-20 09:09:00,CUST0142,Chocolate,2
T2120,2024-01-28 14:07:00,CUST0186,Lemons,2
T2120,2024-01-28 14:07:00,CUST0186,Tea,2
T2120,2024-01-28 14:07:00,CUST0186,Apples,2
T2120,2024-01-28 14:07:00,CUST0186,Detergent,2
T2120,2024-01-28 14:07:00,CUST0186,Trash Bags,2
T2120,2024-01-28 14:07:00,CUST0186,Chips,2
T2120,2024-01-28 14:07:00,CUST0186,Muffins,2
T2120,2024-01-28 14:07:00,CUST0186,Bottled Water,2
T2120,2024-01-28 14:07:00,CUST0186,Pasta,2
T2121,2024-01-12 14:14:00,CUST0067,Shampoo,2
T2121,2024-01-12 14:14:00,CUST0067,Chips,2
T2121,2024-01-12 14:14:00,CUST0067,Soap,2
T2121,2024-01-12 14:14:00,CUST0067,Soda,2
T2122,2024-03-04 08:39:00,CUST0186,Tomatoes,2
T2122,2024-03-04 08:39:00,CUST0186,Bread,2
T2122,2024-03-04 08:39:00,CUST0186,Energy Drink,2
T2122,2024-03-04 08:39:00,CUST0186,Bacon,2
T2122,2024-03-04 08:39:00,CUST0186,Honey,2
T2123,2024-02-24 10:53:00,CUST0415,Lettuce,2
T2123,2024-02-24 10:53:00,CUST0415,Dish Soap,2
T2123,2024-02-24 10:53:00,CUST0415,Chocolate,2
T2123,2024-02-24 10:53:00,CUST0415,Bacon,2
T2123,2024-02-24 10:53:00,CUST0415,Soap,2
T2123,2024-02-24 10:53:00,CUST0415,Onions,2
T2123,2024-02-24 10:53:00,CUST0415,Toothbrush,2
T2124,2024-05-21 20:05:00,CUST0251,Milk,2
T2124,2024-05-21 20:05:00,CUST0251,Cheese,2
T2124,2024-05-21 20:05:00,CUST0251,Coffee,2
T2124,2024-05-21 20:05:00,CUST0251,Muffins,2
T2124,2024-05-21 20:05:00,CUST0251,Yogurt,2
T2124,2024-05-21 20:05:00,CUST0251,Soap,2
T2124,2024-05-21 20:05:00,CUST0251,Onions,2
T2124,2024-05-21 20:05:00,CUST0251,Wine,2
T2124,2024-05-21 20:05:00,CUST0251,Honey,2
T2124,2024-05-21 20:05:00,CUST0251,Bananas,2
T2125,2024-04-10 16:02:00,CUST0210,Peanut Butter,2
T2125,2024-04-10 16:02:00,CUST0210,Baby Food,2
T2125,2024-04-10 16:02:00,CUST0210,Soda,2
T2125,2024-04-10 16:02:00,CUST0210,Detergent,2
T2125,2024-04-10 16:02:00,CUST0210,Muffins,2
T2125,2024-04-10 16:02:00,CUST0210,Flour,2
T2125,2024-04-10 16:02:00,CUST0210,Yogurt,2
T2125,2024-04-10 16:02:00,CUST0210,Toothpaste,2
T2125,2024-04-10 16:02:00,CUST0210,Toothbrush,2
T2125,2024-04-10 16:02:00,CUST0210,Honey,2
T2126,2024-05-27 13:33:00,CUST0142,Chips,2
T2126,2024-05-27 13:33:00,CUST0142,Cheese,2
T2126,2024-05-27 13:33:00,CUST0142,Soda,2
T2127,2024-06-30 15:27:00,CUST0361,Soda,2
T2127,,CUST0361,Croissant,2
T2127,2024-06-30 15:27:00,CUST0361,Chips,2
T2127,2024-06-30 15:27:00, CUST0361 ,Muffins,2
T2127,2024-06-30 15:27:00,CUST0361,Tissues,2
T2128,2024-04-12 17:25:00,CUST0081,Sugar,2
T2128,2024-04-12 17:25:00,CUST0081,Coffee,2
T2128,2024-04-12 17:25:00,CUST0081,Bread,2
T2129,2024-09-25 11:53:00,CUST0071,Salt,2
T2129,,CUST0071,Beer,2
T2129,2024-09-25 11:53:00,CUST0071,Chips,2
T2129,2024-09-25 11:53:00,CUST0071,Cereal,2
T2130,,CUST0302,Butter,2
T2130,2024-02-29 08:28:00,CUST0302,Pasta,2
T2130,2024-02-29 08:28:00,CUST0302,Bread,2
T2130,2024-02-29 08:28:00,CUST0302,Cooking Oil,2
T2130,2024-02-29 08:28:00,CUST0302,Muffins,2
T2130,2024-02-29 08:28:00,CUST0302,Soap,2
T2130,2024-02-29 08:28:00,CUST0302,Shampoo,2
T2130,2024-02-29 08:28:00,CUST0302,Honey,2
T2131,2024-05-14 17:15:00,CUST0279,Croissant,2
T2131,2024-05-14 17:15:00,CUST0279,Beer,2
T2132,2024-03-29 08:16:00,CUST0313,Pasta Sauce,2
T2132,2024-03-29 08:16:00,CUST0313,Pasta,2
T2132,2024-03-29 08:16:00,CUST0313,Dish Soap,2
T2133,2024-03-02 21:26:00,CUST0196,Salsa,2
T2133,2024-03-02 21:26:00,CUST0196,Tomatoes,2
T2133,2024-03-02 21:26:00,CUST0196,Bread,2
T2133,2024-03-02 21:26:00,CUST0196,Cream,2
T2133,,CUST0196,Chicken Breast,2
T2133,2024-03-02 21:26:00,CUST0196,Frozen Vegetables,2
T2133,2024-03-02 21:26:00,CUST0196,Eggs,2
T2133,2024-03-02 21:26:00,CUST0196,Beer,2
T2134,2024-01-26 15:30:00,CUST0293,Bagels,2
T2134,2024-01-26 15:30:00,CUST0293,Cream,2
T2134,2024-01-26 15:30:00,CUST0293,Apples,2
T2134,2024-01-26 15:30:00,CUST0293,Honey,2
T2135,2024-03-25 14:54:00,CUST0339,Baby Food,2
T2135,2024-03-25 14:54:00,CUST0339,Chips,2
T2135,2024-03-25 14:54:00,CUST0339,Jam,2
T2135,2024-03-25 14:54:00,CUST0339,Bagels,2
T2136,2024-02-12 11:23:00,CUST0351,Lemons,2
T2136,2024-02-12 11:23:00,CUST0351,Peanut Butter,2
T2136,2024-02-12 11:23:00,CUST0351,Soda,2
T2136,2024-02-12 11:23:00,CUST0351,Energy Drink,2
T2136,2024-02-12 11:23:00,CUST0351,Oats,2
T2136,2024-02-12 11:23:00,CUST0351,Chips,2
T2136,2024-02-12 11:23:00,CUST0351,Muffins,2
T2136,2024-02-12 11:23:00,CUST0351,Yogurt,2
T2137,2024-03-11 10:48:00,CUST0062,Lemons,2
T2137,2024-03-11 10:48:00,CUST0062,Soda,2
T2137,2024-03-11 10:48:00,CUST0062,Croissant,2
T2137,2024-03-11 10:48:00,CUST0062,Muffins,2
T2137,2024-03-11 10:48:00,CUST0062,Chocolate,2
T2137,2024-03-11 10:48:00,CUST0062,Ice Cream,2
T2137,2024-03-11 10:48:00,CUST0062,Eggs,2
T2137,2024-03-11 10:48:00,CUST0062,Sausages,2
T2137,2024-03-11 10:48:00,CUST0062,Shampoo,2
T2138,2024-05-12 16:02:00,CUST0215,Dish Soap,2
T2138,2024-05-12 16:02:00,CUST0215,Chocolate,2
T2138,2024-05-12 16:02:00,CUST0215,  diapers ,2
T2138,2024-05-12 16:02:00,CUST0215,Bagels,2
T2139,2024-07-25 09:48:00,CUST0332,Cereal,2
T2139,2024-07-25 09:48:00,CUST0332,Paper Towels,2
T2139,,CUST0332,Shampoo,2
T2139,2024-07-25 09:48:00,CUST0332,Popcorn,2
T2140,2024-01-26 12:02:00,CUST0302,Baby Wipes,2
T2140,2024-01-26 12:02:00,CUST0302,Baby Food,2
T2140,2024-01-26 12:02:00,CUST0302,Toilet Paper,2
T2140,2024-01-26 12:02:00, CUST0302 ,Chips,2
T2140,2024-01-26 12:02:00,CUST0302,Ice Cream,2
T2140,2024-01-26 12:02:00,CUST0302,Beer,2
T2140,2024-01-26 12:02:00,CUST0302,Diapers,2
T2140,2024-01-26 12:02:00,CUST0302,Bottled Water,2
T2141,2024-01-23 15:57:00,CUST0283,Bacon,2
T2141,2024-01-23 15:57:00,CUST0283,Eggs,2
T2142,2024-01-24 17:59:00,CUST0216,Peanut Butter,2
T2142,2024-01-24 17:59:00,CUST0216,Baby Wipes,2
T2142,2024-01-24 17:59:00,CUST0216,Baby Food,2
T2142,2024-01-24 17:59:00,CUST0216,Toilet Paper,2
T2142,2024-01-24 17:59:00,CUST0216,Salt,2
T2142,,CUST0216,Soap,2
T2142,2024-01-24 17:59:00,CUST0216,Shampoo,2
T2142,2024-01-24 17:59:00,CUST0216,Cookies,2
T2143,2024-06-22 09:24:00,CUST0073,Tea,2
T2143,2024-06-22 09:24:00,CUST0073,Baby Food,2
T2143,2024-06-22 09:24:00,CUST0073,Cream,2
T2143,2024-06-22 09:24:00,CUST0073,Muffins,2
T2143,2024-06-22 09:24:00,CUST0073,Chicken Breast,2
T2143,2024-06-22 09:24:00,CUST0073,Diapers,2
T2143,2024-06-22 09:24:00,CUST0073,Paper Towels,2
T2143,2024-06-22 09:24:00,,Toothbrush,2
T2143,2024-06-22 09:24:00,CUST0073,Pasta,2
T2143,,CUST0073,Honey,2
T2144,2024-04-23 12:34:00,CUST0205,Tea,2
T2144,2024-04-23 12:34:00,CUST0205,Bread,2
T2144,2024-04-23 12:34:00,CUST0205,Ground Beef,2
T2144,2024-04-23 12:34:00,CUST0205,Chips,2
T2144,2024-04-23 12:34:00,CUST0205,Soap,2
T2145,2024-02-02 09:19:00,CUST0038,Cream,2
T2145,2024-02-02 09:19:00,CUST0038,Diapers,2
T2145,2024-02-02 09:19:00,CUST0038,Chips,2
T2145,2024-02-02 09:19:00,CUST0038,Toothpaste,2
T2146,2024-08-31 19:26:00,CUST0001,Energy Drink,2
T2146,2024-08-31 19:26:00,CUST0001,Soap,2
T2146,2024-08-31 19:26:00,CUST0001,Paper Towels,2
T2146,2024-08-31 19:26:00,CUST0001,Bananas,2
T2147,2024-02-19 14:20:00,CUST0333,Soda,2
T2147,2024-02-19 14:20:00,CUST0333,Croissant,2
T2147,2024-02-19 14:20:00,CUST0333,Detergent,2
T2147,,CUST0333,Chips,2
T2147,2024-02-19 14:20:00,CUST0333,Cooking Oil,2
T2147,2024-02-19 14:20:00,CUST0333,Frozen Vegetables,2
T2147,2024-02-19 14:20:00,CUST0333,Fish Fillet,2
T2147,2024-02-19 14:20:00,CUST0333,Shampoo,2
T2147,2024-02-19 14:20:00,CUST0333,Honey,2
T2148,2024-08-28 20:47:00,CUST0248,Ground Beef,2
T2148,2024-08-28 20:47:00,CUST0248,Muffins,2
T2148,2024-08-28 20:47:00,CUST0248,Sausages,2
T2148,2024-08-28 20:47:00,CUST0248,Toothpaste,2
T2148,2024-08-28 20:47:00,CUST0248,Shampoo,2
T2149,2024-09-21 21:06:00,,Soda,2
T2149,2024-09-21 21:06:00,CUST0404,Energy Drink,2
T2149,2024-09-21 21:06:00,CUST0404,Chicken Breast,2
T2149,2024-09-21 21:06:00,CUST0404,Pasta Sauce,2
T2149,2024-09-21 21:06:00,CUST0404,Diapers,2
T2149,2024-09-21 21:06:00,CUST0404,Cereal,2
T2149,2024-09-21 21:06:00,CUST0404,Bagels,2
T2149,2024-09-21 21:06:00,CUST0404,Pasta,2
T2149,,CUST0404,Honey,2
T2150,2024-02-16 13:21:00,CUST0302,Lemons,2
T2150,2024-02-16 13:21:00,CUST0302,Lettuce,2
T2150,2024-02-16 13:21:00,CUST0302,Toilet Paper,2
T2150,2024-02-16 13:21:00,CUST0302,Diapers,2
T2150,2024-02-16 13:21:00,CUST0302,Cereal,2
T2150,2024-02-16 13:21:00,CUST0302,Toothbrush,2
T2150,2024-02-16 13:21:00,CUST0302,Pasta,2
T2150,2024-02-16 13:21:00,CUST0302,Paper Towels,2
T2151,2024-02-10 14:43:00,CUST0373,Butter,2
T2151,2024-02-10 14:43:00,CUST0373,Milk,2
T2151,2024-02-10 14:43:00,CUST0373,Lettuce,2
T2151,2024-02-10 14:43:00,CUST0373,Detergent,2
T2151,2024-02-10 14:43:00,CUST0373,Paper Towels,2
T2151,2024-02-10 14:43:00,CUST0373,Ice Cream,2
T2151,2024-02-10 14:43:00,CUST0373,Yogurt,2
T2151,,CUST0373,Cereal,2
T2151,2024-02-10 14:43:00,CUST0373,Orange Juice,2
T2151,2024-02-10 14:43:00,CUST0373,Cookies,2
T2152,2024-07-13 15:00:00,CUST0026,Lemons,2
T2152,2024-07-13 15:00:00,CUST0026,Tea,2
T2152,2024-07-13 15:00:00,CUST0026,Lettuce,2
T2152,2024-07-13 15:00:00,CUST0026,Toilet Paper,2
T2152,,CUST0026,Rice,2
T2152,2024-07-13 15:00:00,CUST0026,Dish Soap,2
T2152,2024-07-13 15:00:00,CUST0026,Pasta Sauce,2
T2152,2024-07-13 15:00:00,CUST0026,Soap,2
T2152,2024-07-13 15:00:00,CUST0026,Toothpaste,2
T2152,2024-07-13 15:00:00,CUST0026,Honey,2
T2152,2024-07-13 15:00:00,CUST0026,Bananas,2
T2153,2024-05-14 10:00:00,CUST0420,Cheese,2
T2153,2024-05-14 10:00:00,CUST0420,Avocado,2
T2153,2024-05-14 10:00:00,CUST0420,Ground Beef,2
T2153,2024-05-14 10:00:00,CUST0420,Chocolate,2
T2153,2024-05-14 10:00:00,CUST0420,Frozen Vegetables,2
T2153,2024-05-14 10:00:00,CUST0420,Sausages,2
T2153,2024-05-14 10:00:00,CUST0420,Paper Towels,2
T2153,2024-05-14 10:00:00,CUST0420,Fish Fillet,2
T2153,2024-05-14 10:00:00,CUST0420,Tissues,2
T2153,2024-05-14 10:00:00,CUST0420,Orange Juice,2
T2154,2024-04-08 20:32:00,CUST0413,Baby Food,2
T2154,2024-04-08 20:32:00,CUST0413,Milk,2
T2154,2024-04-08 20:32:00,CUST0413,Muffins,2
T2154,2024-04-08 20:32:00,CUST0413,Pasta Sauce,2
T2154,2024-04-08 20:32:00,,Cereal,2
T2154,2024-04-08 20:32:00,CUST0413,Pasta,2
T2154,2024-04-08 20:32:00,,Honey,2
T2155,2024-01-28 09:25:00,CUST0324,Tea,2
T2155,2024-01-28 09:25:00,CUST0324,Toothpaste,2
T2155,2024-01-28 09:25:00,CUST0324,Flour,2
T2155,2024-01-28 09:25:00,CUST0324,Beer,2
T2155,2024-01-28 09:25:00,CUST0324,Diapers,2
T2155,2024-01-28 09:25:00,CUST0324,Paper Towels,2
T2155,2024-01-28 09:25:00,CUST0324,Wine,2
T2155,2024-01-28 09:25:00,CUST0324,Cookies,2
T2156,2024-01-05 19:59:00,CUST0346,Frozen Pizza,2
T2156,2024-01-05 19:59:00,CUST0346,Soda,2
T2157,2024-09-01 19:42:00,CUST0243,Diapers,2
T2157,2024-09-01 19:42:00,CUST0243,Baby Wipes,2
T2157,2024-09-01 19:42:00,CUST0243,Baby Food,2
T2157,2024-09-01 19:42:00, CUST0243 ,Toothbrush,2
T2158,2024-09-14 21:16:00,CUST0274,Peanut Butter,2
T2158,2024-09-14 21:16:00,CUST0274,Ground Beef,2
T2158,2024-09-14 21:16:00,CUST0274,Oats,2
T2158,2024-09-14 21:16:00,CUST0274,Muffins,2
T2158,2024-09-14 21:16:00,CUST0274,Chocolate,2
T2158,2024-09-14 21:16:00,CUST0274,Beer,2
T2158,2024-09-14 21:16:00,CUST0274,Cereal,2
T2158,2024-09-14 21:16:00,CUST0274,Honey,2
T2159,2024-07-02 15:59:00,CUST0403,Salsa,2
T2159,2024-07-02 15:59:00,CUST0403,Cereal,2
T2159,2024-07-02 15:59:00,CUST0403,Tea,2
T2159,2024-07-02 15:59:00,CUST0403,  ground beef ,2
T2159,2024-07-02 15:59:00,CUST0403,Toilet Paper,2
T2159,2024-07-02 15:59:00,CUST0403,Ice Cream,2
T2159,2024-07-02 15:59:00,CUST0403,Frozen Vegetables,2
T2159,2024-07-02 15:59:00,CUST0403,Onions,2
T2159,2024-07-02 15:59:00,CUST0403,Apples,2
T2159,2024-07-02 15:59:00,CUST0403,Bananas,2
T2160,,CUST0389,Cheese,2
T2160,2024-05-08 11:47:00,CUST0389,Soda,2
T2160,, CUST0389 ,Energy Drink,2
T2160,2024-05-08 11:47:00,CUST0389,Chips,2
T2160,2024-05-08 11:47:00,CUST0389,Coffee,2
T2160,2024-05-08 11:47:00,CUST0389,Chicken Breast,2
T2160,2024-05-08 11:47:00,CUST0389,Eggs,2
T2160,2024-05-08 11:47:00,CUST0389,Jam,2
T2161,2024-09-20 10:19:00,CUST0066,Milk,2
T2161,2024-09-20 10:19:00,CUST0066,Cheese,2
T2161,2024-09-20 10:19:00,CUST0066,Soda,2
T2161,2024-09-20 10:19:00,CUST0066,Chips,2
T2161,2024-09-20 10:19:00,CUST0066,Dish Soap,2
T2161,,CUST0066,Cereal,2
T2161,2024-09-20 10:19:00,CUST0066,Wine,2
T2162,2024-07-07 12:41:00,CUST0240,Milk,2
T2162,2024-07-07 12:41:00,CUST0240,Cheese,2
T2162,2024-07-07 12:41:00,CUST0240,Avocado,2
T2162,2024-07-07 12:41:00,CUST0240,Detergent,2
T2162,2024-07-07 12:41:00,CUST0240,Chicken Breast,2
T2162,2024-07-07 12:41:00,CUST0240,Toothbrush,2
T2163,2024-03-19 19:28:00,CUST0147,Jam,2
T2163,2024-03-19 19:28:00,CUST0147,Diapers,2
T2163,2024-03-19 19:28:00,CUST0147,Orange Juice,2
T2164,2024-07-13 18:10:00,,Frozen Pizza,2
T2164,2024-07-13 18:10:00,CUST0420,Lettuce,2
T2164,2024-07-13 18:10:00,CUST0420,Soda,2
T2164,2024-07-13 18:10:00,CUST0420,Chips,2
T2164,2024-07-13 18:10:00,CUST0420,Muffins,2
T2164,2024-07-13 18:10:00,CUST0420,Sausages,2
T2164,2024-07-13 18:10:00,CUST0420,Orange Juice,2
T2164,2024-07-13 18:10:00,CUST0420,Bananas,2
T2165,2024-04-09 08:24:00,CUST0312,Butter,2
T2165,2024-04-09 08:24:00,CUST0312,Lettuce,2
T2165,2024-04-09 08:24:00,CUST0312,Avocado,2
T2165,2024-04-09 08:24:00,CUST0312,Cream,2
T2165,2024-04-09 08:24:00,CUST0312,  trash bags ,2
T2165,2024-04-09 08:24:00,CUST0312,Salt,2
T2165,2024-04-09 08:24:00,CUST0312,Cooking Oil,2
T2165,2024-04-09 08:24:00,CUST0312,Yogurt,2
T2165,2024-04-09 08:24:00,CUST0312,Bagels,2
T2166,2024-09-20 09:45:00,CUST0203,Milk,2
T2166,2024-09-20 09:45:00,CUST0203,Soda,2
T2166,2024-09-20 09:45:00,CUST0203,Cereal,2
T2166,2024-09-20 09:45:00,CUST0203,Bagels,2
T2167,2024-05-22 12:16:00,CUST0344,Toothbrush,2
T2167,2024-05-22 12:16:00,CUST0344,Sugar,2
T2167,2024-05-22 12:16:00,CUST0344,Toothpaste,2
T2168,2024-09-19 18:16:00,CUST0276,Peanut Butter,2
T2168,2024-09-19 18:16:00,CUST0276,Baby Wipes,2
T2168,2024-09-19 18:16:00,CUST0276,Milk,2
T2168,2024-09-19 18:16:00,CUST0276,Cheese,2
T2168,2024-09-19 18:16:00,CUST0276,Soda,2
T2168,2024-09-19 18:16:00,CUST0276,Rice,2
T2168,2024-09-19 18:16:00,CUST0276,Coffee,2
T2168,2024-09-19 18:16:00,CUST0276,Eggs,2
T2168,2024-09-19 18:16:00,CUST0276,Bagels,2
T2168,,CUST0276,Potatoes,2
T2169,2024-01-19 20:05:00,CUST0374,Peanut Butter,2
T2169,2024-01-19 20:05:00,CUST0374,Frozen Pizza,2
T2169,2024-01-19 20:05:00,CUST0374,Baby Food,2
T2169,2024-01-19 20:05:00,CUST0374,Ground Beef,2
T2169,2024-01-19 20:05:00,CUST0374,Avocado,2
T2169,2024-01-19 20:05:00,CUST0374,Chicken Breast,2
T2169,2024-01-19 20:05:00,CUST0374,Ice Cream,2
T2169,2024-01-19 20:05:00,,Yogurt,2
T2169,2024-01-19 20:05:00,CUST0374,Pasta Sauce,2
T2169,2024-01-19 20:05:00,CUST0374,Pasta,2
T2169,2024-01-19 20:05:00,CUST0374,Orange Juice,2
T2170,2024-05-01 17:50:00,CUST0053,Bagels,2
T2170,2024-05-01 17:50:00,CUST0053,Detergent,2
T2170,2024-05-01 17:50:00,CUST0053,Dish Soap,2
T2170,2024-05-01 17:50:00,CUST0053,Onions,2
T2171,2024-01-08 10:14:00,CUST0090,Cheese,2
T2171,2024-01-08 10:14:00,CUST0090,Energy Drink,2
T2171,2024-01-08 10:14:00,CUST0090,Chips,2
T2171,2024-01-08 10:14:00,CUST0090,Chocolate,2
T2171,2024-01-08 10:14:00,CUST0090,Pasta Sauce,2
T2171,2024-01-08 10:14:00,CUST0090,Apples,2
T2171,2024-01-08 10:14:00,CUST0090,Bananas,2
T2172,2024-04-06 13:24:00,CUST0408,Butter,2
T2172,2024-04-06 13:24:00,CUST0408,Bread,2
T2172,2024-04-06 13:24:00,CUST0408,  trash bags ,2
T2172,2034-04-04 13:24:00,CUST0408,Coffee,2
T2172,2024-04-06 13:24:00,CUST0408,Ice Cream,2
T2172,2024-04-06 13:24:00,CUST0408,Bacon,2
T2172,2024-04-06 13:24:00,CUST0408,Eggs,2
T2172,2024-04-06 13:24:00,CUST0408,Pasta Sauce,2
T2172,2024-04-06 13:24:00,CUST0408,Cereal,2
T2172,2024-04-06 13:24:00,CUST0408,Bagels,2
T2172,2024-04-06 13:24:00,CUST0408,Pasta,2
T2173,2024-03-11 11:20:00,CUST0159,Lettuce,2
T2173,2024-03-11 11:20:00,CUST0159,Cheese,2
T2173,2024-03-11 11:20:00,CUST0159,Bread,2
T2173,2024-03-11 11:20:00,CUST0159,Ground Beef,2
T2173,2024-03-11 11:20:00,CUST0159,Ice Cream,2
T2173,,CUST0159,Eggs,2
T2173,2024-03-11 11:20:00,CUST0159,Cereal,2
T2174,2024-01-09 15:53:00,CUST0385,Milk,2
T2174,2024-01-09 15:53:00,CUST0385,Bread,2
T2174,2024-01-09 15:53:00,CUST0385,Chocolate,2
T2175,,CUST0048,Butter,2
T2175,2024-07-18 14:17:00,CUST0048,Baby Food,2
T2175,2024-07-18 14:17:00,CUST0048,Croissant,2
T2175,2024-07-18 14:17:00,CUST0048,Cooking Oil,2
T2175,,CUST0048,Eggs,2
T2175,2024-07-18 14:17:00,CUST0048,Diapers,2
T2175,2024-07-18 14:17:00,CUST0048,Paper Towels,2
T2176,2024-08-28 08:33:00,CUST0315,Baby Food,2
T2176,2024-08-28 08:33:00,CUST0315,Tomatoes,2
T2176,2024-08-28 08:33:00,CUST0315,Bread,2
T2176,2024-08-28 08:33:00,CUST0315,Oats,2
T2176,2024-08-28 08:33:00,CUST0315,Rice,2
T2176,2024-08-28 08:33:00,CUST0315,Bacon,2
T2176,2024-08-28 08:33:00,CUST0315,Fish Fillet,2
T2177,2024-01-08 16:14:00,CUST0277,Salsa,2
T2177,2024-01-08 16:14:00,CUST0277,Soda,2
T2177,2024-01-08 16:14:00,CUST0277,Energy Drink,2
T2177,2024-01-08 16:14:00,CUST0277,Trash Bags,2
T2177,2024-01-08 16:14:00,CUST0277,Sausages,2
T2177,2024-01-08 16:14:00,CUST0277,Popcorn,2
T2177,2024-01-08 16:14:00,CUST0277,Toothpaste,2
T2177,2024-01-08 16:14:00,CUST0277,Tissues,2
T2177,2024-01-08 16:14:00,CUST0277,Shampoo,2
T2177,2024-01-08 16:14:00,CUST0277,Paper Towels,2
T2178,2024-05-01 10:01:00,CUST0045,Baby Wipes,2
T2178,2024-05-01 10:01:00,CUST0045,Croissant,2
T2178,2024-05-01 10:01:00,CUST0045,Detergent,2
T2178,2024-05-01 10:01:00,CUST0045,Dish Soap,2
T2178,2024-05-01 10:01:00,,Muffins,2
T2178,2024-05-01 10:01:00,CUST0045,Eggs,2
T2178,2024-05-01 10:01:00,CUST0045,Paper Towels,2
T2178,2024-05-01 10:01:00,CUST0045,Toothbrush,2
T2178,2024-05-01 10:01:00,CUST0045,Cookies,2
T2179,2024-08-24 13:21:00,CUST0262,Cereal,2
T2179,2024-08-24 13:21:00,CUST0262,Tomatoes,2
T2179,2024-08-24 13:21:00,CUST0262,Avocado,2
T2179,2024-08-24 13:21:00,CUST0262,Bread,2
T2179,2024-08-24 13:21:00,CUST0262,Dish Soap,2
T2179,2024-08-24 13:21:00,CUST0262,Paper Towels,2
T2179,2024-08-24 13:21:00,CUST0262,Fish Fillet,2
T2179,2024-08-24 13:21:00,CUST0262,Bagels,2
T2179,2024-08-24 13:21:00,CUST0262,Orange Juice,2
T2179,2024-08-24 13:21:00,CUST0262,Cookies,2
T2180,2024-03-11 15:18:00,CUST0198,Pasta,2
T2180,2024-03-11 15:18:00,CUST0198,Pasta Sauce,2
T2180,2024-03-11 15:18:00,CUST0198,Cheese,2
T2181,2024-02-08 15:03:00,CUST0416,Pasta,2
T2181,2024-02-08 15:03:00,CUST0416,Soda,2
T2181,2024-02-08 15:03:00,CUST0416,Energy Drink,2
T2181,2024-02-08 15:03:00,CUST0416,Rice,2
T2181,2024-02-08 15:03:00, CUST0416 ,Chicken Breast,2
T2181,2024-02-08 15:03:00,CUST0416,Chocolate,2
T2181,2024-02-08 15:03:00,CUST0416,Ice Cream,2
T2181,2024-02-08 15:03:00,CUST0416,Pasta Sauce,2
T2181,2024-02-08 15:03:00,CUST0416,Tissues,2
T2181,2024-02-08 15:03:00,CUST0416,Shampoo,2
T2181,2024-02-08 15:03:00,CUST0416,Orange Juice,2
T2182,2024-09-15 10:00:00,CUST0296,Frozen Pizza,2
T2182,2024-09-15 10:00:00,CUST0296,Butter,2
T2182,2024-09-15 10:00:00,,Lettuce,2
T2182,2024-09-15 10:00:00,CUST0296,Tomatoes,2
T2182,,CUST0296,Avocado,2
T2182,2024-09-15 10:00:00,CUST0296,Chips,2
T2182,2024-09-15 10:00:00,CUST0296,Dish Soap,2
T2182,2024-09-15 10:00:00,CUST0296,Sausages,2
T2182,2024-09-15 10:00:00,CUST0296,Sugar,2
T2182,2024-09-15 10:00:00,CUST0296,Pasta Sauce,2
T2183,2024-08-23 10:13:00,CUST0070,Baby Wipes,2
T2183,2024-08-23 10:13:00,,Baby Food,2
T2183,2024-08-23 10:13:00,CUST0070,Cheese,2
T2183,2024-08-23 10:13:00,CUST0070,Tomatoes,2
T2183,2024-08-23 10:13:00,CUST0070,Ground Beef,2
T2183,,CUST0070,Croissant,2
T2183,2024-08-23 10:13:00,CUST0070,Cream,2
T2183,2024-08-23 10:13:00,CUST0070,Diapers,2
T2183,2024-08-23 10:13:00,CUST0070,Soap,2
T2183,2024-08-23 10:13:00,CUST0070,Flour,2
T2183,2024-08-23 10:13:00,CUST0070,Shampoo,2
T2184,2024-08-19 11:05:00,CUST0070,Frozen Pizza,2
T2184,2024-08-19 11:05:00,CUST0070,Baby Wipes,2
T2184,2024-08-19 11:05:00,CUST0070,Bread,2
T2184,2024-08-19 11:05:00,CUST0070,Ground Beef,2
T2184,2024-08-19 11:05:00,CUST0070,Energy Drink,2
T2184,2024-08-19 11:05:00,CUST0070,Oats,2
T2184,2024-08-19 11:05:00,CUST0070,Rice,2
T2184,2024-08-19 11:05:00,,Yogurt,2
T2184,2024-08-19 11:05:00,CUST0070,Diapers,2
T2184,2024-08-19 11:05:00,CUST0070,Cookies,2
T2185,2024-02-14 13:11:00,CUST0219,Peanut Butter,2
T2185,2024-02-14 13:11:00,CUST0219,Bread,2
T2185,2024-02-14 13:11:00,CUST0219,Ground Beef,2
T2185,2024-02-14 13:11:00,CUST0219,Energy Drink,2
T2185,2024-02-14 13:11:00,CUST0219,Chips,2
T2185,2024-02-14 13:11:00,CUST0219,Dish Soap,2
T2185,2024-02-14 13:11:00,CUST0219,Chocolate,2
T2185,2024-02-14 13:11:00,CUST0219,Beer,2
T2185,2024-02-14 13:11:00, CUST0219 ,Pasta Sauce,2
T2185,2024-02-14 13:11:00,CUST0219,Onions,2
T2185,2024-02-14 13:11:00,CUST0219,Pasta,2
T2186,2024-06-09 18:00:00,CUST0003,Salsa,2
T2186,2024-06-09 18:00:00,CUST0003,Butter,2
T2186,2024-06-09 18:00:00,CUST0003,Lettuce,2
T2186,2024-06-09 18:00:00,CUST0003,Cheese,2
T2186,2024-06-09 18:00:00,CUST0003,Milk,2
T2186,2024-06-09 18:00:00,CUST0003,Avocado,2
T2186,2024-06-09 18:00:00,CUST0003,Eggs,2
T2186,2024-06-09 18:00:00,CUST0003,Beer,2
T2186,2024-06-09 18:00:00,CUST0003,Orange Juice,2
T2187,2024-04-19 21:54:00,CUST0212,Soda,2
T2187,2024-04-19 21:54:00,CUST0212,Avocado,2
T2187,2024-04-19 21:54:00,CUST0212,Coffee,2
T2187,2024-04-19 21:54:00,CUST0212,Eggs,2
T2187,2024-04-19 21:54:00,CUST0212,Beer,2
T2188,2024-02-06 08:16:00,CUST0171,Salsa,2
T2188,2024-02-06 08:16:00,CUST0171,Frozen Pizza,2
T2188,2024-02-06 08:16:00,CUST0171,Soda,2
T2188,2024-02-06 08:16:00,CUST0171,Oats,2
T2188,2024-02-06 08:16:00,CUST0171,Jam,2
T2188,2024-02-06 08:16:00,CUST0171,Soap,2
T2188,2024-02-06 08:16:00,CUST0171,Cereal,2
T2188,2024-02-06 08:16:00,CUST0171,Wine,2
T2188,2024-02-06 08:16:00,CUST0171,  pasta ,2
T2189,2024-07-03 15:16:00,CUST0269,Apples,2
T2189,2024-07-03 15:16:00,CUST0269,Tomatoes,2
T2189,2024-07-03 15:16:00,CUST0269,Cream,2
T2189,2024-07-03 15:16:00,CUST0269,Sausages,2
T2189,2024-07-03 15:16:00,CUST0269,Beer,2
T2189,2024-07-03 15:16:00,CUST0269,Shampoo,2
T2189,2024-07-03 15:16:00,CUST0269,Cookies,2
T2190,2024-04-22 19:16:00,CUST0154,Milk,2
T2190,2024-04-22 19:16:00,CUST0154,Soda,2
T2190,2024-04-22 19:16:00,CUST0154,Trash Bags,2
T2190,2024-04-22 19:16:00,CUST0154,Chips,2
T2190,2024-04-22 19:16:00,CUST0154,Toothbrush,2
T2190,2024-04-22 19:16:00,CUST0154,Tissues,2
T2191,2024-01-28 15:52:00,CUST0228,Cheese,2
T2191,2024-01-28 15:52:00,CUST0228,Soda,2
T2191,2024-01-28 15:52:00,CUST0228,Dish Soap,2
T2191,2024-01-28 15:52:00,CUST0228,Toothbrush,2
T2191,2024-01-28 15:52:00, CUST0228 ,Shampoo,2
T2191,2024-01-28 15:52:00,CUST0228,Orange Juice,2
T2192,2024-06-19 20:20:00,CUST0055,Milk,2
T2192,2024-06-19 20:20:00,CUST0055,Bread,2
T2192,2024-06-19 20:20:00,CUST0055,Ground Beef,2
T2192,2024-06-19 20:20:00,CUST0055,Eggs,2
T2192,2024-06-19 20:20:00,,Bacon,2
T2192,2024-06-19 20:20:00,CUST0055,Pasta Sauce,2
T2193,2024-07-17 09:38:00,CUST0352,Peanut Butter,2
T2193,2024-07-17 09:38:00,CUST0352,Onions,2
T2193,2024-07-17 09:38:00,CUST0352,Muffins,2
T2193,2024-07-17 09:38:00,CUST0352,  beer ,2
T2193,2024-07-17 09:38:00,CUST0352,Cereal,2
T2193,2024-07-17 09:38:00,CUST0352,Honey,2
T2194,2024-07-08 11:20:00,CUST0419,Cheese,2
T2194,2024-07-08 11:20:00,,Trash Bags,2
T2194,2024-07-08 11:20:00,CUST0419,Chips,2
T2194,2024-07-08 11:20:00,CUST0419,Muffins,2
T2194,2024-07-08 11:20:00,CUST0419,Chocolate,2
T2194,2024-07-08 11:20:00,CUST0419,Sausages,2
T2194,2024-07-08 11:20:00,CUST0419,Diapers,2
T2195,2024-08-01 20:51:00,,Salt,2
T2195,2024-08-01 20:51:00,CUST0359,Coffee,2
T2195,2024-08-01 20:51:00,CUST0359,Bacon,2
T2195,2024-08-01 20:51:00,CUST0359,Yogurt,2
T2195,2024-08-01 20:51:00,CUST0359,Pasta Sauce,2
T2195,2024-08-01 20:51:00,CUST0359,Bagels,2
T2195,2024-08-01 20:51:00,CUST0359,Pasta,2
T2196,2024-04-07 21:08:00,CUST0238,Lemons,2
T2196,2024-04-07 21:08:00,CUST0238,Butter,2
T2196,2024-04-07 21:08:00,CUST0238,Milk,2
T2196,2024-04-07 21:08:00,CUST0238,Flour,2
T2196,2024-04-07 21:08:00,CUST0238,Bacon,2
T2196,2024-04-07 21:08:00,CUST0238,Frozen Vegetables,2
T2196,2024-04-07 21:08:00,CUST0238,Diapers,2
T2196,2024-04-07 21:08:00,CUST0238,Pasta Sauce,2
T2196,2024-04-07 21:08:00,CUST0238,Cereal,2
T2196,2024-04-07 21:08:00,CUST0238,Pasta,2
T2196,2024-04-07 21:08:00,CUST0238,Honey,2
T2197,2024-05-27 18:39:00, CUST0111 ,Milk,2
T2197,2024-05-27 18:39:00,CUST0111,Cheese,2
T2197,2024-05-27 18:39:00,CUST0111,Cream,2
T2197,2024-05-27 18:39:00,CUST0111,Chips,2
T2197,2024-05-27 18:39:00,CUST0111,Bagels,2
T2198,2024-08-07 08:32:00,CUST0314,Butter,2
T2198,,CUST0314,Bread,2
T2198,2024-08-07 08:32:00,CUST0314,Cream,2
T2198,2024-08-07 08:32:00,CUST0314,Bagels,2
T2198,2024-08-07 08:32:00,CUST0314,Orange Juice,2
T2199,2024-06-21 17:39:00,CUST0090,Croissant,2
T2199,2024-06-21 17:39:00,CUST0090,Orange Juice,2
T2199,2024-06-21 17:39:00,CUST0090,Honey,2
T2200,2024-01-31 09:34:00,CUST0199,Salsa,2
T2200,2024-01-31 09:34:00,CUST0199,Croissant,2
T2200,2024-01-31 09:34:00,CUST0199,Toilet Paper,2
T2200,2024-01-31 09:34:00,CUST0199,Chips,2
T2200,2024-01-31 09:34:00,CUST0199,  cooking oil ,2
T2200,2024-01-31 09:34:00,CUST0199,Onions,2
T2200,2024-01-31 09:34:00,CUST0199,Bagels,2
T2200,2024-01-31 09:34:00,CUST0199,Orange Juice,2
T2200,2024-01-31 09:34:00,CUST0199,Toothbrush,2
T2201,2024-09-08 15:24:00,CUST0389,Tea,2
T2201,2024-09-08 15:24:00,CUST0389,Pasta,2
T2201,2024-09-08 15:24:00,CUST0389,Tomatoes,2
T2201,2024-09-08 15:24:00,CUST0389,Dish Soap,2
T2201,2024-09-08 15:24:00,CUST0389,Coffee,2
T2201,2024-09-08 15:24:00,CUST0389,Chicken Breast,2
T2201,2024-09-08 15:24:00,CUST0389,Popcorn,2
T2201,2024-09-08 15:24:00,CUST0389,Apples,2
T2201,,CUST0389,Shampoo,2
T2202,2024-07-13 13:16:00,CUST0067,Baby Wipes,2
T2202,2024-07-13 13:16:00,CUST0067,Milk,2
T2202,2024-07-13 13:16:00,CUST0067,Diapers,2
T2202,,CUST0067,Baby Food,2
T2203,2024-04-23 12:21:00,CUST0049,Tea,2
T2203,2024-04-23 12:21:00,CUST0049,Baby Wipes,2
T2203,2024-04-23 12:21:00,CUST0049,Baby Food,2
T2203,2024-04-23 12:21:00,CUST0049,Cheese,2
T2203,2024-04-23 12:21:00,CUST0049,Diapers,2
T2204,2024-01-24 13:15:00,CUST0003,Butter,2
T2204,2024-01-24 13:15:00,CUST0003,Toothpaste,2
T2205,2024-08-15 11:50:00,CUST0070,Energy Drink,2
T2205,2024-08-15 11:50:00,CUST0070,Dish Soap,2
T2206,2024-08-02 18:51:00,CUST0092,Tea,2
T2206,2024-08-02 18:51:00,CUST0092,Butter,2
T2206,2024-08-02 18:51:00,CUST0092,Baby Food,2
T2206,2024-08-02 18:51:00,CUST0092,Toilet Paper,2
T2206,2024-08-02 18:51:00,CUST0092,Rice,2
T2206,2024-08-02 18:51:00,CUST0092,Chips,2
T2206,2024-08-02 18:51:00,CUST0092,Toothbrush,2
T2206,2024-08-02 18:51:00,CUST0092,Pasta,2
T2206,2024-08-02 18:51:00,CUST0092,Honey,2
T2206,2024-08-02 18:51:00,CUST0092,Cookies,2
T2207,2024-03-23 11:45:00,CUST0385,Tea,2
T2207,2024-03-23 11:45:00,CUST0385,Lettuce,2
T2207,2024-03-23 11:45:00,CUST0385,Bread,2
T2207,2024-03-23 11:45:00,CUST0385,Avocado,2
T2207,2024-03-23 11:45:00,CUST0385,Muffins,2
T2207,2024-03-23 11:45:00,CUST0385,Eggs,2
T2207,2024-03-23 11:45:00,CUST0385,Beer,2
T2207,,CUST0385,Diapers,2
T2208,2024-09-14 14:13:00,CUST0275,Frozen Pizza,2
T2208,2024-09-14 14:13:00,CUST0275,Baby Food,2
T2208,2024-09-14 14:13:00,CUST0275,Soda,2
T2208,2024-09-14 14:13:00,CUST0275,Bread,2
T2208,2024-09-14 14:13:00,CUST0275,Detergent,2
T2208,2024-09-14 14:13:00,CUST0275,Chips,2
T2208,2024-09-14 14:13:00,CUST0275,Coffee,2
T2208,2024-09-14 14:13:00,,Tissues,2
T2208,2024-09-14 14:13:00,CUST0275,Honey,2
T2209,2024-06-22 11:30:00,CUST0274,Butter,2
T2209,2024-06-22 11:30:00,CUST0274,Detergent,2
T2209,2024-06-22 11:30:00,CUST0274,Chips,2
T2209,2024-06-22 11:30:00,CUST0274,Beer,2
T2209,2024-06-22 11:30:00,CUST0274,Paper Towels,2
T2209,2024-06-22 11:30:00,CUST0274,Wine,2
T2209,2024-06-22 11:30:00,CUST0274,Honey,2
T2210,2024-09-17 12:21:00,CUST0160,Bacon,2
T2210,2024-09-17 12:21:00,CUST0160,Eggs,2
T2210,2024-09-17 12:21:00,CUST0160,Ice Cream,2
T2210,2024-09-17 12:21:00,CUST0160,Soda,2
T2211,2024-03-20 08:16:00,CUST0046,Tea,2
T2211,2024-03-20 08:16:00,CUST0046,Apples,2
T2211,2024-03-20 08:16:00,CUST0046,Cheese,2
T2211,2024-03-20 08:16:00,CUST0046,Tomatoes,2
T2211,2024-03-20 08:16:00,CUST0046,Cooking Oil,2
T2211,2024-03-20 08:16:00,CUST0046,Sausages,2
T2211,2024-03-20 08:16:00,CUST0046,Pasta Sauce,2
T2211,2024-03-20 08:16:00,CUST0046,Onions,2
T2211,2024-03-20 08:16:00,CUST0046,Pasta,2
T2211,2024-03-20 08:16:00,CUST0046,Orange Juice,2
T2212,2024-07-03 17:38:00,CUST0364,Cream,2
T2212,2024-07-03 17:38:00,CUST0364,Jam,2
T2212,2024-07-03 17:38:00,CUST0364,Soap,2
T2212,,CUST0364,Toothpaste,2
T2213,2024-03-06 08:40:00,CUST0107,Butter,2
T2213,2024-03-06 08:40:00,CUST0107,Bread,2
T2214,2024-02-22 11:23:00,CUST0368,Energy Drink,2
T2214,2024-02-22 11:23:00,CUST0368,Chips,2
T2214,2024-02-22 11:23:00,CUST0368,Coffee,2
T2214,2024-02-22 11:23:00,CUST0368,Eggs,2
T2214,2024-02-22 11:23:00,CUST0368,Bacon,2
T2214,2024-02-22 11:23:00,CUST0368,Sugar,2
T2215,2024-07-27 12:25:00,CUST0101,Avocado,2
T2215,2024-07-27 12:25:00,CUST0101,Lettuce,2
T2216,2024-08-13 15:29:00,CUST0183,Sugar,2
T2216,2024-08-13 15:29:00,CUST0183,Onions,2
T2217,2024-02-15 14:43:00,CUST0417,Tea,2
T2217,2024-02-15 14:43:00,CUST0417,Energy Drink,2
T2217,2024-02-15 14:43:00,CUST0417,Croissant,2
T2217,2024-02-15 14:43:00,CUST0417,Ice Cream,2
T2217,2024-02-15 14:43:00,CUST0417,Eggs,2
T2218,2024-04-21 09:50:00,CUST0015,Bagels,2
T2218,2024-04-21 09:50:00,CUST0015,Cream,2
T2218,2024-04-21 09:50:00,CUST0015,Pasta,2
T2218,2024-04-21 09:50:00,CUST0015,Pasta Sauce,2
T2219,2024-01-08 16:03:00,CUST0188,Cereal,2
T2219,2024-01-08 16:03:00,CUST0188,Salsa,2
T2219,2024-01-08 16:03:00,CUST0188,Energy Drink,2
T2219,2024-01-08 16:03:00,CUST0188,Toilet Paper,2
T2219,2024-01-08 16:03:00,CUST0188,Trash Bags,2
T2219,2024-01-08 16:03:00,CUST0188,Coffee,2
T2219,2024-01-08 16:03:00,CUST0188,Paper Towels,2
T2219,2024-01-08 16:03:00,CUST0188,Bottled Water,2
T2220,2024-07-04 13:03:00,CUST0156,Butter,2
T2220,2024-07-04 13:03:00,CUST0156,Baby Wipes,2
T2220,2024-07-04 13:03:00,,Tomatoes,2
T2220,2024-07-04 13:03:00,CUST0156,Avocado,2
T2220,2024-07-04 13:03:00, CUST0156 ,Toilet Paper,2
T2220,2024-07-04 13:03:00,CUST0156,Trash Bags,2
T2220,2024-07-04 13:03:00,CUST0156,Bottled Water,2
T2221,2024-06-25 08:19:00,CUST0332,Salsa,2
T2221,2024-06-25 08:19:00,CUST0332,Tomatoes,2
T2221,2024-06-25 08:19:00,CUST0332,Croissant,2
T2221,2024-06-25 08:19:00,CUST0332,Toilet Paper,2
T2221,2024-06-25 08:19:00,CUST0332,Rice,2
T2221,2024-06-25 08:19:00,CUST0332,Popcorn,2
T2221,2024-06-25 08:19:00,CUST0332,Pasta,2
T2221,2024-06-25 08:19:00,CUST0332,Orange Juice,2
T2222,2024-05-10 11:50:00,CUST0211,Baby Wipes,2
T2222,2024-05-10 11:50:00,CUST0211,Chips,2
T2222,2024-05-10 11:50:00,CUST0211,Beer,2
T2222,2024-05-10 11:50:00,CUST0211,Diapers,2
T2223,2024-09-19 18:56:00,CUST0021,Trash Bags,2
T2223,2024-09-19 18:56:00,CUST0021,Chips,2
T2223,2024-09-19 18:56:00,CUST0021,Honey,2
T2223,2024-09-19 18:56:00,,Paper Towels,2
T2224,,CUST0103,Frozen Pizza,2
T2224,,,Pasta,2
T2224,2024-07-13 12:14:00,CUST0103,Soda,2
T2224,2024-07-13 12:14:00,CUST0103,Cereal,2
T2224,2024-07-13 12:14:00,CUST0103,Shampoo,2
T2225,2024-04-30 11:15:00,CUST0134,Salsa,2
T2225,2024-04-30 11:15:00,CUST0134,Yogurt,2
T2225,2024-04-30 11:15:00,CUST0134,Detergent,2
T2225,2024-04-30 11:15:00,CUST0134,Rice,2
T2226,2024-08-20 14:37:00,CUST0365,Trash Bags,2
T2226,2024-08-20 14:37:00,CUST0365,Dish Soap,2
T2226,2024-08-20 14:37:00,CUST0365,Chicken Breast,2
T2226,2024-08-20 14:37:00,CUST0365,Frozen Vegetables,2
T2226,2024-08-20 14:37:00,CUST0365,Eggs,2
T2226,,CUST0365,Beer,2
T2226,,CUST0365,Paper Towels,2
T2227,2024-03-05 09:11:00,CUST0176,Cream,2
T2227,2024-03-05 09:11:00,CUST0176,Toilet Paper,2
T2227,2024-03-05 09:11:00,CUST0176,Trash Bags,2
T2227,2024-03-05 09:11:00,CUST0176,Chicken Breast,2
T2227,2024-03-05 09:11:00,CUST0176,Sugar,2
T2227,2024-03-05 09:11:00, CUST0176 ,Paper Towels,2
T2227,2024-03-05 09:11:00,CUST0176,Bagels,2
T2227,2024-03-05 09:11:00,CUST0176,  tissues ,2
T2227,2024-03-05 09:11:00,CUST0176,Bananas,2
T2228,2024-08-16 10:07:00,CUST0123,Butter,2
T2228,2024-08-16 10:07:00,CUST0123,Bread,2
T2228,2024-08-16 10:07:00,CUST0123,Soda,2
T2228,2024-08-16 10:07:00,CUST0123,Oats,2
T2228,2024-08-16 10:07:00,CUST0123,Paper Towels,2
T2228,2024-08-16 10:07:00,CUST0123,Rice,2
T2228,2024-08-16 10:07:00,CUST0123,Dish Soap,2
T2228,2024-08-16 10:07:00,CUST0123,Flour,2
T2228,2024-08-16 10:07:00,CUST0123,Pasta,2
T2228,2024-08-16 10:07:00,CUST0123,Shampoo,2
T2228,2024-08-16 10:07:00,CUST0123,Cookies,2
T2229,2024-05-26 08:42:00,CUST0136,Cookies,2
T2229,2024-05-26 08:42:00,CUST0136,Dish Soap,2
T2229,2024-05-26 08:42:00,CUST0136,Chicken Breast,2
T2229,2024-05-26 08:42:00,CUST0136,Coffee,2
T2229,2024-05-26 08:42:00,CUST0136,Orange Juice,2
T2229,2024-05-26 08:42:00,CUST0136,Potatoes,2
T2230,2024-06-07 11:45:00,CUST0415,Fish Fillet,2
T2230,2024-06-07 11:45:00,CUST0415,Chips,2
T2230,2024-06-07 11:45:00,CUST0415,Ice Cream,2
T2231,2024-02-10 13:46:00,CUST0282,Peanut Butter,2
T2231,2024-02-10 13:46:00,CUST0282,Baby Wipes,2
T2231,2024-02-10 13:46:00,CUST0282,Tomatoes,2
T2231,2024-02-10 13:46:00,CUST0282,Soda,2
T2231,2024-02-10 13:46:00,CUST0282,Croissant,2
T2231,2024-02-10 13:46:00,CUST0282,Salt,2
T2231,2024-02-10 13:46:00,CUST0282,Muffins,2
T2231,2024-02-10 13:46:00,CUST0282,Coffee,2
T2231,2024-02-10 13:46:00,CUST0282,Frozen Vegetables,2
T2231,2024-02-10 13:46:00,,Chips,2
T2231,2024-02-10 13:46:00,CUST0282,Soap,2
T2232,2024-09-15 20:29:00,CUST0133,Ground Beef,2
T2232,2024-09-15 20:29:00,CUST0133,Energy Drink,2
T2232,2024-09-15 20:29:00,CUST0133,Detergent,2
T2232,2024-09-15 20:29:00,CUST0133,Chips,2
T2232,2024-09-15 20:29:00,CUST0133,Chocolate,2
T2233,2024-03-24 21:41:00,CUST0418,Popcorn,2
T2233,2024-03-24 21:41:00,CUST0418,Cooking Oil,2
T2233,2024-03-24 21:41:00,CUST0418,Frozen Vegetables,2
T2234,2024-04-09 15:00:00,CUST0058,Tea,2
T2234,2024-04-09 15:00:00,CUST0058,Baby Food,2
T2234,2024-04-09 15:00:00,CUST0058,Rice,2
T2234,2024-04-09 15:00:00,CUST0058,Eggs,2
T2234,2024-04-09 15:00:00,,Beer,2
T2234,2024-04-09 15:00:00,CUST0058,Toothpaste,2
T2234,2024-04-09 15:00:00,CUST0058,Toothbrush,2
T2234,2024-04-09 15:00:00,CUST0058,Tissues,2
T2234,2024-04-09 15:00:00,CUST0058,Shampoo,2
T2235,2024-01-24 08:01:00,CUST0078,Cream,2
T2235,2024-01-24 08:01:00,CUST0078,Dish Soap,2
T2235,2024-01-24 08:01:00,CUST0078,Muffins,2
T2235,2024-01-24 08:01:00,CUST0078,Rice,2
T2235,2024-01-24 08:01:00,CUST0078,Eggs,2
T2235,2024-01-24 08:01:00,CUST0078,Diapers,2
T2235,2024-01-24 08:01:00,CUST0078,Bottled Water,2
T2236,2024-04-09 09:27:00,CUST0014,Beer,2
T2236,2024-04-09 09:27:00,,Pasta Sauce,2
T2236,2024-04-09 09:27:00,CUST0014,Cooking Oil,2
T2236,2024-04-09 09:27:00,CUST0014,Tomatoes,2
T2237,2024-03-19 16:49:00,CUST0201,Salsa,2
T2237,2024-03-19 16:49:00,CUST0201,Milk,2
T2237,2024-03-19 16:49:00,CUST0201,Soda,2
T2237,2024-03-19 16:49:00,CUST0201,Oats,2
T2237,2024-03-19 16:49:00,CUST0201,Chips,2
T2237,2024-03-19 16:49:00,CUST0201,Coffee,2
T2237,2024-03-19 16:49:00,CUST0201,Frozen Vegetables,2
T2237,2024-03-19 16:49:00,CUST0201,Ice Cream,2
T2237,2024-03-19 16:49:00,CUST0201,Sugar,2
T2237,2024-03-19 16:49:00,CUST0201,Paper Towels,2
T2238,2024-06-29 21:57:00,CUST0338,Bagels,2
T2238,,CUST0338,Frozen Pizza,2
T2238,2024-06-29 21:57:00,,Lettuce,2
T2239,2024-08-30 19:44:00,CUST0401,Soda,2
T2239,2024-08-30 19:44:00,CUST0401,Energy Drink,2
T2239,2024-08-30 19:44:00,CUST0401,Chocolate,2
T2239,2024-08-30 19:44:00,CUST0401,Popcorn,2
T2240,2024-02-16 08:35:00,CUST0236,Cooking Oil,2
T2240,2024-02-16 08:35:00,CUST0236,Rice,2
T2240,2024-02-16 08:35:00,CUST0236,Chicken Breast,2
T2241,2024-04-12 14:02:00,CUST0051,Energy Drink,2
T2241,2024-04-12 14:02:00,CUST0051,Trash Bags,2
T2241,2024-04-12 14:02:00,CUST0051,Coffee,2
T2241,2024-04-12 14:02:00,CUST0051,Frozen Vegetables,2
T2242,2024-04-23 16:43:00,CUST0287,Toilet Paper,2
T2242,2024-04-23 16:43:00,CUST0287,Bottled Water,2
T2242,2024-04-23 16:43:00,CUST0287,Honey,2
T2243,2024-08-14 20:16:00,CUST0068,Lemons,2
T2243,2024-08-14 20:16:00,CUST0068,Baby Wipes,2
T2243,2024-08-14 20:16:00,CUST0068,Ice Cream,2
T2243,2024-08-14 20:16:00,CUST0068,Eggs,2
T2243,2024-08-14 20:16:00,CUST0068,Diapers,2
T2243,2024-08-14 20:16:00,CUST0068,Shampoo,2
T2244,2024-05-29 12:09:00,CUST0178,Peanut Butter,2
T2244,2024-05-29 12:09:00,CUST0178,Croissant,2
T2244,2024-05-29 12:09:00,CUST0178,Chips,2
T2244,2024-05-29 12:09:00,CUST0178,Soda,2
T2245,2024-07-12 10:52:00,CUST0317,Salt,2
T2245,2024-07-12 10:52:00,CUST0317,Diapers,2
T2245,2024-07-12 10:52:00,CUST0317,Cooking Oil,2
T2245,2024-07-12 10:52:00,CUST0317,Chocolate,2
T2246,2024-02-28 16:03:00,CUST0140,Cereal,2
T2246,2024-02-28 16:03:00,CUST0140,Cream,2
T2246,2024-02-28 16:03:00,CUST0140,Chips,2
T2246,2024-02-28 16:03:00,CUST0140,Cooking Oil,2
T2246,2024-02-28 16:03:00,CUST0140,Onions,2
T2247,2024-06-05 20:07:00,CUST0335,Frozen Pizza,2
T2247,2024-06-05 20:07:00,CUST0335,Bread,2
T2247,2024-06-05 20:07:00,CUST0335,Rice,2
T2247,2024-06-05 20:07:00,CUST0335,Chicken Breast,2
T2247,2024-06-05 20:07:00,CUST0335,Pasta Sauce,2
T2248,2024-05-26 18:25:00,CUST0118,Butter,2
T2248,2024-05-26 18:25:00,CUST0118,Beer,2
T2248,2024-05-26 18:25:00,CUST0118,Diapers,2
T2248,2024-05-26 18:25:00,CUST0118,Bread,2
T2249,2024-02-04 13:05:00,CUST0220,Butter,2
T2249,2024-02-04 13:05:00,CUST0220,Avocado,2
T2249,2024-02-04 13:05:00,CUST0220,Cream,2
T2249,2024-02-04 13:05:00,CUST0220,Detergent,2
T2249,2024-02-04 13:05:00,CUST0220,Chocolate,2
T2249,2024-02-04 13:05:00,CUST0220,Eggs,2
T2249,2024-02-04 13:05:00,CUST0220,Pasta Sauce,2
T2249,2024-02-04 13:05:00,CUST0220,Soap,2
T2249,2024-02-04 13:05:00,CUST0220,Bagels,2
T2250,2024-07-02 20:11:00,CUST0031,Apples,2
T2250,2024-07-02 20:11:00,CUST0031,Baby Food,2
T2250,2024-07-02 20:11:00,CUST0031,  rice ,2
T2250,2024-07-02 20:11:00,CUST0031,Coffee,2
T2250,2024-07-02 20:11:00,CUST0031,Ice Cream,2
T2250,2024-07-02 20:11:00,CUST0031,Sugar,2
T2250,2024-07-02 20:11:00,CUST0031,Pasta Sauce,2
T2250,2024-07-02 20:11:00,CUST0031,Pasta,2
T2251,2024-02-06 17:55:00,CUST0334,Energy Drink,2
T2251,2024-02-06 17:55:00,CUST0334,Tissues,2
T2251,2024-02-06 17:55:00,CUST0334,Butter,2
T2251,2024-02-06 17:55:00,CUST0334,Bread,2
T2252,2024-08-08 17:25:00,,Salsa,2
T2252,2024-08-08 17:25:00,CUST0237,Beer,2
T2252,2024-08-08 17:25:00,CUST0237,Diapers,2
T2253,2024-09-04 11:05:00,CUST0409,Beer,2
T2253,2024-09-04 11:05:00,CUST0409,Apples,2
T2253,2024-09-04 11:05:00,CUST0409,Chips,2
T2253,2024-09-04 11:05:00,CUST0409,Bananas,2
T2254,2024-04-16 18:43:00,CUST0293,Baby Wipes,2
T2254,2024-04-16 18:43:00,CUST0293,  baby food ,2
T2254,2024-04-16 18:43:00,CUST0293,Salt,2
T2254,2024-04-16 18:43:00,CUST0293,Toothpaste,2
T2254,2024-04-16 18:43:00,CUST0293,Wine,2
T2254,2024-04-16 18:43:00,CUST0293,Orange Juice,2
T2254,2024-04-16 18:43:00,CUST0293,Potatoes,2
T2255,2024-02-05 13:53:00,CUST0013,Tea,2
T2255,2024-02-05 13:53:00,CUST0013,Butter,2
T2255,2024-02-05 13:53:00,CUST0013,Soda,2
T2255,2024-02-05 13:53:00,CUST0013,Chips,2
T2255,2024-02-05 13:53:00,CUST0013,Cooking Oil,2
T2255,2024-02-05 13:53:00,CUST0013,Coffee,2
T2255,2024-02-05 13:53:00,CUST0013,Bacon,2
T2255,2024-02-05 13:53:00,CUST0013,Onions,2
T2255,2024-02-05 13:53:00,CUST0013,Honey,2
T2255,2024-02-05 13:53:00,CUST0013,Cookies,2
T2256,2024-08-25 14:19:00,CUST0159,Cheese,2
T2256,,CUST0159,Bread,2
T2256,2024-08-25 14:19:00,CUST0159,Chicken Breast,2
T2256,2024-08-25 14:19:00,CUST0159,Ice Cream,2
T2256,2024-08-25 14:19:00,CUST0159,Bacon,2
T2256,2024-08-25 14:19:00,CUST0159,Soap,2
T2256,2024-08-25 14:19:00,CUST0159,Toothpaste,2
T2256,2024-08-25 14:19:00,CUST0159,Shampoo,2
T2256,2024-08-25 14:19:00,CUST0159,Orange Juice,2
T2257,2024-06-26 14:44:00,CUST0018,Salsa,2
T2257,2024-06-26 14:44:00,CUST0018,Cheese,2
T2257,2024-06-26 14:44:00,CUST0018,Croissant,2
T2257,2024-06-26 14:44:00,CUST0018,Oats,2
T2257,2024-06-26 14:44:00,CUST0018,Toothpaste,2
T2257,2024-06-26 14:44:00,CUST0018,Wine,2
T2258,2024-01-20 17:47:00,CUST0198,Milk,2
T2258,2024-01-20 17:47:00,CUST0198,Tomatoes,2
T2258,2024-01-20 17:47:00,CUST0198,Salt,2
T2258,2024-01-20 17:47:00,CUST0198,Pasta Sauce,2
T2258,2024-01-20 17:47:00,CUST0198,Cereal,2
T2259,2024-08-26 19:00:00,CUST0092,Frozen Pizza,2
T2259,2024-08-26 19:00:00,CUST0092,Cheese,2
T2259,2024-08-26 19:00:00,CUST0092,Soda,2
T2259,2024-08-26 19:00:00,CUST0092,Tomatoes,2
T2259,,,Rice,2
T2259,2024-08-26 19:00:00,CUST0092,Wine,2
T2259,2024-08-26 19:00:00,CUST0092,Bananas,2
T2260,2024-06-09 17:18:00,CUST0269,Cheese,2
T2260,2024-06-09 17:18:00,CUST0269,Fish Fillet,2
T2260,2024-06-09 17:18:00,CUST0269,Toothbrush,2
T2260,2024-06-09 17:18:00,CUST0269,Pasta,2
T2260,2024-06-09 17:18:00,CUST0269,Potatoes,2
T2261,2024-06-06 19:16:00,CUST0403,Lemons,2
T2261,2024-06-06 19:16:00,CUST0403,Lettuce,2
T2261,2024-06-06 19:16:00,CUST0403,Trash Bags,2
T2261,2024-06-06 19:16:00,CUST0403,Dish Soap,2
T2261,2024-06-06 19:16:00,CUST0403,  cooking oil ,2
T2261,2024-06-06 19:16:00,CUST0403,Sausages,2
T2261,2024-06-06 19:16:00,CUST0403,Fish Fillet,2
T2261,2024-06-06 19:16:00,CUST0403,Tissues,2
T2262,2024-05-18 14:16:00,CUST0009,Lemons,2
T2262,2024-05-18 14:16:00,CUST0009,Lettuce,2
T2262,2024-05-18 14:16:00,CUST0009,Baby Food,2
T2262,2024-05-18 14:16:00,CUST0009,Ground Beef,2
T2262,2024-05-18 14:16:00,CUST0009,Toilet Paper,2
T2262,2024-05-18 14:16:00,CUST0009,Coffee,2
T2263,2024-09-01 19:59:00,CUST0112,Onions,2
T2263,2024-09-01 19:59:00,CUST0112,Tea,2
T2263,2024-09-01 19:59:00,CUST0112,Cheese,2
T2263,2024-09-01 19:59:00,CUST0112,Cooking Oil,2
T2263,2024-09-01 19:59:00,CUST0112,Toothpaste,2
T2264,2024-08-16 10:03:00,CUST0354,Detergent,2
T2264,2024-08-16 10:03:00,CUST0354,Trash Bags,2
T2264,2024-08-16 10:03:00,CUST0354,Dish Soap,2
T2264,2024-08-16 10:03:00,CUST0354,Cooking Oil,2
T2264,2024-08-16 10:03:00,CUST0354,Paper Towels,2
T2265,2024-08-29 20:37:00,CUST0068,Baby Wipes,2
T2265,2024-08-29 20:37:00,CUST0068,Bacon,2
T2265,2024-08-29 20:37:00,CUST0068,Sugar,2
T2265,2024-08-29 20:37:00,CUST0068,Diapers,2
T2265,2024-08-29 20:37:00,CUST0068,Soap,2
T2265,2024-08-29 20:37:00,CUST0068,Popcorn,2
T2266,2024-03-16 19:39:00,CUST0115,Milk,2
T2266,2024-03-16 19:39:00,CUST0115,Bread,2
T2266,2024-03-16 19:39:00,CUST0115,Eggs,2
T2266,2024-03-16 19:39:00,CUST0115,Beer,2
T2266,2024-03-16 19:39:00,CUST0115,Diapers,2
T2266,2024-03-16 19:39:00,CUST0115,Paper Towels,2
T2267,2024-08-24 13:54:00,CUST0202,Butter,2
T2267,,CUST0202,Bread,2
T2267,,CUST0202,Paper Towels,2
T2268,2024-06-01 11:16:00,CUST0357,Cereal,2
T2268,2024-06-01 11:16:00,CUST0357,Lemons,2
T2268,2024-06-01 11:16:00,CUST0357,Bread,2
T2268,2024-06-01 11:16:00,CUST0357,Cream,2
T2268,2024-06-01 11:16:00,,Eggs,2
T2268,2024-06-01 11:16:00,CUST0357,Toothpaste,2
T2268,2024-06-01 11:16:00,CUST0357,Toothbrush,2
T2268,2024-06-01 11:16:00,CUST0357,Tissues,2
T2268,2024-06-01 11:16:00,CUST0357,Apples,2
T2269,2024-03-10 08:54:00,CUST0128,Cheese,2
T2269,2024-03-10 08:54:00,CUST0128,Ground Beef,2
T2269,2024-03-10 08:54:00,CUST0128,Cookies,2
T2269,2024-03-10 08:54:00,CUST0128,Dish Soap,2
T2269,2024-03-10 08:54:00,CUST0128,Sausages,2
T2269,2024-03-10 08:54:00,CUST0128,Pasta Sauce,2
T2269,2024-03-10 08:54:00,CUST0128,Popcorn,2
T2269,2024-03-10 08:54:00,CUST0128,Onions,2
T2269,2024-03-10 08:54:00,CUST0128,Soap,2
T2269,2024-03-10 08:54:00,CUST0128,Bananas,2
T2270,2024-07-31 16:47:00,CUST0355,Peanut Butter,2
T2270,2024-07-31 16:47:00,CUST0355,Baby Food,2
T2270,2024-07-31 16:47:00,CUST0355,Croissant,2
T2270,2024-07-31 16:47:00,CUST0355,Chips,2
T2270,2024-07-31 16:47:00,CUST0355,Beer,2
T2270,2024-07-31 16:47:00,CUST0355,Onions,2
T2270,2024-07-31 16:47:00,CUST0355,Fish Fillet,2
T2270,,CUST0355,Bananas,2
T2271,2024-01-26 10:56:00,CUST0413,Ground Beef,2
T2271,2024-01-26 10:56:00,CUST0413,Paper Towels,2
T2271,2024-01-26 10:56:00,CUST0413,Cooking Oil,2
T2271,2024-01-26 10:56:00,CUST0413,Onions,2
T2272,2024-06-12 08:09:00,CUST0117,Tomatoes,2
T2272,2024-06-12 08:09:00,CUST0117,  cooking oil ,2
T2272,2024-06-12 08:09:00,CUST0117,Onions,2
T2272,2024-06-12 08:09:00,CUST0117,Apples,2
T2272,2024-06-12 08:09:00,CUST0117,Bananas,2
T2273,2024-03-09 16:09:00,CUST0320,Baby Food,2
T2273,2024-03-09 16:09:00,CUST0320,Ground Beef,2
T2273,2024-03-09 16:09:00,CUST0320,Energy Drink,2
T2273,2024-03-09 16:09:00,CUST0320,Toilet Paper,2
T2273,2024-03-09 16:09:00,CUST0320,Trash Bags,2
T2273,2024-03-09 16:09:00,CUST0320,Chicken Breast,2
T2273,2024-03-09 16:09:00,CUST0320,Flour,2
T2273,2024-03-09 16:09:00,CUST0320,Paper Towels,2
T2273,2024-03-09 16:09:00,CUST0320,Toothbrush,2
T2273,2024-03-09 16:09:00,CUST0320,Cookies,2
T2274,2024-01-06 11:01:00,CUST0113,Butter,2
T2274,2024-01-06 11:01:00,CUST0113,Beer,2
T2274,2024-01-06 11:01:00,CUST0113,Bread,2
T2275,2024-07-05 21:00:00,CUST0225,Wine,2
T2275,2024-07-05 21:00:00,CUST0225,Toothbrush,2
T2275,2024-07-05 21:00:00,CUST0225,Cheese,2
T2276,2024-02-10 10:58:00,CUST0119,Lettuce,2
T2276,2024-02-10 10:58:00,CUST0119,Ground Beef,2
T2276,2024-02-10 10:58:00,,Croissant,2
T2276,2024-02-10 10:58:00,CUST0119,Dish Soap,2
T2276,2024-02-10 10:58:00,,Chocolate,2
T2276,2024-02-10 10:58:00,CUST0119,Yogurt,2
T2276,2024-02-10 10:58:00,CUST0119,Beer,2
T2277,2024-05-31 15:04:00,,Tea,2
T2277,2024-05-31 15:04:00,CUST0410,Croissant,2
T2277,2024-05-31 15:04:00,CUST0410,Dish Soap,2
T2277,2024-05-31 15:04:00,CUST0410,Chicken Breast,2
T2278,2024-01-30 15:52:00,CUST0370,Bagels,2
T2278,2024-01-30 15:52:00,,Cream,2
T2278,2024-01-30 15:52:00,CUST0370,Rice,2
T2279,2024-04-26 16:55:00,CUST0226,Lemons,2
T2279,2024-04-26 16:55:00,CUST0226,Peanut Butter,2
T2279,2024-04-26 16:55:00,CUST0226,Cheese,2
T2279,2024-04-26 16:55:00,CUST0226,Trash Bags,2
T2279,2024-04-26 16:55:00,CUST0226,Rice,2
T2279,2024-04-26 16:55:00,CUST0226,Frozen Vegetables,2
T2279,2024-04-26 16:55:00,CUST0226,Beer,2
T2279,2024-04-26 16:55:00,CUST0226,Soap,2
T2279,2024-04-26 16:55:00,CUST0226,Wine,2
T2279,2024-04-26 16:55:00,CUST0226,Cookies,2
T2280,2024-01-21 20:37:00,CUST0401,Cookies,2
T2280,2024-01-21 20:37:00,CUST0401,Cooking Oil,2
T2280,2024-01-21 20:37:00,CUST0401,Onions,2
T2281,2024-02-14 08:07:00,CUST0272,Lettuce,2
T2281,2024-02-14 08:07:00,CUST0272,Ground Beef,2
T2281,2024-02-14 08:07:00,CUST0272,Eggs,2
T2281,2024-02-14 08:07:00,CUST0272,Pasta Sauce,2
T2281,2024-02-14 08:07:00,CUST0272,Popcorn,2
T2281,2024-02-14 08:07:00,CUST0272,Onions,2
T2281,2024-02-14 08:07:00,CUST0272,Orange Juice,2
T2281,2024-02-14 08:07:00,CUST0272,Cookies,2
T2282,2024-04-25 17:09:00,CUST0181,Frozen Pizza,2
T2282,2024-04-25 17:09:00,CUST0181,Baby Wipes,2
T2282,2024-04-25 17:09:00,CUST0181,Cheese,2
T2282,2024-04-25 17:09:00,CUST0181,Eggs,2
T2282,2024-04-25 17:09:00,CUST0181,Sausages,2
T2282,2024-04-25 17:09:00,CUST0181,Toothpaste,2
T2282,2024-04-25 17:09:00,CUST0181,Toothbrush,2
T2283,2024-03-13 15:24:00,CUST0384,Jam,2
T2283,2024-03-13 15:24:00,CUST0384,Pasta Sauce,2
T2283,2024-03-13 15:24:00,CUST0384,Soda,2
T2284,2024-06-13 18:51:00,CUST0134,Salsa,2
T2284,2024-06-13 18:51:00,CUST0134,Soda,2
T2284,2024-06-13 18:51:00,CUST0134,Chocolate,2
T2284,2024-06-13 18:51:00,CUST0134,Sausages,2
T2284,2024-06-13 18:51:00,CUST0134,Jam,2
T2284,2024-06-13 18:51:00,CUST0134,Paper Towels,2
T2284,2024-06-13 18:51:00,CUST0134,Bottled Water,2
T2285,,CUST0266,Salsa,2
T2285,2024-01-10 12:32:00,CUST0266,Sausages,2
T2285,2024-01-10 12:32:00,CUST0266,Onions,2
T2285,2024-01-10 12:32:00,CUST0266,Fish Fillet,2
T2285,2024-01-10 12:32:00,CUST0266,Bananas,2
T2286,2024-06-09 11:50:00,CUST0350,Frozen Pizza,2
T2286,2024-06-09 11:50:00,CUST0350,Soda,2
T2286,2024-06-09 11:50:00,CUST0350,Croissant,2
T2286,2024-06-09 11:50:00,CUST0350,Chips,2
T2286,2024-06-09 11:50:00,CUST0350,Dish Soap,2
T2286,2024-06-09 11:50:00,CUST0350,Eggs,2
T2286,2024-06-09 11:50:00,CUST0350,Sugar,2
T2286,2024-06-09 11:50:00,CUST0350,Paper Towels,2
T2286,2024-06-09 11:50:00,CUST0350,Bagels,2
T2287,2024-04-04 15:58:00,CUST0255,Energy Drink,2
T2287,2024-04-04 15:58:00,CUST0255,Coffee,2
T2287,2024-04-04 15:58:00,CUST0255,Sugar,2
T2287,2024-04-04 15:58:00,CUST0255,Pasta Sauce,2
T2287,2024-04-04 15:58:00, CUST0255 ,Toothpaste,2
T2288,2024-02-12 10:51:00,CUST0310,Cereal,2
T2288,2024-02-12 10:51:00,CUST0310,Croissant,2
T2288,2024-02-12 10:51:00,CUST0310,Rice,2
T2288,2024-02-12 10:51:00,CUST0310,Chicken Breast,2
T2288,2024-02-12 10:51:00,CUST0310,Toothpaste,2
T2288,2024-02-12 10:51:00,CUST0310,Bottled Water,2
T2288,2024-02-12 10:51:00,CUST0310,Shampoo,2
T2289,2024-04-21 08:09:00,CUST0303,Bacon,2
T2289,2024-04-21 08:09:00,CUST0303,Bottled Water,2
T2289,2024-04-21 08:09:00,CUST0303,Apples,2
T2290,2024-05-31 18:48:00,CUST0093,Croissant,2
T2290,2024-05-31 18:48:00,CUST0093,Beer,2
T2290,2024-05-31 18:48:00,CUST0093,Soap,2
T2290,2024-05-31 18:48:00,CUST0093,Bottled Water,2
T2290,2024-05-31 18:48:00,CUST0093,Orange Juice,2
T2291,2024-04-24 18:34:00,CUST0390,Lemons,2
T2291,2024-04-24 18:34:00,,Cooking Oil,2
T2291,2024-04-24 18:34:00,CUST0390,Muffins,2
T2291,2024-04-24 18:34:00,CUST0390,Eggs,2
T2291,2024-04-24 18:34:00,CUST0390,Popcorn,2
T2291,2024-04-24 18:34:00,CUST0390,Flour,2
T2291,2024-04-24 18:34:00,CUST0390,Honey,2
T2291,2024-04-24 18:34:00,CUST0390,Bananas,2
T2292,2024-03-18 09:53:00,CUST0089,Eggs,2
T2292,2024-03-18 09:53:00,CUST0089,Sugar,2
T2292,2024-03-18 09:53:00,CUST0089,Coffee,2
T2292,2024-03-18 09:53:00,CUST0089,Bread,2
T2293,2024-05-14 16:34:00,CUST0030,Peanut Butter,2
T2293,2024-05-14 16:34:00,CUST0030,Cooking Oil,2
T2293,2024-05-14 16:34:00,CUST0030,Frozen Vegetables,2
T2293,2024-05-14 16:34:00,CUST0030,Jam,2
T2293,2024-05-14 16:34:00,CUST0030,Toothpaste,2
T2293,2024-05-14 16:34:00,CUST0030,Fish Fillet,2
T2293,2024-05-14 16:34:00,CUST0030,Bagels,2
T2293,2024-05-14 16:34:00,CUST0030,Tissues,2
T2293,2024-05-14 16:34:00,CUST0030,Bottled Water,2
T2293,2024-05-14 16:34:00,CUST0030,Shampoo,2
T2294,2024-07-17 10:36:00,CUST0258,Tea,2
T2294,2024-07-17 10:36:00,CUST0258,Butter,2
T2295,2024-03-07 11:18:00, CUST0338 ,Pasta,2
T2295,2024-03-07 11:18:00,CUST0338,Chips,2
T2295,2024-03-07 11:18:00,CUST0338,Coffee,2
T2295,2024-03-07 11:18:00,CUST0338,Soap,2
T2295,2024-03-07 11:18:00,CUST0338,Apples,2
T2295,2024-03-07 11:18:00,CUST0338,Shampoo,2
T2296,2024-01-24 12:10:00,CUST0314,Frozen Pizza,2
T2296,2024-01-24 12:10:00,CUST0314,Soda,2
T2296,2024-01-24 12:10:00,CUST0314,Croissant,2
T2296,2024-01-24 12:10:00,CUST0314,Chocolate,2
T2296,2024-01-24 12:10:00,CUST0314,Eggs,2
T2296,2024-01-24 12:10:00,CUST0314,Popcorn,2
T2296,2024-01-24 12:10:00,CUST0314,Pasta,2
T2296,2024-01-24 12:10:00,CUST0314,Cookies,2
T2297,2024-09-26 09:41:00,CUST0083,Baby Food,2
T2297,2024-09-26 09:41:00,CUST0083,Soda,2
T2297,2024-09-26 09:41:00,CUST0083,  ground beef ,2
T2297,2024-09-26 09:41:00,CUST0083,Oats,2
T2297,2024-09-26 09:41:00,CUST0083,Chips,2
T2297,2024-09-26 09:41:00,CUST0083,Jam,2
T2297,2024-09-26 09:41:00,CUST0083,Soap,2
T2297,2024-09-26 09:41:00,CUST0083,Wine,2
T2297,2024-09-26 09:41:00,,Bottled Water,2
T2298,2024-04-22 14:27:00,CUST0210,Yogurt,2
T2298,2024-04-22 14:27:00,CUST0210,Chips,2
T2299,2024-06-21 11:34:00,CUST0203,Salsa,2
T2299,2024-06-21 11:34:00,CUST0203,Yogurt,2
T2299,2024-06-21 11:34:00,CUST0203,Sugar,2
T2299,2024-06-21 11:34:00,CUST0203,Bread,2
T2300,2024-04-30 16:45:00,CUST0001,Pasta,2
T2300,2024-04-30 16:45:00,CUST0001,Pasta Sauce,2
T2300,2024-04-30 16:45:00,CUST0001,Cheese,2
T2300,2024-04-30 16:45:00,CUST0001,Chicken Breast,2
T2301,2024-04-15 21:32:00,CUST0313,Baby Wipes,2
T2301,2024-04-15 21:32:00,CUST0313,Baby Food,2
T2301,2024-04-15 21:32:00,CUST0313,Lettuce,2
T2301,2024-04-15 21:32:00,CUST0313,Energy Drink,2
T2301,2024-04-15 21:32:00,CUST0313,Toilet Paper,2
T2301,2024-04-15 21:32:00,CUST0313,Dish Soap,2
T2301,2024-04-15 21:32:00,CUST0313,Bacon,2
T2301,2024-04-15 21:32:00,CUST0313,Onions,2
T2301,2024-04-15 21:32:00,CUST0313,Tissues,2
T2302,2024-06-05 20:06:00,CUST0001,Peanut Butter,2
T2302,2024-06-05 20:06:00,CUST0001,Baby Wipes,2
T2302,2024-06-05 20:06:00,CUST0001,Lettuce,2
T2302,2024-06-05 20:06:00,CUST0001,Tomatoes,2
T2302,2024-06-05 20:06:00,CUST0001,Avocado,2
T2302,2024-06-05 20:06:00,CUST0001,Toilet Paper,2
T2302,2024-06-05 20:06:00,CUST0001,Rice,2
T2302,2024-06-05 20:06:00,CUST0001,Chocolate,2
T2302,2024-06-05 20:06:00,,Onions,2
T2302,2024-06-05 20:06:00,CUST0001,Shampoo,2
T2303,2024-01-11 14:57:00,CUST0247,Tomatoes,2
T2303,2024-01-11 14:57:00,CUST0247,Soda,2
T2303,2024-01-11 14:57:00,CUST0247,Cream,2
T2303,2024-01-11 14:57:00,CUST0247,Chips,2
T2303,2024-01-11 14:57:00,CUST0247,Ice Cream,2
T2303,2024-01-11 14:57:00,CUST0247,Sugar,2
T2303,2024-01-11 14:57:00,CUST0247,Diapers,2
T2303,2024-01-11 14:57:00,CUST0247,Beer,2
T2303,2024-01-11 14:57:00,CUST0247,Onions,2
T2303,2024-01-11 14:57:00,CUST0247,Cookies,2
T2304,2024-03-06 15:38:00,CUST0228,Lettuce,2
T2304,2024-03-06 15:38:00,CUST0228,Cheese,2
T2304,2024-03-06 15:38:00,CUST0228,  bread ,2
T2304,2024-03-06 15:38:00,CUST0228,Chips,2
T2304,2024-03-06 15:38:00,CUST0228,Chicken Breast,2
T2304,2024-03-06 15:38:00,CUST0228,Pasta,2
T2304,2024-03-06 15:38:00,CUST0228,Honey,2
T2305,2024-01-09 19:52:00,CUST0375,Cheese,2
T2305,2024-01-09 19:52:00,CUST0375,Energy Drink,2
T2305,2024-01-09 19:52:00,CUST0375,Chips,2
T2305,2024-01-09 19:52:00,CUST0375,Frozen Vegetables,2
T2305,2024-01-09 19:52:00,CUST0375,Sugar,2
T2305,2024-01-09 19:52:00,CUST0375,Pasta Sauce,2
T2306,2024-06-06 17:32:00,CUST0304,Ground Beef,2
T2306,,CUST0304,Trash Bags,2
T2306,2024-06-06 17:32:00,CUST0304,Salt,2
T2306,2024-06-06 17:32:00,CUST0304,Chips,2
T2306,2024-06-06 17:32:00,CUST0304,Rice,2
T2306,2024-06-06 17:32:00,CUST0304,Pasta Sauce,2
T2306,2024-06-06 17:32:00,CUST0304,Orange Juice,2
T2306,2024-06-06 17:32:00,CUST0304,Honey,2
T2307,2024-06-01 10:37:00,CUST0312,Baby Wipes,2
T2307,2024-06-01 10:37:00,CUST0312,Milk,2
T2307,2024-06-01 10:37:00,CUST0312,Baby Food,2
T2307,2024-06-01 10:37:00,CUST0312,Diapers,2
T2307,2024-06-01 10:37:00,CUST0312,Cereal,2
T2308,2024-07-21 15:01:00,CUST0288,Fish Fillet,2
T2308,2024-07-21 15:01:00,CUST0288,Soda,2
T2308,2024-07-21 15:01:00,CUST0288,Cream,2
T2308,2024-07-21 15:01:00,CUST0288,Soap,2
T2308,2024-07-21 15:01:00,CUST0288,Wine,2
T2308,2024-07-21 15:01:00,CUST0288,Toothbrush,2
T2309,2024-05-04 12:53:00,CUST0235,Baby Wipes,2
T2309,2024-05-04 12:53:00,CUST0235,Avocado,2
T2309,2024-05-04 12:53:00,CUST0235,Ground Beef,2
T2309,2024-05-04 12:53:00,CUST0235,Salt,2
T2309,2024-05-04 12:53:00,CUST0235,Frozen Vegetables,2
T2309,2024-05-04 12:53:00,CUST0235,Bacon,2
T2309,2024-05-04 12:53:00,CUST0235,Eggs,2
T2309,2024-05-04 12:53:00,CUST0235,Fish Fillet,2
T2309,2024-05-04 12:53:00,CUST0235,Pasta,2
T2309,2024-05-04 12:53:00,CUST0235,Shampoo,2
T2310,2024-06-16 10:07:00,CUST0017,Lemons,2
T2310,2024-06-16 10:07:00,CUST0017,Peanut Butter,2
T2310,2024-06-16 10:07:00,CUST0017,Toilet Paper,2
T2310,2024-06-16 10:07:00,CUST0017,Chips,2
T2310,2024-06-16 10:07:00, CUST0017 ,Muffins,2
T2310,2024-06-16 10:07:00,CUST0017,Sausages,2
T2310,2024-06-16 10:07:00,CUST0017,Pasta Sauce,2
T2310,2024-06-16 10:07:00,CUST0017,Paper Towels,2
T2310,2024-06-16 10:07:00,CUST0017,Bagels,2
T2310,2024-06-16 10:07:00,CUST0017,  apples ,2
T2310,2024-06-16 10:07:00,CUST0017,Bananas,2
T2311,2024-02-23 20:14:00,CUST0001,Avocado,2
T2311,2024-02-23 20:14:00,CUST0001,Croissant,2
T2311,2024-02-23 20:14:00,CUST0001,Chicken Breast,2
T2311,2024-02-23 20:14:00,CUST0001,Chocolate,2
T2311,2024-02-23 20:14:00,CUST0001,Yogurt,2
T2311,2024-02-23 20:14:00,CUST0001,Sausages,2
T2311,2024-02-23 20:14:00,CUST0001,Beer,2
T2311,2024-02-23 20:14:00,CUST0001,Diapers,2
T2312,2024-02-24 16:22:00,CUST0213,Lemons,2
T2312,2024-02-24 16:22:00,CUST0213,Detergent,2
T2312,2024-02-24 16:22:00,CUST0213,Chocolate,2
T2312,2024-02-24 16:22:00,CUST0213,Ice Cream,2
T2312,2024-02-24 16:22:00,CUST0213,Wine,2
T2312,2024-02-24 16:22:00,CUST0213,Potatoes,2
T2313,2024-07-17 12:06:00,CUST0286,Salsa,2
T2313,2024-07-17 12:06:00,CUST0286,Peanut Butter,2
T2313,2024-07-17 12:06:00,CUST0286,Butter,2
T2313,2024-07-17 12:06:00,CUST0286,Bread,2
T2313,2024-07-17 12:06:00,CUST0286,Salt,2
T2313,2024-07-17 12:06:00,CUST0286,Shampoo,2
T2313,2024-07-17 12:06:00,CUST0286,Bananas,2
T2314,2024-01-18 08:07:00,CUST0324,Baby Food,2
T2314,2024-01-18 08:07:00,CUST0324,Cheese,2
T2314,,CUST0324,Energy Drink,2
T2314,2024-01-18 08:07:00,CUST0324,Croissant,2
T2314,2024-01-18 08:07:00,CUST0324,Coffee,2
T2314,2024-01-18 08:07:00,CUST0324,Ice Cream,2
T2314,2024-01-18 08:07:00,CUST0324,Sausages,2
T2314,2024-01-18 08:07:00,CUST0324,Toothpaste,2
T2314,2024-01-18 08:07:00,CUST0324,Wine,2
T2314,2024-01-18 08:07:00,CUST0324,Tissues,2
T2315,2024-05-20 18:21:00,CUST0217,Tea,2
T2315,2024-05-20 18:21:00,CUST0217,Butter,2
T2315,2024-05-20 18:21:00,CUST0217,Cheese,2
T2315,2024-05-20 18:21:00,CUST0217,Cooking Oil,2
T2315,2024-05-20 18:21:00,CUST0217,Onions,2
T2315,2024-05-20 18:21:00,CUST0217,Wine,2
T2316,2024-08-11 21:30:00,CUST0071,Ground Beef,2
T2316,2024-08-11 21:30:00,CUST0071,Energy Drink,2
T2316,2024-08-11 21:30:00,CUST0071,Pasta Sauce,2
T2317,2024-04-20 18:41:00,CUST0338,Wine,2
T2317,2024-04-20 18:41:00,CUST0338,Coffee,2
T2317,2024-04-20 18:41:00,CUST0338,Bagels,2
T2317,2024-04-20 18:41:00,CUST0338,Cheese,2
T2318,2024-06-15 13:38:00,CUST0115,Trash Bags,2
T2318,2024-06-15 13:38:00,CUST0115,Rice,2
T2318,2024-06-15 13:38:00,CUST0115,Chicken Breast,2
T2318,2024-06-15 13:38:00,CUST0115,Ice Cream,2
T2318,2024-06-15 13:38:00,CUST0115,Bacon,2
T2318,2024-06-15 13:38:00,CUST0115,Fish Fillet,2
T2319,2024-01-02 19:15:00,CUST0202,Baby Food,2
T2319,2024-01-02 19:15:00,,Cooking Oil,2
T2319,2024-01-02 19:15:00,CUST0202,Bacon,2
T2319,2024-01-02 19:15:00,CUST0202,Sugar,2
T2319,2024-01-02 19:15:00,CUST0202,Diapers,2
T2319,2024-01-02 19:15:00,CUST0202,Cereal,2
T2319,2024-01-02 19:15:00,CUST0202,Apples,2
T2319,2024-01-02 19:15:00,CUST0202,Orange Juice,2
T2320,2024-05-06 17:22:00,CUST0285,Baby Wipes,2
T2320,2024-05-06 17:22:00,CUST0285,Soda,2
T2320,2024-05-06 17:22:00,CUST0285,Energy Drink,2
T2320,2024-05-06 17:22:00,CUST0285,Chicken Breast,2
T2320,2024-05-06 17:22:00,CUST0285,Frozen Vegetables,2
T2320,2024-05-06 17:22:00,CUST0285,Beer,2
T2320,2024-05-06 17:22:00,CUST0285,Diapers,2
T2320,2024-05-06 17:22:00,CUST0285,Toothbrush,2
T2320,2024-05-06 17:22:00,CUST0285,Potatoes,2
T2321,2024-02-13 15:04:00,CUST0029,Shampoo,2
T2321,2024-02-13 15:04:00,CUST0029,Chips,2
T2321,2024-02-13 15:04:00,CUST0029,Cooking Oil,2
T2321,2024-02-13 15:04:00,CUST0029,Rice,2
T2321,2024-02-13 15:04:00,CUST0029,Jam,2
T2321,2024-02-13 15:04:00,CUST0029,Sugar,2
T2321,2024-02-13 15:04:00,CUST0029,Pasta Sauce,2
T2321,2024-02-13 15:04:00,CUST0029,Onions,2
T2321,2024-02-13 15:04:00,CUST0029,Pasta,2
T2321,2024-02-13 15:04:00,CUST0029,Orange Juice,2
T2321,2024-02-13 15:04:00,CUST0029,Honey,2
T2322,2024-08-29 11:48:00,CUST0188,Lemons,2
T2322,2024-08-29 11:48:00,CUST0188,Baby Wipes,2
T2322,2024-08-29 11:48:00,CUST0188,Baby Food,2
T2322,2024-08-29 11:48:00,CUST0188,Milk,2
T2322,2024-08-29 11:48:00,CUST0188,Oats,2
T2322,2024-08-29 11:48:00,CUST0188,Eggs,2
T2323,2024-04-14 08:21:00,CUST0119,Salsa,2
T2323,2024-04-14 08:21:00,CUST0119,Baby Wipes,2
T2323,2024-04-14 08:21:00,CUST0119,Croissant,2
T2323,2024-04-14 08:21:00,CUST0119,Salt,2
T2323,2024-04-14 08:21:00,CUST0119,Cooking Oil,2
T2323,2024-04-14 08:21:00,CUST0119,Coffee,2
T2323,2024-04-14 08:21:00,CUST0119,Chicken Breast,2
T2323,2024-04-14 08:21:00,CUST0119,Fish Fillet,2
T2323,2024-04-14 08:21:00,CUST0119,Orange Juice,2
T2324,2024-02-05 19:12:00,CUST0123,Detergent,2
T2324,2024-02-05 19:12:00,CUST0123,Apples,2
T2324,2024-02-05 19:12:00,CUST0123,Dish Soap,2
T2325,2024-08-10 10:20:00,CUST0351,Salsa,2
T2325,2024-08-10 10:20:00,CUST0351,Energy Drink,2
T2325,2024-08-10 10:20:00,CUST0351,Cream,2
T2325,2024-08-10 10:20:00,CUST0351,Bagels,2
T2325,2024-08-10 10:20:00,CUST0351,Salt,2
T2325,2024-08-10 10:20:00,CUST0351,Chocolate,2
T2325,2024-08-10 10:20:00,CUST0351,Ice Cream,2
T2325,2024-08-10 10:20:00,CUST0351,Toothpaste,2
T2325,2024-08-10 10:20:00,CUST0351,Wine,2
T2325,2024-08-10 10:20:00,CUST0351,Toothbrush,2
T2326,2024-04-18 13:46:00,,Soap,2
T2326,2024-04-18 13:46:00,CUST0116,Pasta,2
T2326,2024-04-18 13:46:00,CUST0116,  diapers ,2
T2326,2024-04-18 13:46:00,CUST0116,Coffee,2
T2327,2024-08-14 19:24:00,CUST0084,Peanut Butter,2
T2327,2024-08-14 19:24:00,CUST0084,Ground Beef,2
T2327,2024-08-14 19:24:00,CUST0084,Salt,2
T2327,,CUST0084,Rice,2
T2327,2024-08-14 19:24:00,CUST0084,Chicken Breast,2
T2327,2024-08-14 19:24:00,CUST0084,Ice Cream,2
T2327,2024-08-14 19:24:00,CUST0084,Frozen Vegetables,2
T2327,2024-08-14 19:24:00,CUST0084,Popcorn,2
T2327,2024-08-14 19:24:00,CUST0084,Toothbrush,2
T2327,2024-08-14 19:24:00,CUST0084,Paper Towels,2
T2328,2024-02-27 08:34:00,CUST0305,Lemons,2
T2328,2024-02-27 08:34:00,CUST0305,Cheese,2
T2328,2024-02-27 08:34:00,CUST0305,Ground Beef,2
T2328,2024-02-27 08:34:00,CUST0305,Avocado,2
T2328,2024-02-27 08:34:00,CUST0305,Muffins,2
T2328,2024-02-27 08:34:00,CUST0305,Chocolate,2
T2328,2024-02-27 08:34:00,CUST0305,Ice Cream,2
T2328,2024-02-27 08:34:00,CUST0305,Flour,2
T2328,2024-02-27 08:34:00,CUST0305,Onions,2
T2328,2024-02-27 08:34:00,CUST0305,Tissues,2
T2328,2024-02-27 08:34:00,CUST0305,Paper Towels,2
T2329,2024-03-28 18:18:00,CUST0200,Energy Drink,2
T2329,2024-03-28 18:18:00,CUST0200,Chips,2
T2329,2024-03-28 18:18:00,CUST0200,Sausages,2
T2329,2024-03-28 18:18:00,CUST0200,Soap,2
T2329,2024-03-28 18:18:00,CUST0200,Cereal,2
T2329,2024-03-28 18:18:00,CUST0200,Shampoo,2
T2329,2024-03-28 18:18:00,CUST0200,Honey,2
T2330,2024-01-27 10:09:00,CUST0037,Frozen Pizza,2
T2330,2024-01-27 10:09:00,CUST0037,Baby Wipes,2
T2330,2024-01-27 10:09:00,CUST0037,Tea,2
T2330,2024-01-27 10:09:00,CUST0037,Dish Soap,2
T2330,2024-01-27 10:09:00,CUST0037,Chips,2
T2330,2024-01-27 10:09:00,CUST0037,Cooking Oil,2
T2330,2024-01-27 10:09:00,CUST0037,Jam,2
T2330,2024-01-27 10:09:00,CUST0037,Sugar,2
T2330,2024-01-27 10:09:00,CUST0037,Diapers,2
T2330,2024-01-27 10:09:00,CUST0037,Toothpaste,2
T2330,2024-01-27 10:09:00,CUST0037,Toothbrush,2
T2331,2024-02-20 20:17:00,CUST0407,Cereal,2
T2331,2024-02-20 20:17:00,CUST0407,Lemons,2
T2331,2024-02-20 20:17:00,CUST0407,Baby Food,2
T2331,2024-02-20 20:17:00,CUST0407,Cooking Oil,2
T2331,2024-02-20 20:17:00,CUST0407,Chocolate,2
T2331,2024-02-20 20:17:00,CUST0407,Eggs,2
T2331,2024-02-20 20:17:00,CUST0407,Beer,2
T2331,2024-02-20 20:17:00,CUST0407,Popcorn,2
T2331,2024-02-20 20:17:00,CUST0407,Fish Fillet,2
T2331,2024-02-20 20:17:00,CUST0407,Bagels,2
T2331,2024-02-20 20:17:00,CUST0407,Orange Juice,2
T2332,,CUST0175,Cheese,2
T2332,2024-04-17 16:32:00,CUST0175,Croissant,2
T2332,2024-04-17 16:32:00,CUST0175,Soap,2
T2332,2024-04-17 16:32:00,CUST0175,Wine,2
T2332,2024-04-17 16:32:00,CUST0175,Orange Juice,2
T2333,2024-06-21 17:00:00,CUST0012,Ground Beef,2
T2333,2024-06-21 17:00:00,CUST0012,Dish Soap,2
T2333,2024-06-21 17:00:00,CUST0012,Baby Food,2
T2334,2024-07-10 09:40:00,CUST0337,Frozen Pizza,2
T2334,2024-07-10 09:40:00,CUST0337,Soda,2
T2334,2024-07-10 09:40:00,CUST0337,Tomatoes,2
T2334,2024-07-10 09:40:00,CUST0337,Cooking Oil,2
T2334,2024-07-10 09:40:00,CUST0337,Onions,2
T2334,2024-07-10 09:40:00,CUST0337,Toothbrush,2
T2334,2024-07-10 09:40:00,CUST0337,Bananas,2
T2335,2024-02-10 08:15:00,CUST0273,Tea,2
T2335,2024-02-10 08:15:00,CUST0273,Toothpaste,2
T2335,2024-02-10 08:15:00,CUST0273,Croissant,2
T2335,2024-02-10 08:15:00,CUST0273,Toilet Paper,2
T2335,2024-02-10 08:15:00,CUST0273,Coffee,2
T2335,2024-02-10 08:15:00,CUST0273,Pasta Sauce,2
T2335,2024-02-10 08:15:00,CUST0273,Popcorn,2
T2335,2024-02-10 08:15:00,CUST0273,Bagels,2
T2335,2024-02-10 08:15:00,CUST0273,Potatoes,2
T2336,2024-06-16 21:34:00,CUST0409,Butter,2
T2336,2024-06-16 21:34:00,CUST0409,Lettuce,2
T2336,2024-06-16 21:34:00,CUST0409,Coffee,2
T2336,2024-06-16 21:34:00,CUST0409,Ice Cream,2
T2336,2024-06-16 21:34:00,CUST0409,Chocolate,2
T2336,2024-06-16 21:34:00,CUST0409,Sugar,2
T2336,2024-06-16 21:34:00,CUST0409,Toothbrush,2
T2337,2024-02-05 13:59:00,CUST0357,Yogurt,2
T2337,2024-02-05 13:59:00,CUST0357,Beer,2
T2337,2024-02-05 13:59:00,CUST0357,Toothpaste,2
T2337,2024-02-05 13:59:00,CUST0357,Fish Fillet,2
T2337,2024-02-05 13:59:00,CUST0357,Toothbrush,2
T2337,2024-02-05 13:59:00,CUST0357,Apples,2
T2337,2024-02-05 13:59:00,CUST0357,Orange Juice,2
T2338,2024-01-31 19:00:00,CUST0321,Apples,2
T2338,2024-01-31 19:00:00,CUST0321,Toothpaste,2
T2338,2024-01-31 19:00:00,CUST0321,Lettuce,2
T2338,2024-01-31 19:00:00,CUST0321,Sugar,2
T2338,2024-01-31 19:00:00,CUST0321,Soap,2
T2338,2024-01-31 19:00:00,CUST0321,Cereal,2
T2338,2024-01-31 19:00:00,CUST0321,Toothbrush,2
T2338,2024-01-31 19:00:00,CUST0321,Shampoo,2
T2338,2024-01-31 19:00:00,CUST0321,Bananas,2
T2339,2024-07-11 11:37:00,,Lettuce,2
T2339,2024-07-11 11:37:00,CUST0250,Baby Food,2
T2339,2024-07-11 11:37:00,CUST0250,Milk,2
T2339,2024-07-11 11:37:00,CUST0250,Oats,2
T2339,2024-07-11 11:37:00,CUST0250,Cooking Oil,2
T2339,2024-07-11 11:37:00,CUST0250,Cereal,2
T2340,,CUST0194,Frozen Pizza,2
T2340,2024-08-03 20:41:00,CUST0194,Butter,2
T2340,2024-08-03 20:41:00,CUST0194,Baby Wipes,2
T2340,2024-08-03 20:41:00,CUST0194,Cookies,2
T2340,2024-08-03 20:41:00,CUST0194,Cooking Oil,2
T2340,2024-08-03 20:41:00,CUST0194,Chicken Breast,2
T2340,2024-08-03 20:41:00,CUST0194,Muffins,2
T2340,2024-08-03 20:41:00,CUST0194,Onions,2
T2340,2024-08-03 20:41:00,CUST0194,Wine,2
T2340,2024-08-03 20:41:00,CUST0194,Orange Juice,2
T2340,2024-08-03 20:41:00,CUST0194,Potatoes,2
T2341,2024-04-14 13:34:00,CUST0419,Cereal,2
T2341,2024-04-14 13:34:00,CUST0419,Peanut Butter,2
T2341,2024-04-14 13:34:00,CUST0419,Milk,2
T2341,2024-04-14 13:34:00,CUST0419,Avocado,2
T2341,2024-04-14 13:34:00,CUST0419,Cream,2
T2341,2024-04-14 13:34:00,CUST0419,Rice,2
T2341,2024-04-14 13:34:00,CUST0419,Eggs,2
T2341,2024-04-14 13:34:00,CUST0419,Beer,2
T2341,2024-04-14 13:34:00,CUST0419,Soap,2
T2341,2024-04-14 13:34:00,CUST0419,Paper Towels,2
T2342,2024-01-01 10:31:00, CUST0110 ,Cheese,2
T2342,2024-01-01 10:31:00,CUST0110,Tea,2
T2342,2024-01-01 10:31:00,CUST0110,Honey,2
T2343,2024-05-14 18:16:00,CUST0347,Frozen Pizza,2
T2343,2024-05-14 18:16:00,CUST0347,Bananas,2
T2343,2024-05-14 18:16:00,CUST0347,Toothpaste,2
T2344,2024-05-13 19:48:00,CUST0338,Butter,2
T2344,2024-05-13 19:48:00,CUST0338,Cheese,2
T2344,2024-05-13 19:48:00,CUST0338,Croissant,2
T2344,2024-05-13 19:48:00,CUST0338,Pasta Sauce,2
T2344,2024-05-13 19:48:00,CUST0338,Soap,2
T2344,2024-05-13 19:48:00,CUST0338,Toothpaste,2
T2344,2024-05-13 19:48:00,CUST0338,Apples,2
T2345,2024-06-28 09:54:00,CUST0362,Baby Wipes,2
T2345,2024-06-28 09:54:00,CUST0362,Chicken Breast,2
T2345,2024-06-28 09:54:00,CUST0362,Bacon,2
T2345,2024-06-28 09:54:00,CUST0362,Eggs,2
T2345,2024-06-28 09:54:00,CUST0362,Pasta Sauce,2
T2345,2024-06-28 09:54:00,CUST0362,Bananas,2
T2346,2024-03-02 20:06:00,CUST0388,Salsa,2
T2346,2024-03-02 20:06:00,CUST0388,Frozen Pizza,2
T2346,2024-03-02 20:06:00,CUST0388,Baby Wipes,2
T2346,2024-03-02 20:06:00,CUST0388,Croissant,2
T2346,2024-03-02 20:06:00,CUST0388,Trash Bags,2
T2346,2024-03-02 20:06:00,CUST0388,Coffee,2
T2346,2024-03-02 20:06:00,CUST0388,Chicken Breast,2
T2346,2024-03-02 20:06:00,CUST0388,Toothbrush,2
T2346,2024-03-02 20:06:00,CUST0388,Orange Juice,2
T2347,2024-06-05 11:37:00,CUST0258,Salsa,2
T2347,2024-06-05 11:37:00,CUST0258,Trash Bags,2
T2348,2024-08-31 15:00:00,CUST0129,Apples,2
T2348,2024-08-31 15:00:00,CUST0129,Tomatoes,2
T2348,2024-08-31 15:00:00,CUST0129,Avocado,2
T2348,2024-08-31 15:00:00,CUST0129,Pasta Sauce,2
T2348,2024-08-31 15:00:00,CUST0129,Onions,2
T2348,2024-08-31 15:00:00,CUST0129,Pasta,2
T2348,,CUST0129,Shampoo,2
T2349,2024-01-21 12:04:00,CUST0336,Lemons,2
T2349,2024-01-21 12:04:00,CUST0336,Tea,2
T2349,2024-01-21 12:04:00,,Croissant,2
T2349,2024-01-21 12:04:00,CUST0336,Toilet Paper,2
T2349,2024-01-21 12:04:00,CUST0336,Bacon,2
T2349,2024-01-21 12:04:00,CUST0336,Jam,2
T2349,2024-01-21 12:04:00,CUST0336,Sugar,2
T2349,2024-01-21 12:04:00,CUST0336,Popcorn,2
T2349,2024-01-21 12:04:00,CUST0336,Toothpaste,2
T2349,2024-01-21 12:04:00,CUST0336,Orange Juice,2
T2349,2024-01-21 12:04:00,CUST0336,Cookies,2
T2350,2024-09-10 19:37:00,CUST0361,Salsa,2
T2350,2024-09-10 19:37:00,CUST0361,Baby Food,2
T2350,2024-09-10 19:37:00,CUST0361,Soda,2
T2350,2024-09-10 19:37:00,CUST0361,Ground Beef,2
T2350,2024-09-10 19:37:00,CUST0361,Cream,2
T2351,2024-03-14 10:48:00,CUST0142,Chocolate,2
T2351,2024-03-14 10:48:00,CUST0142,Eggs,2
T2351,2024-03-14 10:48:00,CUST0142,Yogurt,2
T2351,2024-03-14 10:48:00,CUST0142,Ice Cream,2
T2351,2024-03-14 10:48:00,CUST0142,Pasta,2
T2351,2024-03-14 10:48:00,CUST0142,Honey,2
T2351,2024-03-14 10:48:00,CUST0142,Potatoes,2
T2352,2024-04-04 12:00:00,CUST0136,Butter,2
T2352,2024-04-04 12:00:00,CUST0136,Cookies,2
T2352,2024-04-04 12:00:00,CUST0136,Chips,2
T2352,2024-04-04 12:00:00,CUST0136,Dish Soap,2
T2352,2024-04-04 12:00:00,CUST0136,Chocolate,2
T2352,2024-04-04 12:00:00,CUST0136,Frozen Vegetables,2
T2352,2024-04-04 12:00:00,CUST0136,Beer,2
T2352,2024-04-04 12:00:00,CUST0136,Soap,2
T2352,2024-04-04 12:00:00,CUST0136,Cereal,2
T2352,2024-04-04 12:00:00,CUST0136,Fish Fillet,2
T2352,2024-04-04 12:00:00,CUST0136,Bananas,2
T2353,2024-04-20 08:30:00,CUST0007,Milk,2
T2353,2024-04-20 08:30:00,CUST0007,Cheese,2
T2353,2024-04-20 08:30:00,CUST0007,Pasta,2
T2353,2024-04-20 08:30:00,CUST0007,Paper Towels,2
T2353,2024-04-20 08:30:00,CUST0007,Bacon,2
T2353,2024-04-20 08:30:00,CUST0007,Eggs,2
T2353,2024-04-20 08:30:00,CUST0007,Popcorn,2
T2353,,CUST0007,Tissues,2
T2353,2024-04-20 08:30:00,CUST0007,Apples,2
T2353,2024-04-20 08:30:00,CUST0007,Honey,2
T2353,2024-04-20 08:30:00,CUST0007,Bananas,2
T2354,2024-05-01 14:57:00,CUST0411,Milk,2
T2354,2024-05-01 14:57:00,CUST0411,Pasta Sauce,2
T2354,2024-05-01 14:57:00,CUST0411,Cooking Oil,2
T2354,,CUST0411,Onions,2
T2355,2024-06-09 08:03:00,CUST0050,Muffins,2
T2355,2024-06-09 08:03:00,CUST0050,  diapers ,2
T2355,2024-06-09 08:03:00,CUST0050,Soap,2
T2355,2024-06-09 08:03:00,CUST0050,Flour,2
T2355,2024-06-09 08:03:00,CUST0050,Bagels,2
T2356,2024-07-13 17:02:00,CUST0381,Peanut Butter,2
T2356,,CUST0381,Milk,2
T2356,2024-07-13 17:02:00,CUST0381,Baby Food,2
T2356,2024-07-13 17:02:00,CUST0381,Energy Drink,2
T2356,2024-07-13 17:02:00,,Oats,2
T2356,2024-07-13 17:02:00,CUST0381,Chips,2
T2356,2024-07-13 17:02:00,CUST0381,Muffins,2
T2356,2024-07-13 17:02:00,CUST0381,Beer,2
T2356,2024-07-13 17:02:00,CUST0381,Popcorn,2
T2356,2024-07-13 17:02:00,CUST0381,Bagels,2
T2356,2024-07-13 17:02:00,CUST0381,Apples,2
T2357,2024-05-23 19:26:00,CUST0406,Muffins,2
T2357,2024-05-23 19:26:00,CUST0406,Avocado,2
T2357,2024-05-23 19:26:00,CUST0406,Lettuce,2
T2357,2024-05-23 19:26:00,CUST0406,Coffee,2
T2358,2024-03-15 21:14:00,CUST0389,Baby Wipes,2
T2358,2024-03-15 21:14:00,CUST0389,Lettuce,2
T2358,2024-03-15 21:14:00,CUST0389,Pasta,2
T2358,2024-03-15 21:14:00,CUST0389,Bread,2
T2358,2024-03-15 21:14:00,CUST0389,Avocado,2
T2358,2024-03-15 21:14:00,CUST0389,Cheese,2
T2358,2024-03-15 21:14:00,CUST0389,Cream,2
T2358,2024-03-15 21:14:00,CUST0389,Soap,2
T2358,2024-03-15 21:14:00,CUST0389,Wine,2
T2358,2024-03-15 21:14:00,,Shampoo,2
T2359,2024-05-18 20:05:00,CUST0073,Baby Wipes,2
T2359,2024-05-18 20:05:00,CUST0073,Baby Food,2
T2359,2024-05-18 20:05:00,CUST0073,Soda,2
T2359,2024-05-18 20:05:00,CUST0073,Diapers,2
T2359,2024-05-18 20:05:00,,Flour,2
T2359,2024-05-18 20:05:00,CUST0073,Bagels,2
T2359,,CUST0073,Apples,2
T2359,2024-05-18 20:05:00,CUST0073,Cookies,2
T2360,2024-04-25 10:30:00,CUST0210,Toothpaste,2
T2360,2024-04-25 10:30:00,CUST0210,Energy Drink,2
T2360,2024-04-25 10:30:00,CUST0210,Croissant,2
T2360,2024-04-25 10:30:00,CUST0210,Cream,2
T2360,2024-04-25 10:30:00,CUST0210,Cookies,2
T2360,2024-04-25 10:30:00,CUST0210,Salt,2
T2360,2024-04-25 10:30:00,CUST0210,Onions,2
T2360,2024-04-25 10:30:00,CUST0210,Bananas,2
T2361,2024-02-26 13:59:00,CUST0275,Milk,2
T2361,2024-02-26 13:59:00,CUST0275,Muffins,2
T2361,2024-02-26 13:59:00,CUST0275,Chicken Breast,2
T2361,2024-02-26 13:59:00,CUST0275,Jam,2
T2361,2024-02-26 13:59:00,CUST0275,Sugar,2
T2361,2024-02-26 13:59:00,CUST0275,Paper Towels,2
T2361,2024-02-26 13:59:00,CUST0275,Fish Fillet,2
T2361,2024-02-26 13:59:00,CUST0275,Orange Juice,2
T2362,2024-09-20 18:26:00,CUST0065,Avocado,2
T2362,2024-09-20 18:26:00,CUST0065,Ice Cream,2
T2362,2024-09-20 18:26:00,CUST0065,Pasta Sauce,2
T2362,2024-09-20 18:26:00,CUST0065,Soap,2
T2362,2024-09-20 18:26:00,CUST0065,Paper Towels,2
T2362,2024-09-20 18:26:00,CUST0065,Toothbrush,2
T2363,2024-02-15 17:07:00,CUST0293,Lemons,2
T2363,2024-02-15 17:07:00,CUST0293,Baby Wipes,2
T2363,2024-02-15 17:07:00,CUST0293,Ground Beef,2
T2363,2024-02-15 17:07:00,CUST0293,Muffins,2
T2363,2024-02-15 17:07:00,CUST0293,Onions,2
T2363,2024-02-15 17:07:00,CUST0293,Pasta,2
T2364,2024-04-13 14:38:00,CUST0374,Tea,2
T2364,2024-04-13 14:38:00,,Butter,2
T2364,2024-04-13 14:38:00,CUST0374,Cheese,2
T2364,2024-04-13 14:38:00,CUST0374,Cereal,2
T2364,2024-04-13 14:38:00,CUST0374,Fish Fillet,2
T2364,2024-04-13 14:38:00,CUST0374,Tissues,2
T2365,2024-07-29 13:17:00,CUST0222,Butter,2
T2365,2024-07-29 13:17:00,CUST0222,Baby Food,2
T2365,2024-07-29 13:17:00,CUST0222,Soda,2
T2365,2024-07-29 13:17:00,CUST0222,Tomatoes,2
T2365,2024-07-29 13:17:00,CUST0222,Energy Drink,2
T2365,2024-07-29 13:17:00,CUST0222,Trash Bags,2
T2365,2024-07-29 13:17:00,CUST0222,Chips,2
T2365,2024-07-29 13:17:00,CUST0222,Chicken Breast,2
T2365,2024-07-29 13:17:00,CUST0222,Coffee,2
T2365,2024-07-29 13:17:00,CUST0222,Tissues,2
T2366,2024-03-16 21:00:00,CUST0184,Bacon,2
T2366,2024-03-16 21:00:00,CUST0184,Eggs,2
T2366,2024-03-16 21:00:00,CUST0184,Salsa,2
T2366,2024-03-16 21:00:00,CUST0184,Frozen Pizza,2
T2367,2024-01-02 16:33:00,CUST0293,Butter,2
T2367,2024-01-02 16:33:00,CUST0293,Lettuce,2
T2367,2024-01-02 16:33:00,CUST0293,Baby Wipes,2
T2367,2024-01-02 16:33:00,CUST0293,Tomatoes,2
T2367,2024-01-02 16:33:00,CUST0293,Bread,2
T2367,2024-01-02 16:33:00,CUST0293,  chips ,2
T2367,2024-01-02 16:33:00,CUST0293,Jam,2
T2367,2024-01-02 16:33:00,CUST0293,Potatoes,2
T2368,2024-02-17 14:36:00,CUST0386,Chocolate,2
T2368,2024-02-17 14:36:00,CUST0386,Pasta Sauce,2
T2368,2024-02-17 14:36:00,CUST0386,Pasta,2
T2368,2024-02-17 14:36:00,CUST0386,Ice Cream,2
T2369,2024-02-12 21:55:00,,Baby Wipes,2
T2369,2024-02-12 21:55:00,,Butter,2
T2369,2024-02-12 21:55:00,CUST0281,Trash Bags,2
T2369,2024-02-12 21:55:00,CUST0281,Flour,2
T2369,2024-02-12 21:55:00,CUST0281,Beer,2
T2369,2024-02-12 21:55:00,CUST0281,Diapers,2
T2369,2024-02-12 21:55:00,CUST0281,Paper Towels,2
T2369,2024-02-12 21:55:00,CUST0281,Fish Fillet,2
T2369,2024-02-12 21:55:00,CUST0281,Bagels,2
T2370,2024-01-12 17:52:00,CUST0302,Sugar,2
T2370,2024-01-12 17:52:00,CUST0302,Coffee,2
T2371,2024-05-05 15:05:00,CUST0050,Onions,2
T2371,2024-05-05 15:05:00,CUST0050,Cooking Oil,2
T2371,2024-05-05 15:05:00,CUST0050,Tomatoes,2
T2372,2024-06-14 20:15:00,CUST0143,Lemons,2
T2372,2024-06-14 20:15:00,CUST0143,Soda,2
T2372,2024-06-14 20:15:00,CUST0143,Croissant,2
T2372,2024-06-14 20:15:00,CUST0143,Cream,2
T2372,2024-06-14 20:15:00,CUST0143,Dish Soap,2
T2372,2024-06-14 20:15:00,,Cooking Oil,2
T2372,2024-06-14 20:15:00,CUST0143,Pasta Sauce,2
T2372,2024-06-14 20:15:00,CUST0143,Popcorn,2
T2372,2024-06-14 20:15:00,CUST0143,Bagels,2
T2372,2024-06-14 20:15:00,CUST0143,Bottled Water,2
T2372,2024-06-14 20:15:00,CUST0143,Pasta,2
T2373,2024-05-16 18:46:00,CUST0009,Butter,2
T2373,2024-05-16 18:46:00,CUST0009,Cheese,2
T2373,2024-05-16 18:46:00,CUST0009,Avocado,2
T2373,2024-05-16 18:46:00,CUST0009,Soda,2
T2373,2024-05-16 18:46:00,CUST0009,Chicken Breast,2
T2373,2024-05-16 18:46:00,CUST0009,Bacon,2
T2373,2024-05-16 18:46:00,CUST0009,Diapers,2
T2373,2024-05-16 18:46:00,CUST0009,Tissues,2
T2373,2024-05-16 18:46:00, CUST0009 ,  shampoo ,2
T2373,2024-05-16 18:46:00,CUST0009,Honey,2
T2374,2024-07-19 10:02:00,CUST0272,Baby Food,2
T2374,2024-07-19 10:02:00,CUST0272,Bread,2
T2374,2024-07-19 10:02:00,CUST0272,Bacon,2
T2374,2024-07-19 10:02:00,CUST0272,Bottled Water,2
T2374,2024-07-19 10:02:00,CUST0272,Orange Juice,2
T2375,2024-04-08 14:19:00,CUST0082,Salt,2
T2375,2024-04-08 14:19:00,CUST0082,Beer,2
T2375,2024-04-08 14:19:00,CUST0082,Lettuce,2
T2375,2024-04-08 14:19:00,CUST0082,Onions,2
T2376,2024-08-02 09:40:00,CUST0091,Salsa,2
T2376,2024-08-02 09:40:00,CUST0091,Peanut Butter,2
T2376,2024-08-02 09:40:00,CUST0091,Soda,2
T2376,2024-08-02 09:40:00,CUST0091,Chips,2
T2376,2024-08-02 09:40:00,CUST0091,Chicken Breast,2
T2376,2024-08-02 09:40:00,CUST0091,Beer,2
T2376,2024-08-02 09:40:00,CUST0091,Onions,2
T2377,2024-01-13 08:05:00,CUST0066,Cereal,2
T2377,2024-01-13 08:05:00,CUST0066,Lemons,2
T2377,2024-01-13 08:05:00,CUST0066,Milk,2
T2377,2024-01-13 08:05:00,CUST0066,Tomatoes,2
T2377,2024-01-13 08:05:00,CUST0066,Chicken Breast,2
T2377,2024-01-13 08:05:00,CUST0066,Cooking Oil,2
T2377,2024-01-13 08:05:00,CUST0066,Chocolate,2
T2377,2024-01-13 08:05:00,CUST0066,Yogurt,2
T2377,2024-01-13 08:05:00,CUST0066,Onions,2
T2378,2024-03-06 17:47:00,CUST0322,Salsa,2
T2378,2024-03-06 17:47:00,CUST0322,Toothbrush,2
T2378,2024-03-06 17:47:00,CUST0322,Diapers,2
T2378,2024-03-06 17:47:00,CUST0322,Toothpaste,2
T2379,2024-06-15 11:52:00,CUST0396,Dish Soap,2
T2379,2024-06-15 11:52:00,CUST0396,Cooking Oil,2
T2379,2024-06-15 11:52:00,CUST0396,Chicken Breast,2
T2379,2024-06-15 11:52:00,CUST0396,Frozen Vegetables,2
T2379,2024-06-15 11:52:00,CUST0396,Bagels,2
T2379,2024-06-15 11:52:00,CUST0396,Toothbrush,2
T2380,2024-04-22 21:40:00,CUST0154,Diapers,2
T2380,2024-04-22 21:40:00,CUST0154,Sugar,2
T2380,2024-04-22 21:40:00,CUST0154,Chips,2
T2380,2024-04-22 21:40:00,CUST0154,Orange Juice,2
T2381,2024-03-17 12:15:00,CUST0180,Butter,2
T2381,2024-03-17 12:15:00,CUST0180,Bread,2
T2381,2024-03-17 12:15:00,CUST0180,Detergent,2
T2381,2024-03-17 12:15:00,CUST0180,Bananas,2
T2381,2024-03-17 12:15:00,CUST0180,Frozen Vegetables,2
T2381,2024-03-17 12:15:00,CUST0180,Pasta,2
T2381,2024-03-17 12:15:00,CUST0180,Potatoes,2
T2382,2024-01-02 16:25:00, CUST0215 ,Tea,2
T2382,2024-01-02 16:25:00,CUST0215,Baby Wipes,2
T2382,2024-01-02 16:25:00,CUST0215,Cheese,2
T2382,2024-01-02 16:25:00,CUST0215,Pasta Sauce,2
T2382,2024-01-02 16:25:00,CUST0215,Pasta,2
T2382,2024-01-02 16:25:00,CUST0215,Honey,2
T2382,2024-01-02 16:25:00,CUST0215,Cookies,2
T2383,2024-05-30 15:29:00,CUST0042,Energy Drink,2
T2383,2024-05-30 15:29:00,CUST0042,Chicken Breast,2
T2383,2024-05-30 15:29:00,CUST0042,Eggs,2
T2383,2024-05-30 15:29:00,CUST0042,Diapers,2
T2383,,CUST0042,Pasta Sauce,2
T2383,2024-05-30 15:29:00,CUST0042,Soap,2
T2384,2024-06-06 08:19:00,CUST0372,Tea,2
T2384,2024-06-06 08:19:00,CUST0372,Milk,2
T2384,2024-06-06 08:19:00,CUST0372,Bread,2
T2384,2024-06-06 08:19:00,CUST0372,Soda,2
T2384,2024-06-06 08:19:00,CUST0372,Chicken Breast,2
T2384,2024-06-06 08:19:00,CUST0372,Chocolate,2
T2384,2024-06-06 08:19:00,CUST0372,Ice Cream,2
T2384,2024-06-06 08:19:00,CUST0372,Pasta Sauce,2
T2384,2024-06-06 08:19:00,CUST0372,Fish Fillet,2
T2384,2024-06-06 08:19:00,CUST0372,Potatoes,2
T2385,2024-08-09 21:16:00,CUST0310,Cream,2
T2385,2024-08-09 21:16:00,CUST0310,Bottled Water,2
T2385,2024-08-09 21:16:00,CUST0310,Oats,2
T2386,2024-09-09 20:12:00,CUST0280,Oats,2
T2386,2024-09-09 20:12:00,CUST0280,Cooking Oil,2
T2386,2024-09-09 20:12:00,CUST0280,Chicken Breast,2
T2386,2024-09-09 20:12:00,CUST0280,Bacon,2
T2386,2024-09-09 20:12:00,CUST0280,Coffee,2
T2387,2024-05-27 16:55:00,CUST0258,Toothpaste,2
T2387,2024-05-27 16:55:00,CUST0258,Beer,2
T2387,2024-05-27 16:55:00,CUST0258,Diapers,2
T2387,2024-05-27 16:55:00,CUST0258,Flour,2
T2387,2024-05-27 16:55:00,CUST0258,Toothbrush,2
T2388,2024-01-23 10:05:00,CUST0083,Lemons,2
T2388,2024-01-23 10:05:00,CUST0083,Cream,2
T2388,2024-01-23 10:05:00,CUST0083,Croissant,2
T2388,2024-01-23 10:05:00,CUST0083,Sugar,2
T2388,2024-01-23 10:05:00,CUST0083,Pasta Sauce,2
T2388,2024-01-23 10:05:00,CUST0083,Pasta,2
T2388,2024-01-23 10:05:00,CUST0083,Shampoo,2
T2388,2024-01-23 10:05:00,CUST0083,Honey,2
T2389,2024-01-27 12:39:00,CUST0381,Honey,2
T2389,2024-01-27 12:39:00,CUST0381,Tea,2
T2389,2024-01-27 12:39:00,CUST0381,Chicken Breast,2
T2390,2024-02-01 19:12:00,CUST0054,Butter,2
T2390,2024-02-01 19:12:00,CUST0054,Cheese,2
T2390,2024-02-01 19:12:00,CUST0054,Bread,2
T2390,2024-02-01 19:12:00,CUST0054,Trash Bags,2
T2390,2024-02-01 19:12:00,CUST0054,Paper Towels,2
T2390,2024-02-01 19:12:00,CUST0054,Wine,2
T2391,2024-08-31 21:07:00,CUST0124,Detergent,2
T2391,2024-08-31 21:07:00,CUST0124,Trash Bags,2
T2391,2024-08-31 21:07:00,CUST0124,Dish Soap,2
T2391,2024-08-31 21:07:00,CUST0124,Paper Towels,2
T2392,2024-05-25 21:40:00,CUST0239,Lemons,2
T2392,2024-05-25 21:40:00,CUST0239,Peanut Butter,2
T2392,2024-05-25 21:40:00,CUST0239,Butter,2
T2392,2024-05-25 21:40:00,CUST0239,Cheese,2
T2392,2024-05-25 21:40:00,CUST0239,Trash Bags,2
T2392,2024-05-25 21:40:00,CUST0239,Salt,2
T2392,2024-05-25 21:40:00,CUST0239,Eggs,2
T2392,2024-05-25 21:40:00,CUST0239,Beer,2
T2392,2024-05-25 21:40:00,CUST0239,Toothpaste,2
T2392,2024-05-25 21:40:00,CUST0239,Bottled Water,2
T2392,2024-05-25 21:40:00,CUST0239,Honey,2
T2393,2024-03-26 16:33:00,CUST0347,Baby Wipes,2
T2393,2024-03-26 16:33:00,CUST0347,Milk,2
T2393,2024-03-26 16:33:00,CUST0347,Baby Food,2
T2393,2024-03-26 16:33:00,CUST0347,Tomatoes,2
T2393,2024-03-26 16:33:00,CUST0347,Croissant,2
T2393,2024-03-26 16:33:00,CUST0347,Chips,2
T2393,2024-03-26 16:33:00,CUST0347,Coffee,2
T2393,2024-03-26 16:33:00,CUST0347,Diapers,2
T2393,2024-03-26 16:33:00,CUST0347,Flour,2
T2394,2024-08-27 09:26:00, CUST0055 ,Toothbrush,2
T2394,2024-08-27 09:26:00,CUST0055,Beer,2
T2394,2024-08-27 09:26:00,CUST0055,  chips ,2
T2394,2024-08-27 09:26:00,CUST0055,Toothpaste,2
T2395,2024-09-05 13:53:00,CUST0117,Salsa,2
T2395,2024-09-05 13:53:00,CUST0117,Tea,2
T2395,,CUST0117,Frozen Pizza,2
T2395,2024-09-05 13:53:00,CUST0117,Avocado,2
T2395,2024-09-05 13:53:00,CUST0117,Detergent,2
T2395,2024-09-05 13:53:00,CUST0117,Trash Bags,2
T2395,2024-09-05 13:53:00,CUST0117,Coffee,2
T2395,2024-09-05 13:53:00,CUST0117,Ice Cream,2
T2395,2024-09-05 13:53:00,CUST0117,Bottled Water,2
T2396,2024-09-13 08:00:00,CUST0087,Peanut Butter,2
T2396,2024-09-13 08:00:00,CUST0087,Bread,2
T2396,2024-09-13 08:00:00,CUST0087,Detergent,2
T2396,2024-09-13 08:00:00,CUST0087,Salt,2
T2396,2024-09-13 08:00:00,CUST0087,Bacon,2
T2396,2024-09-13 08:00:00,CUST0087,Beer,2
T2396,2024-09-13 08:00:00,CUST0087,Bagels,2
T2396,2024-09-13 08:00:00,CUST0087,Cookies,2
T2397,2024-01-20 20:24:00,CUST0309,Tomatoes,2
T2397,2024-01-20 20:24:00,CUST0309,Baby Food,2
T2397,2024-01-20 20:24:00,CUST0309,Coffee,2
T2397,2024-01-20 20:24:00,CUST0309,Onions,2
T2398,2024-07-05 19:47:00,CUST0073,Lettuce,2
T2398,2024-07-05 19:47:00,CUST0073,Cream,2
T2398,2024-07-05 19:47:00,CUST0073,Detergent,2
T2398,2024-07-05 19:47:00,CUST0073,Dish Soap,2
T2398,2024-07-05 19:47:00,CUST0073,Salt,2
T2398,2024-07-05 19:47:00,CUST0073,Coffee,2
T2398,2024-07-05 19:47:00,CUST0073,Pasta Sauce,2
T2398,2024-07-05 19:47:00,CUST0073,Onions,2
T2398,2024-07-05 19:47:00,CUST0073,Tissues,2
T2399,2024-04-21 11:23:00,CUST0024,Milk,2
T2399,2024-04-21 11:23:00,CUST0024,Soda,2
T2399,2024-04-21 11:23:00,CUST0024,Bread,2
T2399,2024-04-21 11:23:00,CUST0024,Trash Bags,2
T2399,2024-04-21 11:23:00,CUST0024,Ice Cream,2
T2399,2024-04-21 11:23:00,,Eggs,2
T2400,2024-04-23 17:08:00,CUST0148,Trash Bags,2
T2400,2024-04-23 17:08:00,CUST0148,Toothpaste,2
T2400,2024-04-23 17:08:00,CUST0148,Toothbrush,2
T2400,2024-04-23 17:08:00,CUST0148,Apples,2
T2400,2024-04-23 17:08:00,CUST0148,Bananas,2
T2401,2024-02-08 21:00:00,CUST0162,  toothbrush ,2
T2401,2024-02-08 21:00:00,CUST0162,Tea,2
T2401,2024-02-08 21:00:00,CUST0162,Honey,2
T2401,2024-02-08 21:00:00,CUST0162,Toothpaste,2
T2402,2024-02-16 09:00:00,CUST0167,Milk,2
T2402,2024-02-16 09:00:00,CUST0167,Lettuce,2
T2402,2024-02-16 09:00:00,CUST0167,Bread,2
T2402,2024-02-16 09:00:00,CUST0167,Trash Bags,2
T2402,2024-02-16 09:00:00,CUST0167,Cooking Oil,2
T2402,2024-02-16 09:00:00,CUST0167,Eggs,2
T2402,2024-02-16 09:00:00,CUST0167,Sausages,2
T2402,2024-02-16 09:00:00,CUST0167,Beer,2
T2402,2024-02-16 09:00:00,CUST0167,Onions,2
T2402,2024-02-16 09:00:00,CUST0167,Shampoo,2
T2403,2024-03-20 15:32:00,CUST0420,Ground Beef,2
T2403,2024-03-20 15:32:00,CUST0420,Toothpaste,2
T2403,2024-03-20 15:32:00,CUST0420,Frozen Vegetables,2
T2404,2024-09-09 13:51:00,,Cheese,2
T2404,2024-09-09 13:51:00,CUST0051,Rice,2
T2404,2024-09-09 13:51:00,CUST0051,Chicken Breast,2
T2404,2024-09-09 13:51:00,CUST0051,Eggs,2
T2404,2024-09-09 13:51:00,CUST0051,Jam,2
T2404,2024-09-09 13:51:00,CUST0051,Wine,2
T2404,2024-09-09 13:51:00,CUST0051,Orange Juice,2
T2405,2024-07-15 08:09:00,CUST0152,Lemons,2
T2405,2024-07-15 08:09:00,CUST0152,Butter,2
T2405,2024-07-15 08:09:00,CUST0152,Detergent,2
T2405,2024-07-15 08:09:00,CUST0152,Chocolate,2
T2405,2024-07-15 08:09:00,CUST0152,Beer,2
T2405,2024-07-15 08:09:00,CUST0152,Flour,2
T2405,2024-07-15 08:09:00,CUST0152,Bottled Water,2
T2405,2024-07-15 08:09:00,CUST0152,Honey,2
T2405,2024-07-15 08:09:00,CUST0152,Paper Towels,2
T2406,2024-02-01 21:32:00,CUST0238,Peanut Butter,2
T2406,2024-02-01 21:32:00,CUST0238,Milk,2
T2406,2024-02-01 21:32:00,CUST0238,Cheese,2
T2406,2024-02-01 21:32:00,CUST0238,Soda,2
T2406,2024-02-01 21:32:00,CUST0238,Croissant,2
T2406,2024-02-01 21:32:00,CUST0238,Cream,2
T2406,2024-02-01 21:32:00,CUST0238,Salt,2
T2406,2024-02-01 21:32:00,CUST0238,  muffins ,2
T2406,2024-02-01 21:32:00,CUST0238,Diapers,2
T2407,2024-06-06 11:33:00,CUST0009,Ice Cream,2
T2407,2024-06-06 11:33:00,CUST0009,Yogurt,2
T2407,2024-06-06 11:33:00,CUST0009,Pasta Sauce,2
T2407,2024-06-06 11:33:00,CUST0009,Apples,2
T2407,2024-06-06 11:33:00,CUST0009,Honey,2
T2408,2024-03-29 13:16:00,CUST0395,Trash Bags,2
T2408,2024-03-29 13:16:00,CUST0395,Chips,2
T2408,2024-03-29 13:16:00,CUST0395,Cheese,2
T2408,2024-03-29 13:16:00,CUST0395,Tomatoes,2
T2409,2024-07-12 18:13:00,CUST0074,Onions,2
T2409,2024-07-12 18:13:00,CUST0074,Butter,2
T2409,2024-07-12 18:13:00,CUST0074,Baby Food,2
T2409,2024-07-12 18:13:00,CUST0074,Toothpaste,2
T2409,2024-07-12 18:13:00,CUST0074,Toothbrush,2
T2410,2024-03-05 11:57:00,CUST0271,Shampoo,2
T2410,2024-03-05 11:57:00,CUST0271,Toothpaste,2
T2410,2024-03-05 11:57:00,CUST0271,Wine,2
T2410,2024-03-05 11:57:00,CUST0271,Pasta,2
T2410,2024-03-05 11:57:00,CUST0271,Orange Juice,2
T2411,2024-07-08 20:15:00,CUST0133,Lemons,2
T2411,2024-07-08 20:15:00,CUST0133,Onions,2
T2411,2024-07-08 20:15:00,CUST0133,Toilet Paper,2
T2411,2024-07-08 20:15:00,,Muffins,2
T2411,2024-07-08 20:15:00,CUST0133,Chocolate,2
T2411,2024-07-08 20:15:00,CUST0133,Yogurt,2
T2411,2024-07-08 20:15:00,CUST0133,Toothpaste,2
T2411,2024-07-08 20:15:00,CUST0133,  toothbrush ,2
T2412,2024-04-12 17:26:00,CUST0381,Wine,2
T2412,2024-04-12 17:26:00,CUST0381,Soda,2
T2413,2024-01-30 19:30:00,CUST0257,Tomatoes,2
T2413,2024-01-30 19:30:00,CUST0257,Avocado,2
T2413,2024-01-30 19:30:00,CUST0257,Rice,2
T2413,2024-01-30 19:30:00,CUST0257,Pasta Sauce,2
T2413,2024-01-30 19:30:00,CUST0257,Popcorn,2
T2413,2024-01-30 19:30:00,CUST0257,Bagels,2
T2414,2024-01-15 11:53:00,CUST0401,Shampoo,2
T2414,2024-01-15 11:53:00,CUST0401,Beer,2
T2414,2024-01-15 11:53:00,CUST0401,Chips,2
T2414,2024-01-15 11:53:00,CUST0401,Soap,2
T2415,2024-02-24 20:04:00,CUST0238,Tea,2
T2415,2024-02-24 20:04:00,CUST0238,Baby Wipes,2
T2415,2024-02-24 20:04:00,,Soda,2
T2415,2024-02-24 20:04:00,CUST0238,Bananas,2
T2415,2024-02-24 20:04:00,CUST0238,Chocolate,2
T2415,2024-02-24 20:04:00,,Yogurt,2
T2415,2024-02-24 20:04:00,CUST0238,Diapers,2
T2415,2024-02-24 20:04:00,CUST0238,Cookies,2
T2416,2024-03-21 17:56:00,CUST0279,Avocado,2
T2416,2024-03-21 17:56:00,CUST0279,Apples,2
T2416,2024-03-21 17:56:00,CUST0279,Bananas,2
T2417,2024-04-01 10:01:00,CUST0093,Peanut Butter,2
T2417,2024-04-01 10:01:00,CUST0093,Milk,2
T2417,2024-04-01 10:01:00,CUST0093,Bagels,2
T2417,2024-04-01 10:01:00,CUST0093,Dish Soap,2
T2417,2024-04-01 10:01:00,CUST0093,Chocolate,2
T2417,2024-04-01 10:01:00,CUST0093,Onions,2
T2417,2024-04-01 10:01:00,CUST0093,Toothbrush,2
T2417,2024-04-01 10:01:00,CUST0093,Honey,2
T2418,2024-02-06 15:29:00,CUST0389,Rice,2
T2418,2024-02-06 15:29:00,CUST0389,Chicken Breast,2
T2418,2024-02-06 15:29:00,CUST0389,Frozen Vegetables,2
T2418,2024-02-06 15:29:00,CUST0389,Chocolate,2
T2418,2024-02-06 15:29:00,CUST0389,Ice Cream,2
T2418,2024-02-06 15:29:00,CUST0389,Eggs,2
T2418,2024-02-06 15:29:00,CUST0389,Yogurt,2
T2418,2024-02-06 15:29:00,CUST0389,Toothbrush,2
T2419,2024-01-06 08:18:00,CUST0299,Cereal,2
T2419,2024-01-06 08:18:00,CUST0299,Butter,2
T2419,2024-01-06 08:18:00,CUST0299,Baby Food,2
T2419,2024-01-06 08:18:00,CUST0299,Popcorn,2
T2419,2024-01-06 08:18:00,CUST0299,Shampoo,2
T2420,2024-05-22 20:28:00,CUST0222,Baby Wipes,2
T2420,2024-05-22 20:28:00,CUST0222,Baby Food,2
T2420,2024-05-22 20:28:00,CUST0222,Tomatoes,2
T2420,2024-05-22 20:28:00,CUST0222,Jam,2
T2420,2024-05-22 20:28:00,CUST0222,Diapers,2
T2420,2024-05-22 20:28:00,CUST0222,Paper Towels,2
T2421,2024-06-15 09:44:00,CUST0310,Energy Drink,2
T2421,2024-06-15 09:44:00,CUST0310,Detergent,2
T2421,2024-06-15 09:44:00,CUST0310,Butter,2
T2421,2024-06-15 09:44:00,CUST0310,Bread,2
T2422,2024-02-14 10:57:00,CUST0294,Cookies,2
T2422,2024-02-14 10:57:00,CUST0294,Frozen Pizza,2
T2422,2024-02-14 10:57:00,CUST0294,Frozen Vegetables,2
T2422,2024-02-14 10:57:00,CUST0294,Soda,2
T2423,2024-08-20 21:10:00,CUST0284,Tea,2
T2423,2024-08-20 21:10:00,CUST0284,Toothpaste,2
T2423,2024-08-20 21:10:00,CUST0284,Baby Food,2
T2423,2024-08-20 21:10:00,CUST0284,Ground Beef,2
T2423,2024-08-20 21:10:00,CUST0284,Toilet Paper,2
T2423,2024-08-20 21:10:00,CUST0284,Cooking Oil,2
T2423,2024-08-20 21:10:00,CUST0284,Yogurt,2
T2423,2024-08-20 21:10:00,CUST0284,Pasta Sauce,2
T2423,2024-08-20 21:10:00,CUST0284,Onions,2
T2423,2024-08-20 21:10:00,CUST0284,Toothbrush,2
T2423,,CUST0284,Tissues,2
T2424,2024-08-10 12:52:00,CUST0002,Soda,2
T2424,2024-08-10 12:52:00,CUST0002,Chips,2
T2424,2024-08-10 12:52:00,CUST0002,Chicken Breast,2
T2424,2024-08-10 12:52:00,CUST0002,Onions,2
T2425,2024-01-23 16:00:00,CUST0341,Chips,2
T2425,2024-01-23 16:00:00,CUST0341,Soap,2
T2426,2024-01-18 17:14:00,CUST0089,Milk,2
T2426,2024-01-18 17:14:00,CUST0089,Cheese,2
T2426,2024-01-18 17:14:00,CUST0089,Ground Beef,2
T2426,2024-01-18 17:14:00,CUST0089,Ice Cream,2
T2426,2024-01-18 17:14:00,CUST0089,Pasta,2
T2426,2024-01-18 17:14:00,,Potatoes,2
T2427,,CUST0169,Salsa,2
T2427,2024-04-25 13:18:00,CUST0169,Soda,2
T2427,2024-04-25 13:18:00,CUST0169,Chips,2
T2427,2024-04-25 13:18:00,CUST0169,Cooking Oil,2
T2427,2024-04-25 13:18:00,CUST0169,Chicken Breast,2
T2427,2024-04-25 13:18:00,CUST0169,Sugar,2
T2428,2024-05-05 11:56:00,CUST0084,Tomatoes,2
T2428,2024-05-05 11:56:00,CUST0084,Avocado,2
T2428,2024-05-05 11:56:00,CUST0084,Cooking Oil,2
T2428,2024-05-05 11:56:00,CUST0084,Popcorn,2
T2428,2024-05-05 11:56:00,CUST0084,Onions,2
T2428,2034-05-03 11:56:00,CUST0084,Bananas,2
T2429,2024-04-28 09:08:00,CUST0404,Salsa,2
T2429,2024-04-28 09:08:00,CUST0404,Sugar,2
T2429,2024-04-28 09:08:00,CUST0404,Muffins,2
T2429,,CUST0404,Bread,2
T2430,2024-02-08 15:29:00, CUST0159 ,Lettuce,2
T2430,2024-02-08 15:29:00,CUST0159,Soda,2
T2430,2024-02-08 15:29:00,CUST0159,Toilet Paper,2
T2430,2024-02-08 15:29:00,CUST0159,Cooking Oil,2
T2430,2024-02-08 15:29:00,CUST0159,Coffee,2
T2430,2024-02-08 15:29:00,CUST0159,Frozen Vegetables,2
T2430,2024-02-08 15:29:00,CUST0159,Yogurt,2
T2430,2024-02-08 15:29:00,CUST0159,Sugar,2
T2430,2024-02-08 15:29:00,CUST0159,Diapers,2
T2430,2024-02-08 15:29:00,CUST0159,Pasta Sauce,2
T2430,2024-02-08 15:29:00,CUST0159,Orange Juice,2
T2431,2024-02-20 17:08:00,CUST0093,Baby Food,2
T2431,2024-02-20 17:08:00,CUST0093,Oats,2
T2431,2024-02-20 17:08:00,CUST0093,Coffee,2
T2431,2024-02-20 17:08:00,CUST0093,Diapers,2
T2431,2024-02-20 17:08:00,CUST0093,Flour,2
T2431,2024-02-20 17:08:00,CUST0093,Bananas,2
T2432,2024-03-18 18:54:00,CUST0261,Tea,2
T2432,2024-03-18 18:54:00,CUST0261,Pasta,2
T2432,2024-03-18 18:54:00,CUST0261,Ground Beef,2
T2432,2024-03-18 18:54:00,CUST0261,Pasta Sauce,2
T2432,,CUST0261,Onions,2
T2432,2024-03-18 18:54:00,CUST0261,Toothbrush,2
T2432,2024-03-18 18:54:00,CUST0261,Shampoo,2
T2433,2024-05-17 13:55:00,CUST0071,Baby Food,2
T2433,2024-05-17 13:55:00,CUST0071,Bread,2
T2433,2024-05-17 13:55:00,CUST0071,Ground Beef,2
T2433,2024-05-17 13:55:00,CUST0071,Energy Drink,2
T2433,2024-05-17 13:55:00,CUST0071,Coffee,2
T2433,2024-05-17 13:55:00,CUST0071,Muffins,2
T2433,2024-05-17 13:55:00,CUST0071,Pasta Sauce,2
T2433,2024-05-17 13:55:00,CUST0071,Onions,2
T2434,2024-06-30 08:20:00,CUST0049,Salt,2
T2434,2024-06-30 08:20:00,CUST0049,Chips,2
T2434,2024-06-30 08:20:00,CUST0049,Onions,2
T2435,2024-01-26 16:54:00,CUST0227,Fish Fillet,2
T2435,2024-01-26 16:54:00, CUST0227 ,Bagels,2
T2435,2024-01-26 16:54:00,CUST0227,Cream,2
T2436,2024-09-13 16:15:00,CUST0363,Tea,2
T2436,2024-09-13 16:15:00,CUST0363,Avocado,2
T2436,2024-09-13 16:15:00,,Dish Soap,2
T2436,2024-09-13 16:15:00, CUST0363 ,Chocolate,2
T2436,2024-09-13 16:15:00,CUST0363,Beer,2
T2436,2024-09-13 16:15:00,CUST0363,Bottled Water,2
T2437,2024-06-03 20:34:00,CUST0248,Apples,2
T2437,2024-06-03 20:34:00,CUST0248,Rice,2
T2438,2024-05-28 14:17:00,CUST0030,Salsa,2
T2438,,CUST0030,Cheese,2
T2438,2024-05-28 14:17:00,CUST0030,Chips,2
T2438,2024-05-28 14:17:00,CUST0030,Bananas,2
T2438,2024-05-28 14:17:00,CUST0030,Salt,2
T2438,2024-05-28 14:17:00,CUST0030,Yogurt,2
T2438,2024-05-28 14:17:00,CUST0030,Flour,2
T2438,2024-05-28 14:17:00,CUST0030,Wine,2
T2438,2024-05-28 14:17:00,CUST0030,Tissues,2
T2438,2024-05-28 14:17:00,CUST0030,Honey,2
T2438,2024-05-28 14:17:00,CUST0030,Potatoes,2
T2439,2024-03-29 08:47:00,CUST0261,Cereal,2
T2439,2024-03-29 08:47:00,,  milk ,2
T2439,2024-03-29 08:47:00,CUST0261,Ice Cream,2
T2439,2024-03-29 08:47:00,CUST0261,Toothpaste,2
T2439,2024-03-29 08:47:00,CUST0261,Tissues,2
T2439,2024-03-29 08:47:00,CUST0261,Orange Juice,2
T2439,2024-03-29 08:47:00,CUST0261,Bananas,2
T2440,2024-06-12 19:23:00,CUST0042,Apples,2
T2440,2024-06-12 19:23:00,,Detergent,2
T2440,2024-06-12 19:23:00,CUST0042,Shampoo,2
T2440,2024-06-12 19:23:00,,Pasta,2
T2441,2024-07-26 10:48:00,CUST0154,Baby Wipes,2
T2441,2024-07-26 10:48:00,CUST0154,Baby Food,2
T2441,2024-07-26 10:48:00,CUST0154,Ground Beef,2
T2441,2024-07-26 10:48:00,CUST0154,Diapers,2
T2441,2024-07-26 10:48:00,CUST0154,Pasta Sauce,2
T2441,2024-07-26 10:48:00,CUST0154,Onions,2
T2442,2024-05-05 12:05:00,CUST0148,Oats,2
T2442,2024-05-05 12:05:00,CUST0148,Detergent,2
T2442,2024-05-05 12:05:00, CUST0148 ,Dish Soap,2
T2442,2024-05-05 12:05:00,CUST0148,Chips,2
T2442,2024-05-05 12:05:00,CUST0148,Bagels,2
T2442,2024-05-05 12:05:00,CUST0148,Cookies,2
T2443,2024-06-24 21:53:00,CUST0027,Lemons,2
T2443,2024-06-24 21:53:00,CUST0027,Frozen Pizza,2
T2443,2024-06-24 21:53:00,CUST0027,Butter,2
T2443,2024-06-24 21:53:00,CUST0027,Soda,2
T2443,2024-06-24 21:53:00,CUST0027,Bread,2
T2443,2024-06-24 21:53:00,CUST0027,Diapers,2
T2443,2024-06-24 21:53:00,CUST0027,Soap,2
T2443,2024-06-24 21:53:00,CUST0027,Shampoo,2
T2443,2024-06-24 21:53:00,CUST0027,Orange Juice,2
T2444,2024-02-13 17:14:00,CUST0126,Cheese,2
T2444,2024-02-13 17:14:00,CUST0126,Soda,2
T2444,2024-02-13 17:14:00,CUST0126,Chips,2
T2444,2024-02-13 17:14:00,CUST0126,Cooking Oil,2
T2444,2024-02-13 17:14:00,CUST0126,Chicken Breast,2
T2444,2024-02-13 17:14:00,CUST0126,Wine,2
T2445,2024-01-24 14:01:00,CUST0271,Tomatoes,2
T2445,2024-01-24 14:01:00,CUST0271,Soda,2
T2445,2024-01-24 14:01:00,CUST0271,Oats,2
T2445,2024-01-24 14:01:00,CUST0271,Chips,2
T2445,2024-01-24 14:01:00,CUST0271,Beer,2
T2445,2024-01-24 14:01:00,CUST0271,Paper Towels,2
T2446,2024-03-07 14:18:00,CUST0112,Yogurt,2
T2446,2024-03-07 14:18:00,CUST0112,Jam,2
T2446,2024-03-07 14:18:00,CUST0112,Soap,2
T2446,2024-03-07 14:18:00,CUST0112,Toothpaste,2
T2446,2024-03-07 14:18:00,CUST0112,Wine,2
T2446,2024-03-07 14:18:00,CUST0112,Shampoo,2
T2447,2024-03-16 21:14:00,CUST0345,Cooking Oil,2
T2447,2024-03-16 21:14:00,CUST0345,Chicken Breast,2
T2447,2024-03-16 21:14:00,CUST0345,Bacon,2
T2447,2024-03-16 21:14:00,CUST0345,Onions,2
T2447,2024-03-16 21:14:00,CUST0345,Toothbrush,2
T2448,2024-05-27 09:58:00,CUST0384,Salsa,2
T2448,2024-05-27 09:58:00,CUST0384,Lemons,2
T2448,2024-05-27 09:58:00,CUST0384,Baby Food,2
T2448,2024-05-27 09:58:00,CUST0384,  oats ,2
T2448,2024-05-27 09:58:00,CUST0384,Trash Bags,2
T2448,2024-05-27 09:58:00,CUST0384,Bacon,2
T2448,2024-05-27 09:58:00,CUST0384,Diapers,2
T2448,2024-05-27 09:58:00,CUST0384,Fish Fillet,2
T2448,2024-05-27 09:58:00,CUST0384,Tissues,2
T2448,2024-05-27 09:58:00,CUST0384,Orange Juice,2
T2448,2024-05-27 09:58:00,CUST0384,  honey ,2
T2449,2024-01-24 21:17:00, CUST0220 ,Baby Food,2
T2449,2024-01-24 21:17:00,CUST0220,Milk,2
T2449,2024-01-24 21:17:00,CUST0220,Avocado,2
T2449,,CUST0220,Detergent,2
T2449,2024-01-24 21:17:00,CUST0220,Ice Cream,2
T2449,2024-01-24 21:17:00,CUST0220,Sausages,2
T2449,2024-01-24 21:17:00,CUST0220,Diapers,2
T2449,2024-01-24 21:17:00,CUST0220,Toothpaste,2
T2449,2024-01-24 21:17:00,CUST0220,Toothbrush,2
T2449,2024-01-24 21:17:00,CUST0220,Bananas,2
T2450,2024-09-10 17:39:00,CUST0290,Shampoo,2
T2450,2024-09-10 17:39:00,CUST0290,Milk,2
T2450,2024-09-10 17:39:00, CUST0290 ,Soap,2
T2450,2024-09-10 17:39:00,CUST0290,Cereal,2
T2451,2024-05-16 20:17:00,CUST0040,  bacon ,2
T2451,2024-05-16 20:17:00,CUST0040,Tea,2
T2451,2024-05-16 20:17:00,CUST0040,Honey,2
T2451,2024-05-16 20:17:00,CUST0040,Tomatoes,2
T2452,2024-07-08 19:14:00,CUST0194,Baby Food,2
T2452,2024-07-08 19:14:00,CUST0194,Salt,2
T2452,2024-07-08 19:14:00,CUST0194,Chips,2
T2452,2024-07-08 19:14:00,CUST0194,Sausages,2
T2452,2024-07-08 19:14:00,CUST0194,Diapers,2
T2452,2024-07-08 19:14:00,CUST0194,Bagels,2
T2453,2024-06-21 18:56:00,CUST0161,Cheese,2
T2453,2024-06-21 18:56:00,CUST0161,Bread,2
T2453,2024-06-21 18:56:00,CUST0161,Cream,2
T2453,2024-06-21 18:56:00,CUST0161,Chicken Breast,2
T2453,2024-06-21 18:56:00,CUST0161,Beer,2
T2453,2024-06-21 18:56:00,CUST0161,Diapers,2
T2453,2024-06-21 18:56:00,CUST0161,Flour,2
T2453,2024-06-21 18:56:00,CUST0161,Wine,2
T2453,2024-06-21 18:56:00,CUST0161,  bagels ,2
T2453,2024-06-21 18:56:00,CUST0161,Tissues,2
T2454,2024-04-22 15:34:00,CUST0040,Milk,2
T2454,2024-04-22 15:34:00,CUST0040,Croissant,2
T2454,2024-04-22 15:34:00,CUST0040,Rice,2
T2454,2024-04-22 15:34:00,CUST0040,Coffee,2
T2454,2024-04-22 15:34:00,CUST0040,Sugar,2
T2454,2024-04-22 15:34:00,CUST0040,Potatoes,2
T2455,2024-01-27 14:46:00,CUST0193,Lemons,2
T2455,2024-01-27 14:46:00,CUST0193,Baby Wipes,2
T2455,2024-01-27 14:46:00,CUST0193,Cheese,2
T2455,2024-01-27 14:46:00,CUST0193,Tomatoes,2
T2455,2024-01-27 14:46:00,CUST0193,Ground Beef,2
T2455,2024-01-27 14:46:00,CUST0193,Sausages,2
T2455,2024-01-27 14:46:00,CUST0193,Wine,2
T2455,2024-01-27 14:46:00,CUST0193,Honey,2
T2456,2024-02-04 13:42:00,CUST0153,Onions,2
T2456,2024-02-04 13:42:00,CUST0153,Tea,2
T2456,2024-02-04 13:42:00,CUST0153,Avocado,2
T2456,2024-02-04 13:42:00,,Croissant,2
T2456,2024-02-04 13:42:00,CUST0153,Trash Bags,2
T2456,2024-02-04 13:42:00,CUST0153,Beer,2
T2456,2024-02-04 13:42:00,CUST0153,Toothpaste,2
T2457,2024-06-06 13:02:00,CUST0358,Toothpaste,2
T2457,2024-06-06 13:02:00,CUST0358,Chicken Breast,2
T2457,2024-06-06 13:02:00,CUST0358,Onions,2
T2457,2024-06-06 13:02:00,CUST0358,Toothbrush,2
T2457,2024-06-06 13:02:00,CUST0358,Pasta,2
T2458,2024-04-26 19:15:00,,Trash Bags,2
T2458,2024-04-26 19:15:00,CUST0228,Soap,2
T2458,2024-04-26 19:15:00,CUST0228,Paper Towels,2
T2458,2024-04-26 19:15:00,CUST0228,Toothbrush,2
T2459,2024-03-10 10:47:00,CUST0094,Cheese,2
T2459,2024-03-10 10:47:00,CUST0094,Croissant,2
T2459,2024-03-10 10:47:00,CUST0094,Coffee,2
T2459,2024-03-10 10:47:00,CUST0094,Ice Cream,2
T2459,2024-03-10 10:47:00,CUST0094,Diapers,2
T2459,2024-03-10 10:47:00,CUST0094,Wine,2
T2459,2024-03-10 10:47:00,CUST0094,Apples,2
T2459,,CUST0094,Shampoo,2
T2460,2024-09-16 14:21:00,CUST0112,Croissant,2
T2460,2024-09-16 14:21:00,CUST0112,Baby Food,2
T2460,2024-09-16 14:21:00,CUST0112,Tomatoes,2
T2461,2024-03-27 19:32:00,CUST0356,Cereal,2
T2461,2024-03-27 19:32:00,CUST0356,Milk,2
T2461,2024-03-27 19:32:00,CUST0356,Toothpaste,2
T2461,2024-03-27 19:32:00,CUST0356,Fish Fillet,2
T2461,2024-03-27 19:32:00,CUST0356,Bananas,2
T2462,2024-01-31 12:41:00,CUST0288,Baby Wipes,2
T2462,2024-01-31 12:41:00,CUST0288,Croissant,2
T2462,2024-01-31 12:41:00,CUST0288,Coffee,2
T2462,2024-01-31 12:41:00,CUST0288,Diapers,2
T2462,2024-01-31 12:41:00,CUST0288,Fish Fillet,2
T2462,2024-01-31 12:41:00,CUST0288,Toothbrush,2
T2462,2024-01-31 12:41:00,CUST0288,Orange Juice,2
T2463,2024-02-05 14:48:00,CUST0084,Cookies,2
T2463,2024-02-05 14:48:00,CUST0084,Toilet Paper,2
T2463,2024-02-05 14:48:00,CUST0084,Muffins,2
T2463,2024-02-05 14:48:00, CUST0084 ,Bacon,2
T2463,2024-02-05 14:48:00,CUST0084,Eggs,2
T2463,2024-02-05 14:48:00,CUST0084,Diapers,2
T2463,2024-02-05 14:48:00,CUST0084,Soap,2
T2463,2024-02-05 14:48:00,CUST0084,Bananas,2
T2464,2024-04-29 15:05:00,CUST0235,Frozen Pizza,2
T2464,2024-04-29 15:05:00,CUST0235,Toothpaste,2
T2464,2024-04-29 15:05:00,CUST0235,Tomatoes,2
T2464,2024-04-29 15:05:00,CUST0235,Avocado,2
T2464,2024-04-29 15:05:00,CUST0235,Energy Drink,2
T2464,2024-04-29 15:05:00,CUST0235,Rice,2
T2464,2024-04-29 15:05:00,CUST0235,Coffee,2
T2464,2024-04-29 15:05:00,CUST0235,Cereal,2
T2464,2024-04-29 15:05:00, CUST0235 ,Bottled Water,2
T2464,2024-04-29 15:05:00,CUST0235,Bananas,2
T2465,2024-03-21 08:13:00,CUST0368,Shampoo,2
T2465,2024-03-21 08:13:00,CUST0368,Butter,2
T2465,2024-03-21 08:13:00,CUST0368,Chips,2
T2465,2024-03-21 08:13:00,CUST0368,Bread,2
T2466,2024-08-02 15:01:00,CUST0195,Tomatoes,2
T2466,2024-08-02 15:01:00,CUST0195,Croissant,2
T2466,2024-08-02 15:01:00,CUST0195,Detergent,2
T2466,2024-08-02 15:01:00,CUST0195,Cooking Oil,2
T2466,2024-08-02 15:01:00,CUST0195,Bacon,2
T2466,2024-08-02 15:01:00,CUST0195,Jam,2
T2466,2024-08-02 15:01:00,,Fish Fillet,2
T2467,2024-09-19 19:49:00,CUST0143,Lemons,2
T2467,2024-09-19 19:49:00,CUST0143,Frozen Pizza,2
T2467,2024-09-19 19:49:00,CUST0143,Soda,2
T2467,2024-09-19 19:49:00,CUST0143,Energy Drink,2
T2467,2024-09-19 19:49:00,CUST0143,Chicken Breast,2
T2467,2024-09-19 19:49:00,CUST0143,Pasta Sauce,2
T2467,2024-09-19 19:49:00,CUST0143,Pasta,2
T2468,2024-06-24 18:33:00,CUST0297,Bread,2
T2468,2024-06-24 18:33:00, CUST0297 ,Tomatoes,2
T2468,2024-06-24 18:33:00,CUST0297,Trash Bags,2
T2468,2024-06-24 18:33:00,CUST0297,Chips,2
T2468,2024-06-24 18:33:00,CUST0297,Rice,2
T2468,2024-06-24 18:33:00,CUST0297,Chicken Breast,2
T2468,2024-06-24 18:33:00,CUST0297,Jam,2
T2468,2024-06-24 18:33:00,CUST0297,Toothpaste,2
T2468,2024-06-24 18:33:00,CUST0297,Wine,2
T2468,2024-06-24 18:33:00,CUST0297,Paper Towels,2
T2469,2024-03-20 14:40:00,CUST0153,Salsa,2
T2469,2024-03-20 14:40:00,CUST0153,Butter,2
T2469,2024-03-20 14:40:00,CUST0153,Baby Food,2
T2469,2024-03-20 14:40:00,CUST0153,Soda,2
T2469,2024-03-20 14:40:00,CUST0153,Avocado,2
T2469,2024-03-20 14:40:00,CUST0153,Bread,2
T2469,2024-03-20 14:40:00,CUST0153,Croissant,2
T2469,2024-03-20 14:40:00,CUST0153,Oats,2
T2469,2024-03-20 14:40:00,CUST0153,Cooking Oil,2
T2469,2024-03-20 14:40:00,CUST0153,Jam,2
T2469,2024-03-20 14:40:00,CUST0153,Orange Juice,2
T2470,2024-09-19 18:34:00,CUST0017,Muffins,2
T2470,2024-09-19 18:34:00,CUST0017,Bananas,2
T2471,2024-09-21 16:42:00,CUST0297,Lettuce,2
T2471,2024-09-21 16:42:00, CUST0297 ,Avocado,2
T2471,2024-09-21 16:42:00,CUST0297,Croissant,2
T2471,2024-09-21 16:42:00,CUST0297,Chips,2
T2471,2024-09-21 16:42:00,CUST0297,Rice,2
T2471,2024-09-21 16:42:00,CUST0297,Chocolate,2
T2471,2024-09-21 16:42:00,CUST0297,Muffins,2
T2471,2024-09-21 16:42:00,CUST0297,Sausages,2
T2471,2024-09-21 16:42:00,CUST0297,Toothpaste,2
T2471,2024-09-21 16:42:00,CUST0297,Fish Fillet,2
T2472,2024-07-16 21:07:00,CUST0088,Baby Wipes,2
T2472,2024-07-16 21:07:00,CUST0088,Baby Food,2
T2472,2024-07-16 21:07:00,CUST0088,Chocolate,2
T2472,2024-07-16 21:07:00,CUST0088,Diapers,2
T2472,2024-07-16 21:07:00,CUST0088,Apples,2
T2473,2024-03-30 14:12:00,CUST0345,Ground Beef,2
T2473,2024-03-30 14:12:00,CUST0345,Beer,2
T2473,2024-03-30 14:12:00,CUST0345,Diapers,2
T2474,2024-03-14 12:10:00,CUST0337,Milk,2
T2474,2024-03-14 12:10:00,CUST0337,Bread,2
T2474,2024-03-14 12:10:00,CUST0337,Soda,2
T2474,2024-03-14 12:10:00,CUST0337,Chips,2
T2474,2024-03-14 12:10:00,CUST0337,Chocolate,2
T2474,2024-03-14 12:10:00,CUST0337,Sausages,2
T2474,2024-03-14 12:10:00,CUST0337,Sugar,2
T2474,2024-03-14 12:10:00,CUST0337,Cereal,2
T2474,,CUST0337,Bagels,2
T2475,2024-01-31 11:39:00,CUST0193,Lettuce,2
T2475,2024-01-31 11:39:00, CUST0193 ,Baby Food,2
T2475,2024-01-31 11:39:00,CUST0193,Soda,2
T2475,2024-01-31 11:39:00,CUST0193,Detergent,2
T2475,2024-01-31 11:39:00,CUST0193,Chips,2
T2475,2024-01-31 11:39:00,CUST0193,Chicken Breast,2
T2475,2024-01-31 11:39:00,CUST0193,Wine,2
T2475,2024-01-31 11:39:00,CUST0193,Bagels,2
T2475,2024-01-31 11:39:00,CUST0193,Cookies,2
T2476,2024-08-05 12:32:00,CUST0386,Butter,2
T2476,2024-08-05 12:32:00,CUST0386,Bread,2
T2476,2024-08-05 12:32:00,CUST0386,Tomatoes,2
T2476,2024-08-05 12:32:00,CUST0386,Salt,2
T2476,2024-08-05 12:32:00,CUST0386,Beer,2
T2476,2024-08-05 12:32:00,CUST0386,Pasta,2
T2476,2024-08-05 12:32:00,CUST0386,Orange Juice,2
T2477,2024-08-19 15:15:00,CUST0266,Lettuce,2
T2477,2024-08-19 15:15:00,CUST0266,Soda,2
T2477,2024-08-19 15:15:00,CUST0266,Ground Beef,2
T2477,2024-08-19 15:15:00,CUST0266,Croissant,2
T2477,2024-08-19 15:15:00,CUST0266,Dish Soap,2
T2477,2024-08-19 15:15:00,CUST0266,Chicken Breast,2
T2477,2024-08-19 15:15:00,CUST0266,Coffee,2
T2477,2024-08-19 15:15:00,CUST0266,Salt,2
T2477,2024-08-19 15:15:00,CUST0266,Diapers,2
T2477,2024-08-19 15:15:00,CUST0266,Shampoo,2
T2478,2024-08-25 17:49:00,CUST0320,Tea,2
T2478,2024-08-25 17:49:00,CUST0320,Eggs,2
T2478,2024-08-25 17:49:00,CUST0320,Bacon,2
T2478,2024-08-25 17:49:00,CUST0320,Toothbrush,2
T2479,2024-05-11 10:38:00,CUST0269,Chocolate,2
T2479,2024-05-11 10:38:00,CUST0269,Cheese,2
T2479,2024-05-11 10:38:00,CUST0269,Honey,2
T2480,2024-06-25 14:39:00,CUST0303,Baby Wipes,2
T2480,2024-06-25 14:39:00,CUST0303,Baby Food,2
T2480,2024-06-25 14:39:00,CUST0303,Toilet Paper,2
T2480,2024-06-25 14:39:00,CUST0303,Chocolate,2
T2480,2024-06-25 14:39:00,CUST0303,Eggs,2
T2480,2024-06-25 14:39:00,CUST0303,Diapers,2
T2480,2024-06-25 14:39:00,CUST0303,Soap,2
T2480,2024-06-25 14:39:00,CUST0303,Toothpaste,2
T2481,2024-08-10 08:19:00,CUST0063,Frozen Pizza,2
T2481,2024-08-10 08:19:00,CUST0063,Baby Food,2
T2481,2024-08-10 08:19:00,CUST0063,Trash Bags,2
T2481,2024-08-10 08:19:00,CUST0063,Cooking Oil,2
T2481,2024-08-10 08:19:00,CUST0063,Ice Cream,2
T2481,2024-08-10 08:19:00,CUST0063,Frozen Vegetables,2
T2481,2024-08-10 08:19:00,CUST0063,Beer,2
T2481,,CUST0063,Paper Towels,2
T2481,2024-08-10 08:19:00,CUST0063,Shampoo,2
T2481,2024-08-10 08:19:00,CUST0063,Cookies,2
T2482,2024-04-07 20:38:00,CUST0044,Salsa,2
T2482,2024-04-07 20:38:00,CUST0044,Lettuce,2
T2482,2024-04-07 20:38:00,CUST0044,Rice,2
T2482,2024-04-07 20:38:00,CUST0044,Toothpaste,2
T2482,,CUST0044,Toothbrush,2
T2482,2024-04-07 20:38:00,CUST0044,Honey,2
T2483,2024-02-04 12:19:00,CUST0026,Beer,2
T2483,2024-02-04 12:19:00,CUST0026,Diapers,2
T2484,2024-01-09 11:33:00,CUST0416,Milk,2
T2484,2024-01-09 11:33:00,CUST0416,Cooking Oil,2
T2484,2024-01-09 11:33:00,CUST0416,Bacon,2
T2484,2024-01-09 11:33:00,CUST0416,Eggs,2
T2484,2024-01-09 11:33:00,CUST0416,Onions,2
T2484,2024-01-09 11:33:00,CUST0416,Apples,2
T2485,2024-03-18 08:33:00,CUST0094,Milk,2
T2485,2024-03-18 08:33:00,CUST0094,Energy Drink,2
T2485,2024-03-18 08:33:00,CUST0094,Sausages,2
T2485,2024-03-18 08:33:00,CUST0094,Beer,2
T2485,2024-03-18 08:33:00,CUST0094,Cereal,2
T2485,2024-03-18 08:33:00,CUST0094,Fish Fillet,2
T2485,2024-03-18 08:33:00,CUST0094,Bagels,2
T2485,2024-03-18 08:33:00,CUST0094,Orange Juice,2
T2486,2024-03-08 08:05:00,CUST0243,Lemons,2
T2486,2024-03-08 08:05:00,CUST0243,Peanut Butter,2
T2486,2024-03-08 08:05:00,CUST0243,Tea,2
T2486,2024-03-08 08:05:00,CUST0243,Milk,2
T2486,2024-03-08 08:05:00,CUST0243,Trash Bags,2
T2486,2024-03-08 08:05:00,CUST0243,Dish Soap,2
T2486,2024-03-08 08:05:00,CUST0243,Paper Towels,2
T2486,2024-03-08 08:05:00,CUST0243,Toothbrush,2
T2486,2024-03-08 08:05:00,CUST0243,Shampoo,2
T2487,,CUST0062,Bread,2
T2487,2024-06-06 15:16:00,CUST0062,Chips,2
T2487,2024-06-06 15:16:00,CUST0062,Cooking Oil,2
T2487,2024-06-06 15:16:00,CUST0062,Ice Cream,2
T2487,2024-06-06 15:16:00,,Sausages,2
T2487,2024-06-06 15:16:00,CUST0062,Bottled Water,2
T2487,2024-06-06 15:16:00,CUST0062,Pasta,2
T2487,2024-06-06 15:16:00,CUST0062,Bananas,2
T2488,2024-04-10 18:10:00,CUST0038,Salsa,2
T2488,2024-04-10 18:10:00,CUST0038,Milk,2
T2488,2024-04-10 18:10:00,CUST0038,Cheese,2
T2488,2024-04-10 18:10:00,CUST0038,Soda,2
T2488,2024-04-10 18:10:00,CUST0038,Frozen Vegetables,2
T2488,2024-04-10 18:10:00,CUST0038,Cereal,2
T2488,2024-04-10 18:10:00,CUST0038,Bagels,2
T2488,2024-04-10 18:10:00,CUST0038,Honey,2
T2489,2024-04-07 12:46:00,CUST0095,Salsa,2
T2489,2024-04-07 12:46:00,CUST0095,Butter,2
T2489,2024-04-07 12:46:00,CUST0095,Soda,2
T2489,2024-04-07 12:46:00,CUST0095,Cooking Oil,2
T2489,2024-04-07 12:46:00,CUST0095,Chocolate,2
T2489,2024-04-07 12:46:00,CUST0095,Chicken Breast,2
T2489,2024-04-07 12:46:00,CUST0095,Eggs,2
T2489,2024-04-07 12:46:00,CUST0095,Ice Cream,2
T2489,2024-04-07 12:46:00,CUST0095,Popcorn,2
T2489,,CUST0095,Onions,2
T2489,2024-04-07 12:46:00,CUST0095,Bananas,2
T2490,2024-01-03 19:53:00,CUST0241,Tea,2
T2490,2024-01-03 19:53:00,CUST0241,Baby Wipes,2
T2490,2024-01-03 19:53:00,CUST0241,Tomatoes,2
T2490,2024-01-03 19:53:00,CUST0241,Cream,2
T2490,2024-01-03 19:53:00,CUST0241,Muffins,2
T2490,2024-01-03 19:53:00,,  diapers ,2
T2490,2024-01-03 19:53:00,CUST0241,Pasta Sauce,2
T2490,2024-01-03 19:53:00,CUST0241,Toothpaste,2
T2490,2024-01-03 19:53:00,CUST0241,Tissues,2
T2491,2024-07-01 09:30:00,CUST0356,Pasta,2
T2491,,CUST0356,Pasta Sauce,2
T2492,2024-05-10 08:38:00,CUST0417,Salt,2
T2492,2024-05-10 08:38:00,CUST0417,Chicken Breast,2
T2492,2024-05-10 08:38:00,CUST0417,Tomatoes,2
T2493,2024-07-19 18:23:00,CUST0128,Lemons,2
T2493,2024-07-19 18:23:00,CUST0128,  baby food ,2
T2493,2024-07-19 18:23:00,CUST0128,Bread,2
T2493,2024-07-19 18:23:00,CUST0128,Rice,2
T2493,2024-07-19 18:23:00,CUST0128,Sugar,2
T2493,2024-07-19 18:23:00,CUST0128,Cereal,2
T2493,2024-07-19 18:23:00,CUST0128,Honey,2
T2494,2024-01-07 19:19:00,CUST0164,Cheese,2
T2494,2024-01-07 19:19:00,CUST0164,Energy Drink,2
T2494,2024-01-07 19:19:00,CUST0164,Chips,2
T2494,2024-01-07 19:19:00,CUST0164,Pasta Sauce,2
T2494,2024-01-07 19:19:00,CUST0164,Bagels,2
T2494,2024-01-07 19:19:00,CUST0164,Pasta,2
T2495,2024-05-22 18:44:00,CUST0381,Butter,2
T2495,2024-05-22 18:44:00,CUST0381,Cheese,2
T2495,2024-05-22 18:44:00,CUST0381,Energy Drink,2
T2495,2024-05-22 18:44:00,CUST0381,Detergent,2
T2495,2024-05-22 18:44:00,CUST0381,Toilet Paper,2
T2495,2024-05-22 18:44:00, CUST0381 ,Dish Soap,2
T2495,2024-05-22 18:44:00,CUST0381,Coffee,2
T2495,2024-05-22 18:44:00,CUST0381,Paper Towels,2
T2495,2024-05-22 18:44:00,CUST0381,Pasta,2
T2495,2024-05-22 18:44:00,CUST0381,Shampoo,2
T2495,2024-05-22 18:44:00,CUST0381,Potatoes,2
T2496,2024-04-15 21:13:00,CUST0370,Energy Drink,2
T2496,2024-04-15 21:13:00,CUST0370,Oats,2
T2496,2024-04-15 21:13:00,CUST0370,Toilet Paper,2
T2496,2024-04-15 21:13:00,CUST0370,Rice,2
T2496,2024-04-15 21:13:00,CUST0370,Bacon,2
T2496,2024-04-15 21:13:00,CUST0370,Flour,2
T2496,2024-04-15 21:13:00,CUST0370,Bagels,2
T2496,2024-04-15 21:13:00,CUST0370,Bottled Water,2
T2496,2024-04-15 21:13:00,CUST0370,Paper Towels,2
T2497,2024-04-07 17:29:00,CUST0154,Bagels,2
T2497,2024-04-07 17:29:00,CUST0154,Cream,2
T2498,2024-02-10 09:12:00,CUST0349,Frozen Pizza,2
T2498,2024-02-10 09:12:00,CUST0349,Butter,2
T2498,2024-02-10 09:12:00,CUST0349,Bread,2
T2498,2024-02-10 09:12:00,CUST0349,Oats,2
T2498,2024-02-10 09:12:00,CUST0349,Chips,2
T2498,2024-02-10 09:12:00,CUST0349,Coffee,2
T2498,2024-02-10 09:12:00,CUST0349,Ice Cream,2
T2498,2024-02-10 09:12:00,CUST0349,Bacon,2
T2499,2024-07-23 11:11:00,CUST0337,Cheese,2
T2499,2024-07-23 11:11:00,CUST0337,Rice,2
T2499,2024-07-23 11:11:00,CUST0337,Chicken Breast,2
T2499,2024-07-23 11:11:00,CUST0337,Beer,2
T2499,2024-07-23 11:11:00,CUST0337,Diapers,2
T2499,2024-07-23 11:11:00,CUST0337,Flour,2
T2341,2024-04-14 13:34:00,CUST0419,Milk,2
T1459,,CUST0388,Bagels,2
T1696,2024-06-03 12:05:00,CUST0153,Toothpaste,2
T1076,2024-08-20 14:26:00,CUST0374,Tissues,2
T2453,2024-06-21 18:56:00,CUST0161,Wine,2
T1621,2024-07-21 10:28:00,CUST0119,Tomatoes,2
T1824,,CUST0383,Lettuce,2
T1751,2024-07-10 13:26:00,CUST0111,Salsa,2
T1371,2024-07-20 18:20:00,CUST0365,Milk,2
T1834,2024-02-13 18:41:00,CUST0415,Honey,2
T1903,2024-02-08 11:11:00,CUST0165,Lemons,2
T2271,2024-01-26 10:56:00,CUST0413,Cooking Oil,2
T1229,2024-06-24 14:36:00,CUST0235,Pasta Sauce,2
T1130,2024-04-30 08:42:00,CUST0061,Fish Fillet,2
T1399,2024-08-10 12:21:00,CUST0316,Energy Drink,2
T2490,2024-01-03 19:53:00,CUST0241,Toothpaste,2
T1044,2024-04-04 11:13:00,CUST0379,Pasta Sauce,2
T1276,2024-09-02 11:37:00,CUST0083,Toothpaste,2
T1159,2024-01-13 15:06:00,CUST0152,Toilet Paper,2
T2308,2024-07-21 15:01:00,CUST0288,Fish Fillet,2
T1285,2024-03-23 09:13:00,CUST0261,Baby Food,2
T2151,2024-02-10 14:43:00,CUST0373,Cookies,2
T1935,2024-08-20 10:53:00,CUST0356,Milk,2
T1159,2024-01-13 15:06:00,CUST0152,Baby Food,2
T1698,2024-09-22 15:53:00,CUST0028,Beer,2
T2103,2024-04-03 19:28:00,CUST0062,Potatoes,2
T1061,2024-07-29 17:43:00,CUST0406,Dish Soap,2
T1577,2024-06-16 14:49:00,CUST0144,Dish Soap,2
T1864,2024-06-04 13:14:00,CUST0292,Tissues,2
T1344,2024-04-13 15:05:00,CUST0129,Apples,2
T2214,2024-02-22 11:23:00,CUST0368,Energy Drink,2
T1654,2024-07-05 08:19:00,CUST0158,Frozen Pizza,2
T1073,2024-01-09 10:16:00,CUST0027,Chocolate,2
T2292,2024-03-18 09:53:00,CUST0089,Bread,2
T2272,2024-06-12 08:09:00,CUST0117,  cooking oil ,2
T1343,2024-01-28 19:33:00,CUST0073,Eggs,2
T2152,2024-07-13 15:00:00,CUST0026,Tea,2
T2462,2024-01-31 12:41:00,CUST0288,Fish Fillet,2
T2259,2024-08-26 19:00:00,CUST0092,Bananas,2
T1794,2024-08-23 17:26:00,CUST0326,Bananas,2
T1450,2024-09-21 21:11:00,CUST0296,Salsa,2
T2047,2024-06-26 10:56:00,CUST0030,Bread,2
T2264,2024-08-16 10:03:00,CUST0354,Paper Towels,2
T1723,2024-08-25 14:36:00,CUST0369,Dish Soap,2
T1006,2024-01-02 19:56:00,CUST0369,Jam,2
T2253,2024-09-04 11:05:00,CUST0409,Beer,2
T1630,2024-05-22 10:05:00,CUST0166,Ice Cream,2
T1962,2024-08-28 08:43:00,CUST0289,Chicken Breast,2
T1851,2024-02-23 21:49:00,CUST0144,Peanut Butter,2
T1450,2024-09-21 21:11:00,CUST0296,Shampoo,2
T2293,2024-05-14 16:34:00,CUST0030,Frozen Vegetables,2
T2154,2024-04-08 20:32:00,CUST0413,Baby Food,2
T1594,2024-05-06 09:17:00,CUST0064,Toothpaste,2
T1884,2024-01-30 21:24:00,CUST0394,Diapers,2
T2381,2024-03-17 12:15:00,CUST0180,Detergent,2
T1457,2024-01-11 18:57:00,CUST0311,Ground Beef,2
T1072,2024-04-29 13:49:00,CUST0076,Tea,2
T1580,2024-04-07 21:24:00,CUST0217,Pasta,2
T2401,2024-02-08 21:00:00,CUST0162,Tea,2
T2331,2024-02-20 20:17:00,CUST0407,Orange Juice,2
T1033,2024-02-11 10:09:00,CUST0119,Diapers,2
T1372,2024-01-09 10:46:00,CUST0250,Bottled Water,2
T2169,2024-01-19 20:05:00,CUST0374,Peanut Butter,2
T1827,2024-03-18 18:21:00,CUST0038,Diapers,2
T1679,2024-05-22 14:10:00,CUST0352,Peanut Butter,2
T1203,2024-08-11 20:40:00,CUST0250,Onions,2
T2444,2024-02-13 17:14:00,CUST0126,Chicken Breast,2
T1014,2024-01-31 10:24:00,CUST0002,Chips,2
T1053,2024-04-06 16:23:00,CUST0319,Beer,2
T1425,2024-08-11 21:16:00,CUST0322,Detergent,2
T1368,2024-02-05 17:06:00,,Chocolate,2
T1658,,CUST0207,Bread,2
T2359,2024-05-18 20:05:00,CUST0073,Soda,2
T2333,2024-06-21 17:00:00,CUST0012,Baby Food,2
T2101,2024-03-25 20:30:00,CUST0207,Lettuce,2
T1741,2024-05-22 10:06:00,CUST0106,Peanut Butter,2
T1358,2024-02-17 15:32:00,CUST0013,Jam,2
T1487,2024-08-01 15:07:00,CUST0254,Lettuce,2
T1830,2024-05-18 11:59:00,CUST0112,Bananas,2
T2284,2024-06-13 18:51:00,CUST0134,Chocolate,2
T1509,2024-03-27 12:09:00,CUST0094,Avocado,2
T1440,2024-09-11 11:40:00,CUST0069,Frozen Pizza,2
T1517,2024-08-15 08:14:00,CUST0381,Beer,2
T1096,2024-08-18 13:59:00,CUST0014,Chicken Breast,2
T2165,2024-04-09 08:24:00,CUST0312,Yogurt,2
T1727,2024-03-16 21:39:00,CUST0336,Eggs,2
T1445,2024-01-29 18:15:00,CUST0127,Salt,2
T2021,,CUST0337,Avocado,2
T1689,2024-06-03 19:21:00,CUST0266,Avocado,2
T2154,2024-04-08 20:32:00,,Cereal,2
T1853,2024-01-21 13:41:00,CUST0404,Paper Towels,2
T1321,2024-04-01 16:47:00,CUST0286,Onions,2
T1090,2024-09-25 16:39:00,CUST0082,Butter,2
T2392,2024-05-25 21:40:00,CUST0239,Trash Bags,2
T1482,2024-02-24 14:34:00,CUST0010,  apples ,2
T1132,,CUST0281,Lettuce,2
T1365,2024-06-18 20:55:00,CUST0167,Chips,2
T1652,2024-02-28 20:43:00,CUST0209,Bagels,2
T1802,2024-07-27 21:33:00,CUST0241,Energy Drink,2
T1365,2024-06-18 20:55:00,CUST0167,Toilet Paper,2
T2196,2024-04-07 21:08:00,CUST0238,Butter,2
T2313,2024-07-17 12:06:00,CUST0286,Shampoo,2
T1253,2024-05-31 11:48:00,CUST0278,Honey,2
T1483,2024-07-26 21:42:00,CUST0382,Ice Cream,2
T1913,2024-01-31 15:15:00,CUST0115,Cream,2
T1396,2024-05-25 14:44:00,CUST0414,Bread,2
T1488,2024-07-18 14:53:00,CUST0345,Cooking Oil,2
T1471,2024-04-02 21:10:00,CUST0384,Frozen Vegetables,2
T1749,2024-01-24 12:28:00,CUST0210,Lemons,2
T1890,2024-01-19 18:06:00,,Frozen Pizza,2
T1642,2024-08-08 08:57:00,CUST0365,Flour,2
T1348,2024-04-16 08:11:00,CUST0076,Baby Wipes,2
T1048,2024-03-29 16:04:00,CUST0081,Apples,2
T2159,2024-07-02 15:59:00,CUST0403,Toilet Paper,2
T1940,2024-01-15 16:28:00,CUST0036,  soap ,2
T1160,2024-04-15 16:30:00,CUST0179,Pasta Sauce,2
T2011,2024-07-29 14:42:00,CUST0266,Soda,2
T1089,2024-04-06 13:38:00,CUST0244,Trash Bags,2
T1229,2024-06-24 14:36:00,CUST0235,Cheese,2
T2373,2024-05-16 18:46:00,CUST0009,Tissues,2
T1767,2024-01-06 11:28:00,CUST0185,Apples,2
T1925,2024-04-15 15:46:00,CUST0199,Cookies,2
T2414,2024-01-15 11:53:00,CUST0401,Chips,2
T1774,2024-05-26 10:17:00,CUST0072,Pasta,2
T1263,2024-02-07 13:59:00,CUST0258,Cheese,2
T2451,2024-05-16 20:17:00,CUST0040,Tea,2
T2090,2024-02-15 13:18:00,CUST0233,Milk,2
T1290,2024-05-08 19:28:00,CUST0194,Jam,2
T1839,2024-04-10 10:14:00,CUST0264,Tea,2
T1992,2024-09-13 11:13:00,CUST0076,Bread,2
T2285,2024-01-10 12:32:00,CUST0266,Fish Fillet,2
T1522,2024-05-06 09:30:00,CUST0123,Milk,2
T1224,2024-05-24 12:43:00,CUST0056,Avocado,2
T2387,2024-05-27 16:55:00,CUST0258,Toothpaste,2
T2384,2024-06-06 08:19:00,CUST0372,Fish Fillet,2
T1870,2024-03-26 09:31:00,CUST0099,Cookies,2
T1444,2024-05-25 13:03:00,CUST0015,Energy Drink,2
T1148,2024-03-14 20:52:00,CUST0365,Croissant,2
T2289,2024-04-21 08:09:00,CUST0303,Apples,2
T2421,2024-06-15 09:44:00,CUST0310,Bread,2
T1672,2024-02-05 15:06:00,CUST0411,Milk,2
T1393,2024-03-07 08:11:00,CUST0324,Wine,2
T2297,2024-09-26 09:41:00,CUST0083,Jam,2
T1001,2024-07-02 21:22:00,CUST0310,Diapers,2
T1506,2024-01-24 18:56:00,CUST0227,Paper Towels,2
T1491,2024-06-23 20:22:00,CUST0394,Jam,2
T1427,2024-03-26 16:20:00,CUST0162,Cheese,2
T1001,2024-07-02 21:22:00,CUST0310,Ground Beef,2
T1871,2024-07-06 10:15:00,CUST0419,Cream,2
T1800,2024-05-07 10:36:00,CUST0321,Croissant,2
T2453,2024-06-21 18:56:00,CUST0161,Diapers,2
T2030,2024-04-15 10:51:00,CUST0405,Soda,2
T1244,2024-07-12 14:52:00,CUST0121,Croissant,2
T1926,2024-01-16 17:03:00,CUST0006,Peanut Butter,2
T2369,2024-02-12 21:55:00,,Butter,2
T1524,2024-01-27 12:54:00,CUST0196,Diapers,2
T2279,2024-04-26 16:55:00,CUST0226,Frozen Vegetables,2
T2087,,CUST0259,Diapers,2
T1342,2024-05-05 16:34:00,CUST0203,Bananas,2
T2337,2024-02-05 13:59:00,CUST0357,Apples,2
T2471,2024-09-21 16:42:00,CUST0297,Croissant,2
T1492,2024-07-04 10:46:00,,Chicken Breast,2
T1415,2024-05-13 11:30:00,CUST0191,Fish Fillet,2
T1717,2024-01-06 11:26:00,CUST0383,Salt,2
T1242,2024-08-13 08:04:00,CUST0134,Muffins,2
T1385,2024-02-07 12:49:00,CUST0032,Chicken Breast,2
T1740,2024-05-22 17:56:00,CUST0316,Toothbrush,2
T1224,2024-05-24 12:43:00,CUST0056,Apples,2
T1959,2024-05-23 09:00:00,CUST0123,Coffee,2
T1764,2024-01-01 13:04:00,CUST0027,Chips,2
T1629,2024-07-07 12:51:00,CUST0365,Fish Fillet,2
T1147,2024-03-28 09:31:00,,Tomatoes,2
T2161,2024-09-20 10:19:00,CUST0066,Cheese,2
T1709,2024-02-19 11:02:00,CUST0415,Energy Drink,2
T2408,2024-03-29 13:16:00,CUST0395,Chips,2
T2052,2024-04-21 12:57:00,CUST0175,Apples,2
T2321,2024-02-13 15:04:00,CUST0029,Onions,2
T1732,2024-03-03 21:56:00,CUST0271,Cereal,2
T1989,2024-06-03 19:13:00,CUST0243,Ice Cream,2
T1628,2024-02-13 08:38:00,,Ground Beef,2
T1204,2024-06-11 20:39:00,CUST0114,Baby Wipes,2
T1076,2024-08-20 14:26:00,CUST0374,Jam,2
T1424,,CUST0326,Honey,2
T1382,2024-07-19 15:49:00,CUST0346,Avocado,2
T1001,2024-07-02 21:22:00,CUST0310,Bottled Water,2
T1787,2024-06-21 19:37:00,CUST0133,Soda,2
T1700,,,Orange Juice,2
T1312,2024-05-07 14:49:00,CUST0227,Trash Bags,2
T1708,2024-06-13 09:44:00,CUST0231,Diapers,2
T1039,2024-04-11 09:37:00,CUST0354,Jam,2
T1072,2024-04-29 13:49:00,CUST0076,Lettuce,2
T1510,2024-06-12 10:26:00,CUST0166,Chips,2
T2413,2024-01-30 19:30:00,CUST0257,Tomatoes,2
T1348,2024-04-16 08:11:00,CUST0076,Chicken Breast,2
T1375,2024-02-15 11:30:00,CUST0323,Pasta,2
T1749,2024-01-24 12:28:00,CUST0210,Shampoo,2
T1158,2024-06-18 20:27:00,CUST0055,Shampoo,2
